[debug] [2026-08-20T09:43:58.673Z] ----------------------------------------------------------------------
[debug] [2026-08-20T09:43:58.674Z] Command:       /Users/gabrielfornydesouzamuniz/.nvm/versions/node/v24.12.0/bin/node /Users/gabrielfornydesouzamuniz/.nvm/versions/node/v24.12.0/bin/firebase deploy --only functions --project sensei-manager-d64c0
[debug] [2026-08-20T09:43:58.674Z] CLI Version:   15.17.0
[debug] [2026-08-20T09:43:58.674Z] Platform:      darwin
[debug] [2026-08-20T09:43:58.674Z] Node Version:  v24.12.0
[debug] [2026-08-20T09:43:58.674Z] Time:          Thu Aug 20 2026 06:43:58 GMT-0300 (Brasilia Standard Time)
[debug] [2026-08-20T09:43:58.674Z] ----------------------------------------------------------------------
[debug] 
[debug] [2026-08-20T09:43:59.339Z] > command requires scopes: ["email","openid","https://www.googleapis.com/auth/cloudplatformprojects.readonly","https://www.googleapis.com/auth/firebase","https://www.googleapis.com/auth/cloud-platform"]
[debug] [2026-08-20T09:43:59.339Z] > authorizing via signed-in user (admin@hg2tecnologia.com.br)
[debug] [2026-08-20T09:43:59.339Z] [iam] checking project sensei-manager-d64c0 for permissions ["cloudfunctions.functions.create","cloudfunctions.functions.delete","cloudfunctions.functions.get","cloudfunctions.functions.list","cloudfunctions.functions.update","cloudfunctions.operations.get","firebase.projects.get"]
[debug] [2026-08-20T09:43:59.340Z] Checked if tokens are valid: true, expires at: 1787222614580
[debug] [2026-08-20T09:43:59.340Z] Checked if tokens are valid: true, expires at: 1787222614580
[debug] [2026-08-20T09:43:59.340Z] >>> [apiv2][query] POST https://cloudresourcemanager.googleapis.com/v1/projects/sensei-manager-d64c0:testIamPermissions [none]
[debug] [2026-08-20T09:43:59.340Z] >>> [apiv2][(partial)header] POST https://cloudresourcemanager.googleapis.com/v1/projects/sensei-manager-d64c0:testIamPermissions  x-goog-user-project=sensei-manager-d64c0
[debug] [2026-08-20T09:43:59.340Z] >>> [apiv2][body] POST https://cloudresourcemanager.googleapis.com/v1/projects/sensei-manager-d64c0:testIamPermissions {"permissions":["cloudfunctions.functions.create","cloudfunctions.functions.delete","cloudfunctions.functions.get","cloudfunctions.functions.list","cloudfunctions.functions.update","cloudfunctions.operations.get","firebase.projects.get"]}
[debug] [2026-08-20T09:44:00.342Z] <<< [apiv2][status] POST https://cloudresourcemanager.googleapis.com/v1/projects/sensei-manager-d64c0:testIamPermissions 200
[debug] [2026-08-20T09:44:00.343Z] <<< [apiv2][body] POST https://cloudresourcemanager.googleapis.com/v1/projects/sensei-manager-d64c0:testIamPermissions {"permissions":["cloudfunctions.functions.create","cloudfunctions.functions.delete","cloudfunctions.functions.get","cloudfunctions.functions.list","cloudfunctions.functions.update","cloudfunctions.operations.get","firebase.projects.get"]}
[debug] [2026-08-20T09:44:00.343Z] Checked if tokens are valid: true, expires at: 1787222614580
[debug] [2026-08-20T09:44:00.343Z] Checked if tokens are valid: true, expires at: 1787222614580
[debug] [2026-08-20T09:44:00.343Z] >>> [apiv2][query] POST https://iam.googleapis.com/v1/projects/sensei-manager-d64c0/serviceAccounts/sensei-manager-d64c0@appspot.gserviceaccount.com:testIamPermissions [none]
[debug] [2026-08-20T09:44:00.343Z] >>> [apiv2][body] POST https://iam.googleapis.com/v1/projects/sensei-manager-d64c0/serviceAccounts/sensei-manager-d64c0@appspot.gserviceaccount.com:testIamPermissions {"permissions":["iam.serviceAccounts.actAs"]}
[debug] [2026-08-20T09:44:01.479Z] <<< [apiv2][status] POST https://iam.googleapis.com/v1/projects/sensei-manager-d64c0/serviceAccounts/sensei-manager-d64c0@appspot.gserviceaccount.com:testIamPermissions 200
[debug] [2026-08-20T09:44:01.479Z] <<< [apiv2][body] POST https://iam.googleapis.com/v1/projects/sensei-manager-d64c0/serviceAccounts/sensei-manager-d64c0@appspot.gserviceaccount.com:testIamPermissions {"permissions":["iam.serviceAccounts.actAs"]}
[info] 
[info] === Deploying to 'sensei-manager-d64c0'...
[info] 
[info] i  deploying functions 
[debug] [2026-08-20T09:44:01.482Z] Checked if tokens are valid: true, expires at: 1787222614580
[debug] [2026-08-20T09:44:01.482Z] Checked if tokens are valid: true, expires at: 1787222614580
[debug] [2026-08-20T09:44:01.483Z] >>> [apiv2][query] GET https://cloudresourcemanager.googleapis.com/v1/projects/sensei-manager-d64c0 [none]
[debug] [2026-08-20T09:44:01.712Z] <<< [apiv2][status] GET https://cloudresourcemanager.googleapis.com/v1/projects/sensei-manager-d64c0 200
[debug] [2026-08-20T09:44:01.712Z] <<< [apiv2][body] GET https://cloudresourcemanager.googleapis.com/v1/projects/sensei-manager-d64c0 {"projectNumber":"376094928692","projectId":"sensei-manager-d64c0","lifecycleState":"ACTIVE","name":"Sensei Manager","labels":{"firebase":"enabled","firebase-core":"disabled"},"createTime":"2026-06-29T23:37:24.419Z","parent":{"type":"organization","id":"579356982963"}}
[info] i  functions: preparing codebase default for deployment 
[info] i  functions: ensuring required API cloudfunctions.googleapis.com is enabled... 
[info] i  functions: ensuring required API cloudbuild.googleapis.com is enabled... 
[info] i  artifactregistry: ensuring required API artifactregistry.googleapis.com is enabled... 
[debug] [2026-08-20T09:44:01.715Z] Checked if tokens are valid: true, expires at: 1787222614580
[debug] [2026-08-20T09:44:01.715Z] Checked if tokens are valid: true, expires at: 1787222614580
[debug] [2026-08-20T09:44:01.715Z] >>> [apiv2][query] GET https://firebase.googleapis.com/v1beta1/projects/sensei-manager-d64c0/adminSdkConfig [none]
[debug] [2026-08-20T09:44:02.181Z] <<< [apiv2][status] GET https://firebase.googleapis.com/v1beta1/projects/sensei-manager-d64c0/adminSdkConfig 200
[debug] [2026-08-20T09:44:02.182Z] <<< [apiv2][body] GET https://firebase.googleapis.com/v1beta1/projects/sensei-manager-d64c0/adminSdkConfig {"projectId":"sensei-manager-d64c0","storageBucket":"sensei-manager-d64c0.firebasestorage.app"}
[debug] [2026-08-20T09:44:02.182Z] Checked if tokens are valid: true, expires at: 1787222614580
[debug] [2026-08-20T09:44:02.182Z] Checked if tokens are valid: true, expires at: 1787222614580
[debug] [2026-08-20T09:44:02.182Z] >>> [apiv2][query] GET https://runtimeconfig.googleapis.com/v1beta1/projects/sensei-manager-d64c0/configs [none]
[debug] [2026-08-20T09:44:03.479Z] <<< [apiv2][status] GET https://runtimeconfig.googleapis.com/v1beta1/projects/sensei-manager-d64c0/configs 200
[debug] [2026-08-20T09:44:03.479Z] <<< [apiv2][body] GET https://runtimeconfig.googleapis.com/v1beta1/projects/sensei-manager-d64c0/configs {}
[debug] [2026-08-20T09:44:03.482Z] Validating nodejs source
[warn] ⚠  functions: Runtime Node.js 20 was deprecated on 2026-04-30 and will be decommissioned on 2026-10-30, after which you will not be able to deploy without upgrading. Consider upgrading now to avoid disruption. See https://cloud.google.com/functions/docs/runtime-support for full details on the lifecycle policy 
[warn] ⚠  functions: package.json indicates an outdated version of firebase-functions. Please upgrade using npm install --save firebase-functions@latest in your functions directory. 
[warn] ⚠  functions: Please note that there will be breaking changes when you upgrade. 
[debug] [2026-08-20T09:44:04.252Z] > [functions] package.json contents: {
  "name": "academia-fight-functions",
  "description": "Cloud Functions — Academia Fight",
  "scripts": {
    "serve": "firebase emulators:start --only functions",
    "deploy": "firebase deploy --only functions",
    "logs": "firebase functions:log"
  },
  "engines": {
    "node": "20"
  },
  "main": "index.js",
  "dependencies": {
    "firebase-admin": "^12.0.0",
    "firebase-functions": "^6.0.0",
    "axios": "^1.7.0"
  }
}
[debug] [2026-08-20T09:44:04.252Z] Building nodejs source
[info] i  functions: Loading and analyzing source code for codebase default to determine what to deploy 
[debug] [2026-08-20T09:44:04.253Z] Could not find functions.yaml. Must use http discovery
[debug] [2026-08-20T09:44:04.256Z] Found firebase-functions binary at '/Users/gabrielfornydesouzamuniz/Documents/projetos/gestao-academia-luta/functions/node_modules/.bin/firebase-functions'
[info] Serving at port 8456

[debug] [2026-08-20T09:44:04.536Z] Got response from /__/functions.yaml {"endpoints":{"criarSubcontaAcademia":{"availableMemoryMb":null,"timeoutSeconds":null,"minInstances":null,"maxInstances":null,"ingressSettings":null,"concurrency":null,"serviceAccountEmail":null,"vpc":null,"platform":"gcfv2","region":["us-central1"],"secretEnvironmentVariables":[{"key":"ASAAS_API_KEY"}],"labels":{},"callableTrigger":{},"entryPoint":"criarSubcontaAcademia"},"verificarStatusAsaas":{"availableMemoryMb":null,"timeoutSeconds":null,"minInstances":null,"maxInstances":null,"ingressSettings":null,"concurrency":null,"serviceAccountEmail":null,"vpc":null,"platform":"gcfv2","region":["us-central1"],"secretEnvironmentVariables":[{"key":"ASAAS_API_KEY"}],"labels":{},"callableTrigger":{},"entryPoint":"verificarStatusAsaas"},"criarCobrancaPix":{"availableMemoryMb":null,"timeoutSeconds":null,"minInstances":null,"maxInstances":null,"ingressSettings":null,"concurrency":null,"serviceAccountEmail":null,"vpc":null,"platform":"gcfv2","region":["us-central1"],"secretEnvironmentVariables":[{"key":"ASAAS_API_KEY"}],"labels":{},"callableTrigger":{},"entryPoint":"criarCobrancaPix"},"webhookAsaas":{"availableMemoryMb":null,"timeoutSeconds":null,"minInstances":null,"maxInstances":null,"ingressSettings":null,"concurrency":null,"serviceAccountEmail":null,"vpc":null,"platform":"gcfv2","region":["us-central1"],"secretEnvironmentVariables":[{"key":"ASAAS_WEBHOOK_TOKEN"}],"labels":{},"httpsTrigger":{},"entryPoint":"webhookAsaas"}},"specVersion":"v1alpha1","requiredAPIs":[],"extensions":{},"params":[{"type":"secret","name":"ASAAS_API_KEY"},{"type":"secret","name":"ASAAS_WEBHOOK_TOKEN"}]}
[info] i  extensions: ensuring required API firebaseextensions.googleapis.com is enabled... 
[debug] [2026-08-20T09:44:08.558Z] > command requires scopes: ["email","openid","https://www.googleapis.com/auth/cloudplatformprojects.readonly","https://www.googleapis.com/auth/firebase","https://www.googleapis.com/auth/cloud-platform"]
[debug] [2026-08-20T09:44:08.559Z] > authorizing via signed-in user (admin@hg2tecnologia.com.br)
[debug] [2026-08-20T09:44:08.559Z] [iam] checking project sensei-manager-d64c0 for permissions ["firebase.projects.get","firebaseextensions.instances.list"]
[debug] [2026-08-20T09:44:08.559Z] Checked if tokens are valid: true, expires at: 1787222614580
[debug] [2026-08-20T09:44:08.559Z] Checked if tokens are valid: true, expires at: 1787222614580
[debug] [2026-08-20T09:44:08.559Z] >>> [apiv2][query] POST https://cloudresourcemanager.googleapis.com/v1/projects/sensei-manager-d64c0:testIamPermissions [none]
[debug] [2026-08-20T09:44:08.559Z] >>> [apiv2][(partial)header] POST https://cloudresourcemanager.googleapis.com/v1/projects/sensei-manager-d64c0:testIamPermissions  x-goog-user-project=sensei-manager-d64c0
[debug] [2026-08-20T09:44:08.559Z] >>> [apiv2][body] POST https://cloudresourcemanager.googleapis.com/v1/projects/sensei-manager-d64c0:testIamPermissions {"permissions":["firebase.projects.get","firebaseextensions.instances.list"]}
[debug] [2026-08-20T09:44:09.468Z] <<< [apiv2][status] POST https://cloudresourcemanager.googleapis.com/v1/projects/sensei-manager-d64c0:testIamPermissions 200
[debug] [2026-08-20T09:44:09.469Z] <<< [apiv2][body] POST https://cloudresourcemanager.googleapis.com/v1/projects/sensei-manager-d64c0:testIamPermissions {"permissions":["firebase.projects.get","firebaseextensions.instances.list"]}
[debug] [2026-08-20T09:44:09.469Z] Checked if tokens are valid: true, expires at: 1787222614580
[debug] [2026-08-20T09:44:09.469Z] Checked if tokens are valid: true, expires at: 1787222614580
[debug] [2026-08-20T09:44:09.470Z] >>> [apiv2][query] GET https://firebaseextensions.googleapis.com/v1beta/projects/sensei-manager-d64c0/instances pageSize=100&pageToken=
[debug] [2026-08-20T09:44:10.679Z] <<< [apiv2][status] GET https://firebaseextensions.googleapis.com/v1beta/projects/sensei-manager-d64c0/instances 200
[debug] [2026-08-20T09:44:10.679Z] <<< [apiv2][body] GET https://firebaseextensions.googleapis.com/v1beta/projects/sensei-manager-d64c0/instances {}
[debug] [2026-08-20T09:44:10.680Z] Checked if tokens are valid: true, expires at: 1787222614580
[debug] [2026-08-20T09:44:10.680Z] Checked if tokens are valid: true, expires at: 1787222614580
[debug] [2026-08-20T09:44:10.680Z] >>> [apiv2][query] GET https://secretmanager.googleapis.com/v1/projects/sensei-manager-d64c0/secrets/ASAAS_API_KEY [none]
[debug] [2026-08-20T09:44:11.359Z] <<< [apiv2][status] GET https://secretmanager.googleapis.com/v1/projects/sensei-manager-d64c0/secrets/ASAAS_API_KEY 200
[debug] [2026-08-20T09:44:11.359Z] <<< [apiv2][body] GET https://secretmanager.googleapis.com/v1/projects/sensei-manager-d64c0/secrets/ASAAS_API_KEY {"name":"projects/376094928692/secrets/ASAAS_API_KEY","replication":{"automatic":{}},"createTime":"2026-08-17T18:00:38.759612Z","labels":{"firebase-managed":"functions"},"etag":"\"165941f2ac198c\""}
[debug] [2026-08-20T09:44:11.359Z] Checked if tokens are valid: true, expires at: 1787222614580
[debug] [2026-08-20T09:44:11.359Z] Checked if tokens are valid: true, expires at: 1787222614580
[debug] [2026-08-20T09:44:11.359Z] >>> [apiv2][query] GET https://secretmanager.googleapis.com/v1/projects/sensei-manager-d64c0/secrets/ASAAS_API_KEY/versions/latest [none]
[debug] [2026-08-20T09:44:11.654Z] <<< [apiv2][status] GET https://secretmanager.googleapis.com/v1/projects/sensei-manager-d64c0/secrets/ASAAS_API_KEY/versions/latest 200
[debug] [2026-08-20T09:44:11.654Z] <<< [apiv2][body] GET https://secretmanager.googleapis.com/v1/projects/sensei-manager-d64c0/secrets/ASAAS_API_KEY/versions/latest {"name":"projects/376094928692/secrets/ASAAS_API_KEY/versions/1","createTime":"2026-08-17T18:00:41.518043Z","state":"ENABLED","replicationStatus":{"automatic":{}},"etag":"\"165941f2cccbdb\""}
[debug] [2026-08-20T09:44:11.655Z] Checked if tokens are valid: true, expires at: 1787222614580
[debug] [2026-08-20T09:44:11.655Z] Checked if tokens are valid: true, expires at: 1787222614580
[debug] [2026-08-20T09:44:11.655Z] >>> [apiv2][query] GET https://secretmanager.googleapis.com/v1/projects/sensei-manager-d64c0/secrets/ASAAS_WEBHOOK_TOKEN [none]
[debug] [2026-08-20T09:44:11.845Z] <<< [apiv2][status] GET https://secretmanager.googleapis.com/v1/projects/sensei-manager-d64c0/secrets/ASAAS_WEBHOOK_TOKEN 200
[debug] [2026-08-20T09:44:11.845Z] <<< [apiv2][body] GET https://secretmanager.googleapis.com/v1/projects/sensei-manager-d64c0/secrets/ASAAS_WEBHOOK_TOKEN {"name":"projects/376094928692/secrets/ASAAS_WEBHOOK_TOKEN","replication":{"automatic":{}},"createTime":"2026-08-17T18:03:09.809550Z","labels":{"firebase-managed":"functions"},"etag":"\"165941fbb57663\""}
[debug] [2026-08-20T09:44:11.846Z] Checked if tokens are valid: true, expires at: 1787222614580
[debug] [2026-08-20T09:44:11.846Z] Checked if tokens are valid: true, expires at: 1787222614580
[debug] [2026-08-20T09:44:11.846Z] >>> [apiv2][query] GET https://secretmanager.googleapis.com/v1/projects/sensei-manager-d64c0/secrets/ASAAS_WEBHOOK_TOKEN/versions/latest [none]
[debug] [2026-08-20T09:44:12.209Z] <<< [apiv2][status] GET https://secretmanager.googleapis.com/v1/projects/sensei-manager-d64c0/secrets/ASAAS_WEBHOOK_TOKEN/versions/latest 200
[debug] [2026-08-20T09:44:12.209Z] <<< [apiv2][body] GET https://secretmanager.googleapis.com/v1/projects/sensei-manager-d64c0/secrets/ASAAS_WEBHOOK_TOKEN/versions/latest {"name":"projects/376094928692/secrets/ASAAS_WEBHOOK_TOKEN/versions/1","createTime":"2026-08-17T18:03:13.039364Z","state":"ENABLED","replicationStatus":{"automatic":{}},"etag":"\"165941fbd4d404\""}
[info] i  functions: preparing functions directory for uploading... 
[info] i  functions: packaged /Users/gabrielfornydesouzamuniz/Documents/projetos/gestao-academia-luta/functions (33.22 KB) for uploading 
[debug] [2026-08-20T09:44:12.235Z] Checked if tokens are valid: true, expires at: 1787222614580
[debug] [2026-08-20T09:44:12.235Z] Checked if tokens are valid: true, expires at: 1787222614580
[debug] [2026-08-20T09:44:12.235Z] >>> [apiv2][query] GET https://cloudfunctions.googleapis.com/v1/projects/sensei-manager-d64c0/locations/-/functions [none]
[debug] [2026-08-20T09:44:13.563Z] <<< [apiv2][status] GET https://cloudfunctions.googleapis.com/v1/projects/sensei-manager-d64c0/locations/-/functions 200
[debug] [2026-08-20T09:44:13.563Z] <<< [apiv2][body] GET https://cloudfunctions.googleapis.com/v1/projects/sensei-manager-d64c0/locations/-/functions {}
[debug] [2026-08-20T09:44:13.564Z] Checked if tokens are valid: true, expires at: 1787222614580
[debug] [2026-08-20T09:44:13.564Z] Checked if tokens are valid: true, expires at: 1787222614580
[debug] [2026-08-20T09:44:13.564Z] >>> [apiv2][query] GET https://cloudfunctions.googleapis.com/v2/projects/sensei-manager-d64c0/locations/-/functions filter=environment%3D%22GEN_2%22
[debug] [2026-08-20T09:44:15.078Z] <<< [apiv2][status] GET https://cloudfunctions.googleapis.com/v2/projects/sensei-manager-d64c0/locations/-/functions 200
[debug] [2026-08-20T09:44:15.078Z] <<< [apiv2][body] GET https://cloudfunctions.googleapis.com/v2/projects/sensei-manager-d64c0/locations/-/functions {"functions":[{"name":"projects/sensei-manager-d64c0/locations/us-central1/functions/criarCobrancaPix","buildConfig":{"build":"projects/376094928692/locations/us-central1/builds/97d52a13-8d83-46b5-a02b-8ba822241b5a","runtime":"nodejs20","entryPoint":"criarCobrancaPix","source":{"storageSource":{"bucket":"gcf-v2-sources-376094928692-us-central1","object":"criarCobrancaPix/function-source.zip","generation":"1786989867112722"}},"environmentVariables":{"GOOGLE_NODE_RUN_SCRIPTS":""},"dockerRepository":"projects/sensei-manager-d64c0/locations/us-central1/repositories/gcf-artifacts","sourceProvenance":{"resolvedStorageSource":{"bucket":"gcf-v2-sources-376094928692-us-central1","object":"criarCobrancaPix/function-source.zip","generation":"1786989867112722"}},"dockerRegistry":"ARTIFACT_REGISTRY","serviceAccount":"projects/sensei-manager-d64c0/serviceAccounts/376094928692-compute@developer.gserviceaccount.com","automaticUpdatePolicy":{}},"state":"UNKNOWN","updateTime":"2026-08-18T01:27:47.681906972Z","labels":{"deployment-callable":"true","firebase-functions-hash":"bbc2f0e50f837243b6332780cdd9814ce9042c3a","deployment-tool":"cli-firebase"},"stateMessages":[{"severity":"ERROR","type":"CloudRunServiceNotFound","message":"Cloud Run service projects/sensei-manager-d64c0/locations/us-central1/services/criarcobrancapix for the function was not found. The function will not work correctly. Please redeploy."}],"environment":"GEN_2","url":"https://us-central1-sensei-manager-d64c0.cloudfunctions.net/criarCobrancaPix","createTime":"2026-08-17T18:04:27.402560277Z","satisfiesPzi":true},{"name":"projects/sensei-manager-d64c0/locations/us-central1/functions/webhookAsaas","buildConfig":{"build":"projects/376094928692/locations/us-central1/builds/691dba1a-882b-4562-9859-c6ee0ea4d2ba","runtime":"nodejs20","entryPoint":"webhookAsaas","source":{"storageSource":{"bucket":"gcf-v2-sources-376094928692-us-central1","object":"webhookAsaas/function-source.zip","generation":"1786989867148965"}},"environmentVariables":{"GOOGLE_NODE_RUN_SCRIPTS":""},"dockerRepository":"projects/sensei-manager-d64c0/locations/us-central1/repositories/gcf-artifacts","sourceProvenance":{"resolvedStorageSource":{"bucket":"gcf-v2-sources-376094928692-us-central1","object":"webhookAsaas/function-source.zip","generation":"1786989867148965"}},"dockerRegistry":"ARTIFACT_REGISTRY","serviceAccount":"projects/sensei-manager-d64c0/serviceAccounts/376094928692-compute@developer.gserviceaccount.com","automaticUpdatePolicy":{}},"state":"UNKNOWN","updateTime":"2026-08-18T01:27:45.875736633Z","labels":{"firebase-functions-hash":"57636b5a224fd2a5e0f1d825b2658881cd8fdb30","deployment-tool":"cli-firebase"},"stateMessages":[{"severity":"ERROR","type":"CloudRunServiceNotFound","message":"Cloud Run service projects/sensei-manager-d64c0/locations/us-central1/services/webhookasaas for the function was not found. The function will not work correctly. Please redeploy."}],"environment":"GEN_2","url":"https://us-central1-sensei-manager-d64c0.cloudfunctions.net/webhookAsaas","createTime":"2026-08-17T18:04:27.406757765Z","satisfiesPzi":true},{"name":"projects/sensei-manager-d64c0/locations/us-central1/functions/verificarStatusAsaas","buildConfig":{"build":"projects/376094928692/locations/us-central1/builds/96a308cc-217d-4bec-99f4-be350696abf6","runtime":"nodejs20","entryPoint":"verificarStatusAsaas","source":{"storageSource":{"bucket":"gcf-v2-sources-376094928692-us-central1","object":"verificarStatusAsaas/function-source.zip","generation":"1786989866286603"}},"environmentVariables":{"GOOGLE_NODE_RUN_SCRIPTS":""},"dockerRepository":"projects/sensei-manager-d64c0/locations/us-central1/repositories/gcf-artifacts","sourceProvenance":{"resolvedStorageSource":{"bucket":"gcf-v2-sources-376094928692-us-central1","object":"verificarStatusAsaas/function-source.zip","generation":"1786989866286603"}},"dockerRegistry":"ARTIFACT_REGISTRY","serviceAccount":"projects/sensei-manager-d64c0/serviceAccounts/376094928692-compute@developer.gserviceaccount.com","automaticUpdatePolicy":{}},"state":"UNKNOWN","updateTime":"2026-08-18T01:27:54.581742775Z","labels":{"firebase-functions-hash":"bbc2f0e50f837243b6332780cdd9814ce9042c3a","deployment-tool":"cli-firebase","deployment-callable":"true"},"stateMessages":[{"severity":"ERROR","type":"CloudRunServiceNotFound","message":"Cloud Run service projects/sensei-manager-d64c0/locations/us-central1/services/verificarstatusasaas for the function was not found. The function will not work correctly. Please redeploy."}],"environment":"GEN_2","url":"https://us-central1-sensei-manager-d64c0.cloudfunctions.net/verificarStatusAsaas","createTime":"2026-08-17T18:04:26.586276555Z","satisfiesPzi":true},{"name":"projects/sensei-manager-d64c0/locations/us-central1/functions/criarSubcontaAcademia","buildConfig":{"build":"projects/376094928692/locations/us-central1/builds/e875dd53-1f37-4c39-9487-14841301b8f0","runtime":"nodejs20","entryPoint":"criarSubcontaAcademia","source":{"storageSource":{"bucket":"gcf-v2-sources-376094928692-us-central1","object":"criarSubcontaAcademia/function-source.zip","generation":"1786989821676536"}},"environmentVariables":{"GOOGLE_NODE_RUN_SCRIPTS":""},"dockerRepository":"projects/sensei-manager-d64c0/locations/us-central1/repositories/gcf-artifacts","sourceProvenance":{"resolvedStorageSource":{"bucket":"gcf-v2-sources-376094928692-us-central1","object":"criarSubcontaAcademia/function-source.zip","generation":"1786989821676536"}},"dockerRegistry":"ARTIFACT_REGISTRY","serviceAccount":"projects/sensei-manager-d64c0/serviceAccounts/376094928692-compute@developer.gserviceaccount.com","automaticUpdatePolicy":{}},"state":"UNKNOWN","updateTime":"2026-08-18T01:27:09.134076813Z","labels":{"deployment-tool":"cli-firebase","deployment-callable":"true","firebase-functions-hash":"bbc2f0e50f837243b6332780cdd9814ce9042c3a"},"stateMessages":[{"severity":"ERROR","type":"CloudRunServiceNotFound","message":"Cloud Run service projects/sensei-manager-d64c0/locations/us-central1/services/criarsubcontaacademia for the function was not found. The function will not work correctly. Please redeploy."}],"environment":"GEN_2","url":"https://us-central1-sensei-manager-d64c0.cloudfunctions.net/criarSubcontaAcademia","createTime":"2026-08-17T18:03:42.047846098Z","satisfiesPzi":true}]}
[info] i  functions: ensuring required API run.googleapis.com is enabled... 
[info] i  functions: ensuring required API eventarc.googleapis.com is enabled... 
[info] i  functions: ensuring required API pubsub.googleapis.com is enabled... 
[info] i  functions: ensuring required API storage.googleapis.com is enabled... 
[info] i  functions: generating the service identity for pubsub.googleapis.com... 
[debug] [2026-08-20T09:44:15.082Z] Checked if tokens are valid: true, expires at: 1787222614580
[debug] [2026-08-20T09:44:15.082Z] Checked if tokens are valid: true, expires at: 1787222614580
[info] i  functions: generating the service identity for eventarc.googleapis.com... 
[debug] [2026-08-20T09:44:15.082Z] Checked if tokens are valid: true, expires at: 1787222614580
[debug] [2026-08-20T09:44:15.082Z] Checked if tokens are valid: true, expires at: 1787222614580
[debug] [2026-08-20T09:44:15.083Z] >>> [apiv2][query] POST https://serviceusage.googleapis.com/v1beta1/projects/376094928692/services/pubsub.googleapis.com:generateServiceIdentity [none]
[debug] [2026-08-20T09:44:15.083Z] >>> [apiv2][(partial)header] POST https://serviceusage.googleapis.com/v1beta1/projects/376094928692/services/pubsub.googleapis.com:generateServiceIdentity  x-goog-user-project=376094928692
[debug] [2026-08-20T09:44:15.083Z] >>> [apiv2][body] POST https://serviceusage.googleapis.com/v1beta1/projects/376094928692/services/pubsub.googleapis.com:generateServiceIdentity {}
[debug] [2026-08-20T09:44:15.084Z] >>> [apiv2][query] POST https://serviceusage.googleapis.com/v1beta1/projects/376094928692/services/eventarc.googleapis.com:generateServiceIdentity [none]
[debug] [2026-08-20T09:44:15.084Z] >>> [apiv2][(partial)header] POST https://serviceusage.googleapis.com/v1beta1/projects/376094928692/services/eventarc.googleapis.com:generateServiceIdentity  x-goog-user-project=376094928692
[debug] [2026-08-20T09:44:15.084Z] >>> [apiv2][body] POST https://serviceusage.googleapis.com/v1beta1/projects/376094928692/services/eventarc.googleapis.com:generateServiceIdentity {}
[debug] [2026-08-20T09:44:16.324Z] <<< [apiv2][status] POST https://serviceusage.googleapis.com/v1beta1/projects/376094928692/services/pubsub.googleapis.com:generateServiceIdentity 200
[debug] [2026-08-20T09:44:16.325Z] <<< [apiv2][body] POST https://serviceusage.googleapis.com/v1beta1/projects/376094928692/services/pubsub.googleapis.com:generateServiceIdentity {"name":"operations/finished.DONE_OPERATION","done":true,"response":{"@type":"type.googleapis.com/google.api.serviceusage.v1beta1.ServiceIdentity","email":"service-376094928692@gcp-sa-pubsub.iam.gserviceaccount.com","uniqueId":"103497173914367201452"}}
[debug] [2026-08-20T09:44:16.392Z] <<< [apiv2][status] POST https://serviceusage.googleapis.com/v1beta1/projects/376094928692/services/eventarc.googleapis.com:generateServiceIdentity 200
[debug] [2026-08-20T09:44:16.392Z] <<< [apiv2][body] POST https://serviceusage.googleapis.com/v1beta1/projects/376094928692/services/eventarc.googleapis.com:generateServiceIdentity {"name":"operations/finished.DONE_OPERATION","done":true,"response":{"@type":"type.googleapis.com/google.api.serviceusage.v1beta1.ServiceIdentity","email":"service-376094928692@gcp-sa-eventarc.iam.gserviceaccount.com","uniqueId":"111841847472487765268"}}
[info] i  functions: ensuring required API secretmanager.googleapis.com is enabled... 
[debug] [2026-08-20T09:44:16.394Z] Checked if tokens are valid: true, expires at: 1787222614580
[debug] [2026-08-20T09:44:16.394Z] Checked if tokens are valid: true, expires at: 1787222614580
[debug] [2026-08-20T09:44:16.395Z] Checked if tokens are valid: true, expires at: 1787222614580
[debug] [2026-08-20T09:44:16.395Z] Checked if tokens are valid: true, expires at: 1787222614580
[debug] [2026-08-20T09:44:16.395Z] >>> [apiv2][query] GET https://secretmanager.googleapis.com/v1/projects/sensei-manager-d64c0/secrets/ASAAS_API_KEY/versions/latest [none]
[debug] [2026-08-20T09:44:16.395Z] >>> [apiv2][query] GET https://secretmanager.googleapis.com/v1/projects/sensei-manager-d64c0/secrets/ASAAS_WEBHOOK_TOKEN/versions/latest [none]
[debug] [2026-08-20T09:44:16.681Z] <<< [apiv2][status] GET https://secretmanager.googleapis.com/v1/projects/sensei-manager-d64c0/secrets/ASAAS_API_KEY/versions/latest 200
[debug] [2026-08-20T09:44:16.681Z] <<< [apiv2][body] GET https://secretmanager.googleapis.com/v1/projects/sensei-manager-d64c0/secrets/ASAAS_API_KEY/versions/latest {"name":"projects/376094928692/secrets/ASAAS_API_KEY/versions/1","createTime":"2026-08-17T18:00:41.518043Z","state":"ENABLED","replicationStatus":{"automatic":{}},"etag":"\"165941f2cccbdb\""}
[debug] [2026-08-20T09:44:16.681Z] Resolved secret version of ASAAS_API_KEY to 1.
[debug] [2026-08-20T09:44:17.022Z] <<< [apiv2][status] GET https://secretmanager.googleapis.com/v1/projects/sensei-manager-d64c0/secrets/ASAAS_WEBHOOK_TOKEN/versions/latest 200
[debug] [2026-08-20T09:44:17.023Z] <<< [apiv2][body] GET https://secretmanager.googleapis.com/v1/projects/sensei-manager-d64c0/secrets/ASAAS_WEBHOOK_TOKEN/versions/latest {"name":"projects/376094928692/secrets/ASAAS_WEBHOOK_TOKEN/versions/1","createTime":"2026-08-17T18:03:13.039364Z","state":"ENABLED","replicationStatus":{"automatic":{}},"etag":"\"165941fbd4d404\""}
[debug] [2026-08-20T09:44:17.023Z] Resolved secret version of ASAAS_WEBHOOK_TOKEN to 1.
[debug] [2026-08-20T09:44:17.024Z] Checked if tokens are valid: true, expires at: 1787222614580
[debug] [2026-08-20T09:44:17.024Z] Checked if tokens are valid: true, expires at: 1787222614580
[debug] [2026-08-20T09:44:17.024Z] >>> [apiv2][query] GET https://cloudresourcemanager.googleapis.com/v1/projects/sensei-manager-d64c0 [none]
[debug] [2026-08-20T09:44:17.954Z] <<< [apiv2][status] GET https://cloudresourcemanager.googleapis.com/v1/projects/sensei-manager-d64c0 200
[debug] [2026-08-20T09:44:17.954Z] <<< [apiv2][body] GET https://cloudresourcemanager.googleapis.com/v1/projects/sensei-manager-d64c0 {"projectNumber":"376094928692","projectId":"sensei-manager-d64c0","lifecycleState":"ACTIVE","name":"Sensei Manager","labels":{"firebase":"enabled","firebase-core":"disabled"},"createTime":"2026-06-29T23:37:24.419Z","parent":{"type":"organization","id":"579356982963"}}
[debug] [2026-08-20T09:44:17.955Z] Checked if tokens are valid: true, expires at: 1787222614580
[debug] [2026-08-20T09:44:17.955Z] Checked if tokens are valid: true, expires at: 1787222614580
[debug] [2026-08-20T09:44:17.955Z] >>> [apiv2][query] GET https://compute.googleapis.com/compute/v1/projects/376094928692 [none]
[debug] [2026-08-20T09:44:18.458Z] <<< [apiv2][status] GET https://compute.googleapis.com/compute/v1/projects/376094928692 403
[debug] [2026-08-20T09:44:18.458Z] <<< [apiv2][body] GET https://compute.googleapis.com/compute/v1/projects/376094928692 {"error":{"code":403,"message":"Compute Engine API has not been used in project 376094928692 before or it is disabled. Enable it by visiting https://console.developers.google.com/apis/api/compute.googleapis.com/overview?project=376094928692 then retry. If you enabled this API recently, wait a few minutes for the action to propagate to our systems and retry.","errors":[{"message":"Compute Engine API has not been used in project 376094928692 before or it is disabled. Enable it by visiting https://console.developers.google.com/apis/api/compute.googleapis.com/overview?project=376094928692 then retry. If you enabled this API recently, wait a few minutes for the action to propagate to our systems and retry.","domain":"usageLimits","reason":"accessNotConfigured","extendedHelp":"https://console.developers.google.com"}],"status":"PERMISSION_DENIED","details":[{"@type":"type.googleapis.com/google.rpc.ErrorInfo","reason":"SERVICE_DISABLED","domain":"googleapis.com","metadata":{"containerInfo":"376094928692","activationUrl":"https://console.developers.google.com/apis/api/compute.googleapis.com/overview?project=376094928692","serviceTitle":"Compute Engine API","service":"compute.googleapis.com","consumer":"projects/376094928692"}},{"@type":"type.googleapis.com/google.rpc.LocalizedMessage","locale":"en-US","message":"Compute Engine API has not been used in project 376094928692 before or it is disabled. Enable it by visiting https://console.developers.google.com/apis/api/compute.googleapis.com/overview?project=376094928692 then retry. If you enabled this API recently, wait a few minutes for the action to propagate to our systems and retry."},{"@type":"type.googleapis.com/google.rpc.Help","links":[{"description":"Google developers console API activation","url":"https://console.developers.google.com/apis/api/compute.googleapis.com/overview?project=376094928692"}]}]}}
[debug] [2026-08-20T09:44:18.459Z] unable to look up default compute service account. Falling back to 376094928692-compute@developer.gserviceaccount.com. Error: {"name":"FirebaseError","children":[],"context":{"body":{"error":{"code":403,"message":"Compute Engine API has not been used in project 376094928692 before or it is disabled. Enable it by visiting https://console.developers.google.com/apis/api/compute.googleapis.com/overview?project=376094928692 then retry. If you enabled this API recently, wait a few minutes for the action to propagate to our systems and retry.","errors":[{"message":"Compute Engine API has not been used in project 376094928692 before or it is disabled. Enable it by visiting https://console.developers.google.com/apis/api/compute.googleapis.com/overview?project=376094928692 then retry. If you enabled this API recently, wait a few minutes for the action to propagate to our systems and retry.","domain":"usageLimits","reason":"accessNotConfigured","extendedHelp":"https://console.developers.google.com"}],"status":"PERMISSION_DENIED","details":[{"@type":"type.googleapis.com/google.rpc.ErrorInfo","reason":"SERVICE_DISABLED","domain":"googleapis.com","metadata":{"containerInfo":"376094928692","activationUrl":"https://console.developers.google.com/apis/api/compute.googleapis.com/overview?project=376094928692","serviceTitle":"Compute Engine API","service":"compute.googleapis.com","consumer":"projects/376094928692"}},{"@type":"type.googleapis.com/google.rpc.LocalizedMessage","locale":"en-US","message":"Compute Engine API has not been used in project 376094928692 before or it is disabled. Enable it by visiting https://console.developers.google.com/apis/api/compute.googleapis.com/overview?project=376094928692 then retry. If you enabled this API recently, wait a few minutes for the action to propagate to our systems and retry."},{"@type":"type.googleapis.com/google.rpc.Help","links":[{"description":"Google developers console API activation","url":"https://console.developers.google.com/apis/api/compute.googleapis.com/overview?project=376094928692"}]}]}},"response":{"statusCode":403}},"exit":1,"message":"Request to https://compute.googleapis.com/compute/v1/projects/376094928692 had HTTP Error: 403, Compute Engine API has not been used in project 376094928692 before or it is disabled. Enable it by visiting https://console.developers.google.com/apis/api/compute.googleapis.com/overview?project=376094928692 then retry. If you enabled this API recently, wait a few minutes for the action to propagate to our systems and retry.","status":403}
[debug] [2026-08-20T09:44:18.459Z] Checked if tokens are valid: true, expires at: 1787222614580
[debug] [2026-08-20T09:44:18.459Z] Checked if tokens are valid: true, expires at: 1787222614580
[debug] [2026-08-20T09:44:18.459Z] >>> [apiv2][query] GET https://compute.googleapis.com/compute/v1/projects/376094928692 [none]
[debug] [2026-08-20T09:44:18.841Z] <<< [apiv2][status] GET https://compute.googleapis.com/compute/v1/projects/376094928692 403
[debug] [2026-08-20T09:44:18.841Z] <<< [apiv2][body] GET https://compute.googleapis.com/compute/v1/projects/376094928692 {"error":{"code":403,"message":"Compute Engine API has not been used in project 376094928692 before or it is disabled. Enable it by visiting https://console.developers.google.com/apis/api/compute.googleapis.com/overview?project=376094928692 then retry. If you enabled this API recently, wait a few minutes for the action to propagate to our systems and retry.","errors":[{"message":"Compute Engine API has not been used in project 376094928692 before or it is disabled. Enable it by visiting https://console.developers.google.com/apis/api/compute.googleapis.com/overview?project=376094928692 then retry. If you enabled this API recently, wait a few minutes for the action to propagate to our systems and retry.","domain":"usageLimits","reason":"accessNotConfigured","extendedHelp":"https://console.developers.google.com"}],"status":"PERMISSION_DENIED","details":[{"@type":"type.googleapis.com/google.rpc.ErrorInfo","reason":"SERVICE_DISABLED","domain":"googleapis.com","metadata":{"activationUrl":"https://console.developers.google.com/apis/api/compute.googleapis.com/overview?project=376094928692","consumer":"projects/376094928692","containerInfo":"376094928692","service":"compute.googleapis.com","serviceTitle":"Compute Engine API"}},{"@type":"type.googleapis.com/google.rpc.LocalizedMessage","locale":"en-US","message":"Compute Engine API has not been used in project 376094928692 before or it is disabled. Enable it by visiting https://console.developers.google.com/apis/api/compute.googleapis.com/overview?project=376094928692 then retry. If you enabled this API recently, wait a few minutes for the action to propagate to our systems and retry."},{"@type":"type.googleapis.com/google.rpc.Help","links":[{"description":"Google developers console API activation","url":"https://console.developers.google.com/apis/api/compute.googleapis.com/overview?project=376094928692"}]}]}}
[debug] [2026-08-20T09:44:18.842Z] unable to look up default compute service account. Falling back to 376094928692-compute@developer.gserviceaccount.com. Error: {"name":"FirebaseError","children":[],"context":{"body":{"error":{"code":403,"message":"Compute Engine API has not been used in project 376094928692 before or it is disabled. Enable it by visiting https://console.developers.google.com/apis/api/compute.googleapis.com/overview?project=376094928692 then retry. If you enabled this API recently, wait a few minutes for the action to propagate to our systems and retry.","errors":[{"message":"Compute Engine API has not been used in project 376094928692 before or it is disabled. Enable it by visiting https://console.developers.google.com/apis/api/compute.googleapis.com/overview?project=376094928692 then retry. If you enabled this API recently, wait a few minutes for the action to propagate to our systems and retry.","domain":"usageLimits","reason":"accessNotConfigured","extendedHelp":"https://console.developers.google.com"}],"status":"PERMISSION_DENIED","details":[{"@type":"type.googleapis.com/google.rpc.ErrorInfo","reason":"SERVICE_DISABLED","domain":"googleapis.com","metadata":{"activationUrl":"https://console.developers.google.com/apis/api/compute.googleapis.com/overview?project=376094928692","consumer":"projects/376094928692","containerInfo":"376094928692","service":"compute.googleapis.com","serviceTitle":"Compute Engine API"}},{"@type":"type.googleapis.com/google.rpc.LocalizedMessage","locale":"en-US","message":"Compute Engine API has not been used in project 376094928692 before or it is disabled. Enable it by visiting https://console.developers.google.com/apis/api/compute.googleapis.com/overview?project=376094928692 then retry. If you enabled this API recently, wait a few minutes for the action to propagate to our systems and retry."},{"@type":"type.googleapis.com/google.rpc.Help","links":[{"description":"Google developers console API activation","url":"https://console.developers.google.com/apis/api/compute.googleapis.com/overview?project=376094928692"}]}]}},"response":{"statusCode":403}},"exit":1,"message":"Request to https://compute.googleapis.com/compute/v1/projects/376094928692 had HTTP Error: 403, Compute Engine API has not been used in project 376094928692 before or it is disabled. Enable it by visiting https://console.developers.google.com/apis/api/compute.googleapis.com/overview?project=376094928692 then retry. If you enabled this API recently, wait a few minutes for the action to propagate to our systems and retry.","status":403}
[debug] [2026-08-20T09:44:18.842Z] Checked if tokens are valid: true, expires at: 1787222614580
[debug] [2026-08-20T09:44:18.842Z] Checked if tokens are valid: true, expires at: 1787222614580
[debug] [2026-08-20T09:44:18.842Z] >>> [apiv2][query] GET https://compute.googleapis.com/compute/v1/projects/376094928692 [none]
[debug] [2026-08-20T09:44:19.157Z] <<< [apiv2][status] GET https://compute.googleapis.com/compute/v1/projects/376094928692 403
[debug] [2026-08-20T09:44:19.157Z] <<< [apiv2][body] GET https://compute.googleapis.com/compute/v1/projects/376094928692 {"error":{"code":403,"message":"Compute Engine API has not been used in project 376094928692 before or it is disabled. Enable it by visiting https://console.developers.google.com/apis/api/compute.googleapis.com/overview?project=376094928692 then retry. If you enabled this API recently, wait a few minutes for the action to propagate to our systems and retry.","errors":[{"message":"Compute Engine API has not been used in project 376094928692 before or it is disabled. Enable it by visiting https://console.developers.google.com/apis/api/compute.googleapis.com/overview?project=376094928692 then retry. If you enabled this API recently, wait a few minutes for the action to propagate to our systems and retry.","domain":"usageLimits","reason":"accessNotConfigured","extendedHelp":"https://console.developers.google.com"}],"status":"PERMISSION_DENIED","details":[{"@type":"type.googleapis.com/google.rpc.ErrorInfo","reason":"SERVICE_DISABLED","domain":"googleapis.com","metadata":{"consumer":"projects/376094928692","activationUrl":"https://console.developers.google.com/apis/api/compute.googleapis.com/overview?project=376094928692","containerInfo":"376094928692","service":"compute.googleapis.com","serviceTitle":"Compute Engine API"}},{"@type":"type.googleapis.com/google.rpc.LocalizedMessage","locale":"en-US","message":"Compute Engine API has not been used in project 376094928692 before or it is disabled. Enable it by visiting https://console.developers.google.com/apis/api/compute.googleapis.com/overview?project=376094928692 then retry. If you enabled this API recently, wait a few minutes for the action to propagate to our systems and retry."},{"@type":"type.googleapis.com/google.rpc.Help","links":[{"description":"Google developers console API activation","url":"https://console.developers.google.com/apis/api/compute.googleapis.com/overview?project=376094928692"}]}]}}
[debug] [2026-08-20T09:44:19.157Z] unable to look up default compute service account. Falling back to 376094928692-compute@developer.gserviceaccount.com. Error: {"name":"FirebaseError","children":[],"context":{"body":{"error":{"code":403,"message":"Compute Engine API has not been used in project 376094928692 before or it is disabled. Enable it by visiting https://console.developers.google.com/apis/api/compute.googleapis.com/overview?project=376094928692 then retry. If you enabled this API recently, wait a few minutes for the action to propagate to our systems and retry.","errors":[{"message":"Compute Engine API has not been used in project 376094928692 before or it is disabled. Enable it by visiting https://console.developers.google.com/apis/api/compute.googleapis.com/overview?project=376094928692 then retry. If you enabled this API recently, wait a few minutes for the action to propagate to our systems and retry.","domain":"usageLimits","reason":"accessNotConfigured","extendedHelp":"https://console.developers.google.com"}],"status":"PERMISSION_DENIED","details":[{"@type":"type.googleapis.com/google.rpc.ErrorInfo","reason":"SERVICE_DISABLED","domain":"googleapis.com","metadata":{"consumer":"projects/376094928692","activationUrl":"https://console.developers.google.com/apis/api/compute.googleapis.com/overview?project=376094928692","containerInfo":"376094928692","service":"compute.googleapis.com","serviceTitle":"Compute Engine API"}},{"@type":"type.googleapis.com/google.rpc.LocalizedMessage","locale":"en-US","message":"Compute Engine API has not been used in project 376094928692 before or it is disabled. Enable it by visiting https://console.developers.google.com/apis/api/compute.googleapis.com/overview?project=376094928692 then retry. If you enabled this API recently, wait a few minutes for the action to propagate to our systems and retry."},{"@type":"type.googleapis.com/google.rpc.Help","links":[{"description":"Google developers console API activation","url":"https://console.developers.google.com/apis/api/compute.googleapis.com/overview?project=376094928692"}]}]}},"response":{"statusCode":403}},"exit":1,"message":"Request to https://compute.googleapis.com/compute/v1/projects/376094928692 had HTTP Error: 403, Compute Engine API has not been used in project 376094928692 before or it is disabled. Enable it by visiting https://console.developers.google.com/apis/api/compute.googleapis.com/overview?project=376094928692 then retry. If you enabled this API recently, wait a few minutes for the action to propagate to our systems and retry.","status":403}
[debug] [2026-08-20T09:44:19.158Z] Checked if tokens are valid: true, expires at: 1787222614580
[debug] [2026-08-20T09:44:19.158Z] Checked if tokens are valid: true, expires at: 1787222614580
[debug] [2026-08-20T09:44:19.158Z] >>> [apiv2][query] GET https://compute.googleapis.com/compute/v1/projects/376094928692 [none]
[debug] [2026-08-20T09:44:19.483Z] <<< [apiv2][status] GET https://compute.googleapis.com/compute/v1/projects/376094928692 403
[debug] [2026-08-20T09:44:19.483Z] <<< [apiv2][body] GET https://compute.googleapis.com/compute/v1/projects/376094928692 {"error":{"code":403,"message":"Compute Engine API has not been used in project 376094928692 before or it is disabled. Enable it by visiting https://console.developers.google.com/apis/api/compute.googleapis.com/overview?project=376094928692 then retry. If you enabled this API recently, wait a few minutes for the action to propagate to our systems and retry.","errors":[{"message":"Compute Engine API has not been used in project 376094928692 before or it is disabled. Enable it by visiting https://console.developers.google.com/apis/api/compute.googleapis.com/overview?project=376094928692 then retry. If you enabled this API recently, wait a few minutes for the action to propagate to our systems and retry.","domain":"usageLimits","reason":"accessNotConfigured","extendedHelp":"https://console.developers.google.com"}],"status":"PERMISSION_DENIED","details":[{"@type":"type.googleapis.com/google.rpc.ErrorInfo","reason":"SERVICE_DISABLED","domain":"googleapis.com","metadata":{"containerInfo":"376094928692","activationUrl":"https://console.developers.google.com/apis/api/compute.googleapis.com/overview?project=376094928692","service":"compute.googleapis.com","consumer":"projects/376094928692","serviceTitle":"Compute Engine API"}},{"@type":"type.googleapis.com/google.rpc.LocalizedMessage","locale":"en-US","message":"Compute Engine API has not been used in project 376094928692 before or it is disabled. Enable it by visiting https://console.developers.google.com/apis/api/compute.googleapis.com/overview?project=376094928692 then retry. If you enabled this API recently, wait a few minutes for the action to propagate to our systems and retry."},{"@type":"type.googleapis.com/google.rpc.Help","links":[{"description":"Google developers console API activation","url":"https://console.developers.google.com/apis/api/compute.googleapis.com/overview?project=376094928692"}]}]}}
[debug] [2026-08-20T09:44:19.484Z] unable to look up default compute service account. Falling back to 376094928692-compute@developer.gserviceaccount.com. Error: {"name":"FirebaseError","children":[],"context":{"body":{"error":{"code":403,"message":"Compute Engine API has not been used in project 376094928692 before or it is disabled. Enable it by visiting https://console.developers.google.com/apis/api/compute.googleapis.com/overview?project=376094928692 then retry. If you enabled this API recently, wait a few minutes for the action to propagate to our systems and retry.","errors":[{"message":"Compute Engine API has not been used in project 376094928692 before or it is disabled. Enable it by visiting https://console.developers.google.com/apis/api/compute.googleapis.com/overview?project=376094928692 then retry. If you enabled this API recently, wait a few minutes for the action to propagate to our systems and retry.","domain":"usageLimits","reason":"accessNotConfigured","extendedHelp":"https://console.developers.google.com"}],"status":"PERMISSION_DENIED","details":[{"@type":"type.googleapis.com/google.rpc.ErrorInfo","reason":"SERVICE_DISABLED","domain":"googleapis.com","metadata":{"containerInfo":"376094928692","activationUrl":"https://console.developers.google.com/apis/api/compute.googleapis.com/overview?project=376094928692","service":"compute.googleapis.com","consumer":"projects/376094928692","serviceTitle":"Compute Engine API"}},{"@type":"type.googleapis.com/google.rpc.LocalizedMessage","locale":"en-US","message":"Compute Engine API has not been used in project 376094928692 before or it is disabled. Enable it by visiting https://console.developers.google.com/apis/api/compute.googleapis.com/overview?project=376094928692 then retry. If you enabled this API recently, wait a few minutes for the action to propagate to our systems and retry."},{"@type":"type.googleapis.com/google.rpc.Help","links":[{"description":"Google developers console API activation","url":"https://console.developers.google.com/apis/api/compute.googleapis.com/overview?project=376094928692"}]}]}},"response":{"statusCode":403}},"exit":1,"message":"Request to https://compute.googleapis.com/compute/v1/projects/376094928692 had HTTP Error: 403, Compute Engine API has not been used in project 376094928692 before or it is disabled. Enable it by visiting https://console.developers.google.com/apis/api/compute.googleapis.com/overview?project=376094928692 then retry. If you enabled this API recently, wait a few minutes for the action to propagate to our systems and retry.","status":403}
[debug] [2026-08-20T09:44:19.484Z] Checked if tokens are valid: true, expires at: 1787222614580
[debug] [2026-08-20T09:44:19.484Z] Checked if tokens are valid: true, expires at: 1787222614580
[debug] [2026-08-20T09:44:19.484Z] >>> [apiv2][query] GET https://compute.googleapis.com/compute/v1/projects/376094928692 [none]
[debug] [2026-08-20T09:44:19.764Z] <<< [apiv2][status] GET https://compute.googleapis.com/compute/v1/projects/376094928692 403
[debug] [2026-08-20T09:44:19.764Z] <<< [apiv2][body] GET https://compute.googleapis.com/compute/v1/projects/376094928692 {"error":{"code":403,"message":"Compute Engine API has not been used in project 376094928692 before or it is disabled. Enable it by visiting https://console.developers.google.com/apis/api/compute.googleapis.com/overview?project=376094928692 then retry. If you enabled this API recently, wait a few minutes for the action to propagate to our systems and retry.","errors":[{"message":"Compute Engine API has not been used in project 376094928692 before or it is disabled. Enable it by visiting https://console.developers.google.com/apis/api/compute.googleapis.com/overview?project=376094928692 then retry. If you enabled this API recently, wait a few minutes for the action to propagate to our systems and retry.","domain":"usageLimits","reason":"accessNotConfigured","extendedHelp":"https://console.developers.google.com"}],"status":"PERMISSION_DENIED","details":[{"@type":"type.googleapis.com/google.rpc.ErrorInfo","reason":"SERVICE_DISABLED","domain":"googleapis.com","metadata":{"containerInfo":"376094928692","serviceTitle":"Compute Engine API","activationUrl":"https://console.developers.google.com/apis/api/compute.googleapis.com/overview?project=376094928692","service":"compute.googleapis.com","consumer":"projects/376094928692"}},{"@type":"type.googleapis.com/google.rpc.LocalizedMessage","locale":"en-US","message":"Compute Engine API has not been used in project 376094928692 before or it is disabled. Enable it by visiting https://console.developers.google.com/apis/api/compute.googleapis.com/overview?project=376094928692 then retry. If you enabled this API recently, wait a few minutes for the action to propagate to our systems and retry."},{"@type":"type.googleapis.com/google.rpc.Help","links":[{"description":"Google developers console API activation","url":"https://console.developers.google.com/apis/api/compute.googleapis.com/overview?project=376094928692"}]}]}}
[debug] [2026-08-20T09:44:19.765Z] unable to look up default compute service account. Falling back to 376094928692-compute@developer.gserviceaccount.com. Error: {"name":"FirebaseError","children":[],"context":{"body":{"error":{"code":403,"message":"Compute Engine API has not been used in project 376094928692 before or it is disabled. Enable it by visiting https://console.developers.google.com/apis/api/compute.googleapis.com/overview?project=376094928692 then retry. If you enabled this API recently, wait a few minutes for the action to propagate to our systems and retry.","errors":[{"message":"Compute Engine API has not been used in project 376094928692 before or it is disabled. Enable it by visiting https://console.developers.google.com/apis/api/compute.googleapis.com/overview?project=376094928692 then retry. If you enabled this API recently, wait a few minutes for the action to propagate to our systems and retry.","domain":"usageLimits","reason":"accessNotConfigured","extendedHelp":"https://console.developers.google.com"}],"status":"PERMISSION_DENIED","details":[{"@type":"type.googleapis.com/google.rpc.ErrorInfo","reason":"SERVICE_DISABLED","domain":"googleapis.com","metadata":{"containerInfo":"376094928692","serviceTitle":"Compute Engine API","activationUrl":"https://console.developers.google.com/apis/api/compute.googleapis.com/overview?project=376094928692","service":"compute.googleapis.com","consumer":"projects/376094928692"}},{"@type":"type.googleapis.com/google.rpc.LocalizedMessage","locale":"en-US","message":"Compute Engine API has not been used in project 376094928692 before or it is disabled. Enable it by visiting https://console.developers.google.com/apis/api/compute.googleapis.com/overview?project=376094928692 then retry. If you enabled this API recently, wait a few minutes for the action to propagate to our systems and retry."},{"@type":"type.googleapis.com/google.rpc.Help","links":[{"description":"Google developers console API activation","url":"https://console.developers.google.com/apis/api/compute.googleapis.com/overview?project=376094928692"}]}]}},"response":{"statusCode":403}},"exit":1,"message":"Request to https://compute.googleapis.com/compute/v1/projects/376094928692 had HTTP Error: 403, Compute Engine API has not been used in project 376094928692 before or it is disabled. Enable it by visiting https://console.developers.google.com/apis/api/compute.googleapis.com/overview?project=376094928692 then retry. If you enabled this API recently, wait a few minutes for the action to propagate to our systems and retry.","status":403}
[debug] [2026-08-20T09:44:19.765Z] Checked if tokens are valid: true, expires at: 1787222614580
[debug] [2026-08-20T09:44:19.765Z] Checked if tokens are valid: true, expires at: 1787222614580
[debug] [2026-08-20T09:44:19.765Z] >>> [apiv2][query] GET https://compute.googleapis.com/compute/v1/projects/376094928692 [none]
[debug] [2026-08-20T09:44:20.878Z] <<< [apiv2][status] GET https://compute.googleapis.com/compute/v1/projects/376094928692 403
[debug] [2026-08-20T09:44:20.879Z] <<< [apiv2][body] GET https://compute.googleapis.com/compute/v1/projects/376094928692 {"error":{"code":403,"message":"Compute Engine API has not been used in project 376094928692 before or it is disabled. Enable it by visiting https://console.developers.google.com/apis/api/compute.googleapis.com/overview?project=376094928692 then retry. If you enabled this API recently, wait a few minutes for the action to propagate to our systems and retry.","errors":[{"message":"Compute Engine API has not been used in project 376094928692 before or it is disabled. Enable it by visiting https://console.developers.google.com/apis/api/compute.googleapis.com/overview?project=376094928692 then retry. If you enabled this API recently, wait a few minutes for the action to propagate to our systems and retry.","domain":"usageLimits","reason":"accessNotConfigured","extendedHelp":"https://console.developers.google.com"}],"status":"PERMISSION_DENIED","details":[{"@type":"type.googleapis.com/google.rpc.ErrorInfo","reason":"SERVICE_DISABLED","domain":"googleapis.com","metadata":{"service":"compute.googleapis.com","consumer":"projects/376094928692","serviceTitle":"Compute Engine API","containerInfo":"376094928692","activationUrl":"https://console.developers.google.com/apis/api/compute.googleapis.com/overview?project=376094928692"}},{"@type":"type.googleapis.com/google.rpc.LocalizedMessage","locale":"en-US","message":"Compute Engine API has not been used in project 376094928692 before or it is disabled. Enable it by visiting https://console.developers.google.com/apis/api/compute.googleapis.com/overview?project=376094928692 then retry. If you enabled this API recently, wait a few minutes for the action to propagate to our systems and retry."},{"@type":"type.googleapis.com/google.rpc.Help","links":[{"description":"Google developers console API activation","url":"https://console.developers.google.com/apis/api/compute.googleapis.com/overview?project=376094928692"}]}]}}
[debug] [2026-08-20T09:44:20.879Z] unable to look up default compute service account. Falling back to 376094928692-compute@developer.gserviceaccount.com. Error: {"name":"FirebaseError","children":[],"context":{"body":{"error":{"code":403,"message":"Compute Engine API has not been used in project 376094928692 before or it is disabled. Enable it by visiting https://console.developers.google.com/apis/api/compute.googleapis.com/overview?project=376094928692 then retry. If you enabled this API recently, wait a few minutes for the action to propagate to our systems and retry.","errors":[{"message":"Compute Engine API has not been used in project 376094928692 before or it is disabled. Enable it by visiting https://console.developers.google.com/apis/api/compute.googleapis.com/overview?project=376094928692 then retry. If you enabled this API recently, wait a few minutes for the action to propagate to our systems and retry.","domain":"usageLimits","reason":"accessNotConfigured","extendedHelp":"https://console.developers.google.com"}],"status":"PERMISSION_DENIED","details":[{"@type":"type.googleapis.com/google.rpc.ErrorInfo","reason":"SERVICE_DISABLED","domain":"googleapis.com","metadata":{"service":"compute.googleapis.com","consumer":"projects/376094928692","serviceTitle":"Compute Engine API","containerInfo":"376094928692","activationUrl":"https://console.developers.google.com/apis/api/compute.googleapis.com/overview?project=376094928692"}},{"@type":"type.googleapis.com/google.rpc.LocalizedMessage","locale":"en-US","message":"Compute Engine API has not been used in project 376094928692 before or it is disabled. Enable it by visiting https://console.developers.google.com/apis/api/compute.googleapis.com/overview?project=376094928692 then retry. If you enabled this API recently, wait a few minutes for the action to propagate to our systems and retry."},{"@type":"type.googleapis.com/google.rpc.Help","links":[{"description":"Google developers console API activation","url":"https://console.developers.google.com/apis/api/compute.googleapis.com/overview?project=376094928692"}]}]}},"response":{"statusCode":403}},"exit":1,"message":"Request to https://compute.googleapis.com/compute/v1/projects/376094928692 had HTTP Error: 403, Compute Engine API has not been used in project 376094928692 before or it is disabled. Enable it by visiting https://console.developers.google.com/apis/api/compute.googleapis.com/overview?project=376094928692 then retry. If you enabled this API recently, wait a few minutes for the action to propagate to our systems and retry.","status":403}
[debug] [2026-08-20T09:44:20.879Z] Checked if tokens are valid: true, expires at: 1787222614580
[debug] [2026-08-20T09:44:20.879Z] Checked if tokens are valid: true, expires at: 1787222614580
[debug] [2026-08-20T09:44:20.880Z] >>> [apiv2][query] GET https://compute.googleapis.com/compute/v1/projects/376094928692 [none]
[debug] [2026-08-20T09:44:21.207Z] <<< [apiv2][status] GET https://compute.googleapis.com/compute/v1/projects/376094928692 403
[debug] [2026-08-20T09:44:21.207Z] <<< [apiv2][body] GET https://compute.googleapis.com/compute/v1/projects/376094928692 {"error":{"code":403,"message":"Compute Engine API has not been used in project 376094928692 before or it is disabled. Enable it by visiting https://console.developers.google.com/apis/api/compute.googleapis.com/overview?project=376094928692 then retry. If you enabled this API recently, wait a few minutes for the action to propagate to our systems and retry.","errors":[{"message":"Compute Engine API has not been used in project 376094928692 before or it is disabled. Enable it by visiting https://console.developers.google.com/apis/api/compute.googleapis.com/overview?project=376094928692 then retry. If you enabled this API recently, wait a few minutes for the action to propagate to our systems and retry.","domain":"usageLimits","reason":"accessNotConfigured","extendedHelp":"https://console.developers.google.com"}],"status":"PERMISSION_DENIED","details":[{"@type":"type.googleapis.com/google.rpc.ErrorInfo","reason":"SERVICE_DISABLED","domain":"googleapis.com","metadata":{"serviceTitle":"Compute Engine API","service":"compute.googleapis.com","consumer":"projects/376094928692","containerInfo":"376094928692","activationUrl":"https://console.developers.google.com/apis/api/compute.googleapis.com/overview?project=376094928692"}},{"@type":"type.googleapis.com/google.rpc.LocalizedMessage","locale":"en-US","message":"Compute Engine API has not been used in project 376094928692 before or it is disabled. Enable it by visiting https://console.developers.google.com/apis/api/compute.googleapis.com/overview?project=376094928692 then retry. If you enabled this API recently, wait a few minutes for the action to propagate to our systems and retry."},{"@type":"type.googleapis.com/google.rpc.Help","links":[{"description":"Google developers console API activation","url":"https://console.developers.google.com/apis/api/compute.googleapis.com/overview?project=376094928692"}]}]}}
[debug] [2026-08-20T09:44:21.208Z] unable to look up default compute service account. Falling back to 376094928692-compute@developer.gserviceaccount.com. Error: {"name":"FirebaseError","children":[],"context":{"body":{"error":{"code":403,"message":"Compute Engine API has not been used in project 376094928692 before or it is disabled. Enable it by visiting https://console.developers.google.com/apis/api/compute.googleapis.com/overview?project=376094928692 then retry. If you enabled this API recently, wait a few minutes for the action to propagate to our systems and retry.","errors":[{"message":"Compute Engine API has not been used in project 376094928692 before or it is disabled. Enable it by visiting https://console.developers.google.com/apis/api/compute.googleapis.com/overview?project=376094928692 then retry. If you enabled this API recently, wait a few minutes for the action to propagate to our systems and retry.","domain":"usageLimits","reason":"accessNotConfigured","extendedHelp":"https://console.developers.google.com"}],"status":"PERMISSION_DENIED","details":[{"@type":"type.googleapis.com/google.rpc.ErrorInfo","reason":"SERVICE_DISABLED","domain":"googleapis.com","metadata":{"serviceTitle":"Compute Engine API","service":"compute.googleapis.com","consumer":"projects/376094928692","containerInfo":"376094928692","activationUrl":"https://console.developers.google.com/apis/api/compute.googleapis.com/overview?project=376094928692"}},{"@type":"type.googleapis.com/google.rpc.LocalizedMessage","locale":"en-US","message":"Compute Engine API has not been used in project 376094928692 before or it is disabled. Enable it by visiting https://console.developers.google.com/apis/api/compute.googleapis.com/overview?project=376094928692 then retry. If you enabled this API recently, wait a few minutes for the action to propagate to our systems and retry."},{"@type":"type.googleapis.com/google.rpc.Help","links":[{"description":"Google developers console API activation","url":"https://console.developers.google.com/apis/api/compute.googleapis.com/overview?project=376094928692"}]}]}},"response":{"statusCode":403}},"exit":1,"message":"Request to https://compute.googleapis.com/compute/v1/projects/376094928692 had HTTP Error: 403, Compute Engine API has not been used in project 376094928692 before or it is disabled. Enable it by visiting https://console.developers.google.com/apis/api/compute.googleapis.com/overview?project=376094928692 then retry. If you enabled this API recently, wait a few minutes for the action to propagate to our systems and retry.","status":403}
[debug] [2026-08-20T09:44:21.208Z] Checked if tokens are valid: true, expires at: 1787222614580
[debug] [2026-08-20T09:44:21.208Z] Checked if tokens are valid: true, expires at: 1787222614580
[debug] [2026-08-20T09:44:21.208Z] >>> [apiv2][query] GET https://compute.googleapis.com/compute/v1/projects/376094928692 [none]
[debug] [2026-08-20T09:44:21.481Z] <<< [apiv2][status] GET https://compute.googleapis.com/compute/v1/projects/376094928692 403
[debug] [2026-08-20T09:44:21.481Z] <<< [apiv2][body] GET https://compute.googleapis.com/compute/v1/projects/376094928692 {"error":{"code":403,"message":"Compute Engine API has not been used in project 376094928692 before or it is disabled. Enable it by visiting https://console.developers.google.com/apis/api/compute.googleapis.com/overview?project=376094928692 then retry. If you enabled this API recently, wait a few minutes for the action to propagate to our systems and retry.","errors":[{"message":"Compute Engine API has not been used in project 376094928692 before or it is disabled. Enable it by visiting https://console.developers.google.com/apis/api/compute.googleapis.com/overview?project=376094928692 then retry. If you enabled this API recently, wait a few minutes for the action to propagate to our systems and retry.","domain":"usageLimits","reason":"accessNotConfigured","extendedHelp":"https://console.developers.google.com"}],"status":"PERMISSION_DENIED","details":[{"@type":"type.googleapis.com/google.rpc.ErrorInfo","reason":"SERVICE_DISABLED","domain":"googleapis.com","metadata":{"activationUrl":"https://console.developers.google.com/apis/api/compute.googleapis.com/overview?project=376094928692","containerInfo":"376094928692","service":"compute.googleapis.com","serviceTitle":"Compute Engine API","consumer":"projects/376094928692"}},{"@type":"type.googleapis.com/google.rpc.LocalizedMessage","locale":"en-US","message":"Compute Engine API has not been used in project 376094928692 before or it is disabled. Enable it by visiting https://console.developers.google.com/apis/api/compute.googleapis.com/overview?project=376094928692 then retry. If you enabled this API recently, wait a few minutes for the action to propagate to our systems and retry."},{"@type":"type.googleapis.com/google.rpc.Help","links":[{"description":"Google developers console API activation","url":"https://console.developers.google.com/apis/api/compute.googleapis.com/overview?project=376094928692"}]}]}}
[debug] [2026-08-20T09:44:21.481Z] unable to look up default compute service account. Falling back to 376094928692-compute@developer.gserviceaccount.com. Error: {"name":"FirebaseError","children":[],"context":{"body":{"error":{"code":403,"message":"Compute Engine API has not been used in project 376094928692 before or it is disabled. Enable it by visiting https://console.developers.google.com/apis/api/compute.googleapis.com/overview?project=376094928692 then retry. If you enabled this API recently, wait a few minutes for the action to propagate to our systems and retry.","errors":[{"message":"Compute Engine API has not been used in project 376094928692 before or it is disabled. Enable it by visiting https://console.developers.google.com/apis/api/compute.googleapis.com/overview?project=376094928692 then retry. If you enabled this API recently, wait a few minutes for the action to propagate to our systems and retry.","domain":"usageLimits","reason":"accessNotConfigured","extendedHelp":"https://console.developers.google.com"}],"status":"PERMISSION_DENIED","details":[{"@type":"type.googleapis.com/google.rpc.ErrorInfo","reason":"SERVICE_DISABLED","domain":"googleapis.com","metadata":{"activationUrl":"https://console.developers.google.com/apis/api/compute.googleapis.com/overview?project=376094928692","containerInfo":"376094928692","service":"compute.googleapis.com","serviceTitle":"Compute Engine API","consumer":"projects/376094928692"}},{"@type":"type.googleapis.com/google.rpc.LocalizedMessage","locale":"en-US","message":"Compute Engine API has not been used in project 376094928692 before or it is disabled. Enable it by visiting https://console.developers.google.com/apis/api/compute.googleapis.com/overview?project=376094928692 then retry. If you enabled this API recently, wait a few minutes for the action to propagate to our systems and retry."},{"@type":"type.googleapis.com/google.rpc.Help","links":[{"description":"Google developers console API activation","url":"https://console.developers.google.com/apis/api/compute.googleapis.com/overview?project=376094928692"}]}]}},"response":{"statusCode":403}},"exit":1,"message":"Request to https://compute.googleapis.com/compute/v1/projects/376094928692 had HTTP Error: 403, Compute Engine API has not been used in project 376094928692 before or it is disabled. Enable it by visiting https://console.developers.google.com/apis/api/compute.googleapis.com/overview?project=376094928692 then retry. If you enabled this API recently, wait a few minutes for the action to propagate to our systems and retry.","status":403}
[info] i  functions: ensuring 376094928692-compute@developer.gserviceaccount.com access to secret ASAAS_API_KEY. 
[debug] [2026-08-20T09:44:21.482Z] Checked if tokens are valid: true, expires at: 1787222614580
[debug] [2026-08-20T09:44:21.482Z] Checked if tokens are valid: true, expires at: 1787222614580
[info] i  functions: ensuring 376094928692-compute@developer.gserviceaccount.com access to secret ASAAS_WEBHOOK_TOKEN. 
[debug] [2026-08-20T09:44:21.483Z] Checked if tokens are valid: true, expires at: 1787222614580
[debug] [2026-08-20T09:44:21.483Z] Checked if tokens are valid: true, expires at: 1787222614580
[debug] [2026-08-20T09:44:21.483Z] >>> [apiv2][query] GET https://secretmanager.googleapis.com/v1/projects/sensei-manager-d64c0/secrets/ASAAS_API_KEY:getIamPolicy [none]
[debug] [2026-08-20T09:44:21.483Z] >>> [apiv2][query] GET https://secretmanager.googleapis.com/v1/projects/sensei-manager-d64c0/secrets/ASAAS_WEBHOOK_TOKEN:getIamPolicy [none]
[debug] [2026-08-20T09:44:22.045Z] <<< [apiv2][status] GET https://secretmanager.googleapis.com/v1/projects/sensei-manager-d64c0/secrets/ASAAS_API_KEY:getIamPolicy 200
[debug] [2026-08-20T09:44:22.045Z] <<< [apiv2][body] GET https://secretmanager.googleapis.com/v1/projects/sensei-manager-d64c0/secrets/ASAAS_API_KEY:getIamPolicy {"version":1,"etag":"BwZZQf0ing4=","bindings":[{"role":"roles/secretmanager.secretAccessor","members":["serviceAccount:376094928692-compute@developer.gserviceaccount.com"]}]}
[info] ✔  secretmanager: Granted roles/secretmanager.secretAccessor on projects/sensei-manager-d64c0/secrets/ASAAS_API_KEY to 376094928692-compute@developer.gserviceaccount.com 
[info] ✔  functions: ensured 376094928692-compute@developer.gserviceaccount.com access to ASAAS_API_KEY. 
[debug] [2026-08-20T09:44:22.046Z] <<< [apiv2][status] GET https://secretmanager.googleapis.com/v1/projects/sensei-manager-d64c0/secrets/ASAAS_WEBHOOK_TOKEN:getIamPolicy 200
[debug] [2026-08-20T09:44:22.046Z] <<< [apiv2][body] GET https://secretmanager.googleapis.com/v1/projects/sensei-manager-d64c0/secrets/ASAAS_WEBHOOK_TOKEN:getIamPolicy {"version":1,"etag":"BwZZQf0iqpM=","bindings":[{"role":"roles/secretmanager.secretAccessor","members":["serviceAccount:376094928692-compute@developer.gserviceaccount.com"]}]}
[info] ✔  secretmanager: Granted roles/secretmanager.secretAccessor on projects/sensei-manager-d64c0/secrets/ASAAS_WEBHOOK_TOKEN to 376094928692-compute@developer.gserviceaccount.com 
[info] ✔  functions: ensured 376094928692-compute@developer.gserviceaccount.com access to ASAAS_WEBHOOK_TOKEN. 
[debug] [2026-08-20T09:44:22.048Z] Checked if tokens are valid: true, expires at: 1787222614580
[debug] [2026-08-20T09:44:22.048Z] Checked if tokens are valid: true, expires at: 1787222614580
[debug] [2026-08-20T09:44:22.048Z] >>> [apiv2][query] GET https://cloudbilling.googleapis.com/v1/projects/sensei-manager-d64c0/billingInfo [none]
[debug] [2026-08-20T09:44:23.363Z] <<< [apiv2][status] GET https://cloudbilling.googleapis.com/v1/projects/sensei-manager-d64c0/billingInfo 200
[debug] [2026-08-20T09:44:23.363Z] <<< [apiv2][body] GET https://cloudbilling.googleapis.com/v1/projects/sensei-manager-d64c0/billingInfo {"name":"projects/sensei-manager-d64c0/billingInfo","projectId":"sensei-manager-d64c0","billingAccountName":"billingAccounts/013649-FF426C-22FCBF","billingEnabled":true}
[debug] [2026-08-20T09:44:23.365Z] Checked if tokens are valid: true, expires at: 1787222614580
[debug] [2026-08-20T09:44:23.365Z] Checked if tokens are valid: true, expires at: 1787222614580
[debug] [2026-08-20T09:44:23.365Z] >>> [apiv2][query] POST https://cloudfunctions.googleapis.com/v2/projects/sensei-manager-d64c0/locations/us-central1/functions:generateUploadUrl [none]
[debug] [2026-08-20T09:44:24.500Z] <<< [apiv2][status] POST https://cloudfunctions.googleapis.com/v2/projects/sensei-manager-d64c0/locations/us-central1/functions:generateUploadUrl 200
[debug] [2026-08-20T09:44:24.500Z] <<< [apiv2][body] POST https://cloudfunctions.googleapis.com/v2/projects/sensei-manager-d64c0/locations/us-central1/functions:generateUploadUrl {"uploadUrl":"https://storage.googleapis.com/gcf-v2-uploads-376094928692.us-central1.cloudfunctions.appspot.com/0c52ecfb-2195-4eb4-9a62-177238866e51.zip?GoogleAccessId=service-376094928692@gcf-admin-robot.iam.gserviceaccount.com&Expires=1787220864&Signature=eY3dBA%2FqfJGGjnYPpZtBZbZcPr3NuYNeGl%2BCgphefuk5f20Vv7SvYiO78hHWQJbBN2tersnsC%2BaFlmbLXkOZAYfEvFtG4kezn418zeatG3SqdcKuWBVhpkZYhuowNKPDP%2BAF5KfV0wiQuc2h6EdVHH%2BxqHLhgmP9KpcUNTn7BtGhn5THg58zwh%2BRf9A6DJyfwABcZyW9iLZ%2BbJiCUxNOIB1BWXJvvCYcG7MGhwEGQtRwzQFjxrLFIbBPaRpic2vDWj%2BG3VUM%2FaBrDUsvQASr1bNKjShgrRFMJKwT3PgsNvDp6Bjss9RSDqS1ff%2FEM%2F035ywy3Yq81ql9qRESwfOX%2BA%3D%3D","storageSource":{"bucket":"gcf-v2-uploads-376094928692.us-central1.cloudfunctions.appspot.com","object":"0c52ecfb-2195-4eb4-9a62-177238866e51.zip"}}
[debug] [2026-08-20T09:44:24.501Z] >>> [apiv2][query] PUT https://storage.googleapis.com/gcf-v2-uploads-376094928692.us-central1.cloudfunctions.appspot.com/0c52ecfb-2195-4eb4-9a62-177238866e51.zip GoogleAccessId=service-376094928692%40gcf-admin-robot.iam.gserviceaccount.com&Expires=1787220864&Signature=eY3dBA%2FqfJGGjnYPpZtBZbZcPr3NuYNeGl%2BCgphefuk5f20Vv7SvYiO78hHWQJbBN2tersnsC%2BaFlmbLXkOZAYfEvFtG4kezn418zeatG3SqdcKuWBVhpkZYhuowNKPDP%2BAF5KfV0wiQuc2h6EdVHH%2BxqHLhgmP9KpcUNTn7BtGhn5THg58zwh%2BRf9A6DJyfwABcZyW9iLZ%2BbJiCUxNOIB1BWXJvvCYcG7MGhwEGQtRwzQFjxrLFIbBPaRpic2vDWj%2BG3VUM%2FaBrDUsvQASr1bNKjShgrRFMJKwT3PgsNvDp6Bjss9RSDqS1ff%2FEM%2F035ywy3Yq81ql9qRESwfOX%2BA%3D%3D
[debug] [2026-08-20T09:44:24.501Z] >>> [apiv2][body] PUT https://storage.googleapis.com/gcf-v2-uploads-376094928692.us-central1.cloudfunctions.appspot.com/0c52ecfb-2195-4eb4-9a62-177238866e51.zip [stream]
[debug] [2026-08-20T09:44:25.293Z] <<< [apiv2][status] PUT https://storage.googleapis.com/gcf-v2-uploads-376094928692.us-central1.cloudfunctions.appspot.com/0c52ecfb-2195-4eb4-9a62-177238866e51.zip 200
[debug] [2026-08-20T09:44:25.293Z] <<< [apiv2][body] PUT https://storage.googleapis.com/gcf-v2-uploads-376094928692.us-central1.cloudfunctions.appspot.com/0c52ecfb-2195-4eb4-9a62-177238866e51.zip [omitted]
[info] ✔  functions: functions source uploaded successfully 
[info] i  functions: updating Node.js 20 (2nd Gen) function criarSubcontaAcademia(us-central1)... 
[info] i  functions: updating Node.js 20 (2nd Gen) function verificarStatusAsaas(us-central1)... 
[info] i  functions: updating Node.js 20 (2nd Gen) function criarCobrancaPix(us-central1)... 
[info] i  functions: updating Node.js 20 (2nd Gen) function webhookAsaas(us-central1)... 
[debug] [2026-08-20T09:44:25.299Z] Checked if tokens are valid: true, expires at: 1787222614580
[debug] [2026-08-20T09:44:25.299Z] Checked if tokens are valid: true, expires at: 1787222614580
[debug] [2026-08-20T09:44:25.299Z] >>> [apiv2][query] PATCH https://cloudfunctions.googleapis.com/v2/projects/sensei-manager-d64c0/locations/us-central1/functions/criarSubcontaAcademia updateMask=name%2CbuildConfig.runtime%2CbuildConfig.entryPoint%2CbuildConfig.source.storageSource.bucket%2CbuildConfig.source.storageSource.object%2CbuildConfig.environmentVariables%2CbuildConfig.sourceToken%2CserviceConfig.environmentVariables%2CserviceConfig.secretEnvironmentVariables%2CserviceConfig.ingressSettings%2CserviceConfig.timeoutSeconds%2CserviceConfig.serviceAccountEmail%2CserviceConfig.availableMemory%2CserviceConfig.minInstanceCount%2CserviceConfig.maxInstanceCount%2CserviceConfig.maxInstanceRequestConcurrency%2CserviceConfig.availableCpu%2CserviceConfig.vpcConnector%2CserviceConfig.vpcConnectorEgressSettings%2CserviceConfig.directVpcNetworkInterface%2CserviceConfig.directVpcEgress%2Clabels
[debug] [2026-08-20T09:44:25.299Z] >>> [apiv2][body] PATCH https://cloudfunctions.googleapis.com/v2/projects/sensei-manager-d64c0/locations/us-central1/functions/criarSubcontaAcademia {"name":"projects/sensei-manager-d64c0/locations/us-central1/functions/criarSubcontaAcademia","buildConfig":{"runtime":"nodejs20","entryPoint":"criarSubcontaAcademia","source":{"storageSource":{"bucket":"gcf-v2-uploads-376094928692.us-central1.cloudfunctions.appspot.com","object":"0c52ecfb-2195-4eb4-9a62-177238866e51.zip"}},"environmentVariables":{"GOOGLE_NODE_RUN_SCRIPTS":""}},"serviceConfig":{"environmentVariables":{"FIREBASE_CONFIG":"{\"projectId\":\"sensei-manager-d64c0\",\"storageBucket\":\"sensei-manager-d64c0.firebasestorage.app\"}","GCLOUD_PROJECT":"sensei-manager-d64c0","EVENTARC_CLOUD_EVENT_SOURCE":"projects/sensei-manager-d64c0/locations/us-central1/services/criarSubcontaAcademia","FUNCTION_TARGET":"criarSubcontaAcademia","LOG_EXECUTION_ID":"true"},"secretEnvironmentVariables":[{"key":"ASAAS_API_KEY","secret":"ASAAS_API_KEY","projectId":"sensei-manager-d64c0","version":"1"}],"ingressSettings":null,"timeoutSeconds":null,"serviceAccountEmail":null,"availableMemory":"256Mi","minInstanceCount":null,"maxInstanceCount":null,"maxInstanceRequestConcurrency":80,"availableCpu":"1","vpcConnector":null,"vpcConnectorEgressSettings":null,"directVpcNetworkInterface":null,"directVpcEgress":null},"labels":{"deployment-tool":"cli-firebase","deployment-callable":"true","firebase-functions-hash":"bbc2f0e50f837243b6332780cdd9814ce9042c3a"}}
[debug] [2026-08-20T09:44:27.673Z] <<< [apiv2][status] PATCH https://cloudfunctions.googleapis.com/v2/projects/sensei-manager-d64c0/locations/us-central1/functions/criarSubcontaAcademia 200
[debug] [2026-08-20T09:44:27.674Z] <<< [apiv2][body] PATCH https://cloudfunctions.googleapis.com/v2/projects/sensei-manager-d64c0/locations/us-central1/functions/criarSubcontaAcademia {"name":"projects/sensei-manager-d64c0/locations/us-central1/operations/operation-1787219066251-659775d946805-d6387848-ddf09527","metadata":{"@type":"type.googleapis.com/google.cloud.functions.v2.OperationMetadata","createTime":"2026-08-20T09:44:27.502131239Z","target":"projects/sensei-manager-d64c0/locations/us-central1/functions/criarSubcontaAcademia","verb":"update","cancelRequested":false,"apiVersion":"v2"},"done":false}
[debug] [2026-08-20T09:44:27.674Z] Checked if tokens are valid: true, expires at: 1787222614580
[debug] [2026-08-20T09:44:27.674Z] Checked if tokens are valid: true, expires at: 1787222614580
[debug] [2026-08-20T09:44:27.674Z] >>> [apiv2][query] GET https://cloudfunctions.googleapis.com/v2/projects/sensei-manager-d64c0/locations/us-central1/operations/operation-1787219066251-659775d946805-d6387848-ddf09527 [none]
[debug] [2026-08-20T09:44:28.678Z] <<< [apiv2][status] GET https://cloudfunctions.googleapis.com/v2/projects/sensei-manager-d64c0/locations/us-central1/operations/operation-1787219066251-659775d946805-d6387848-ddf09527 200
[debug] [2026-08-20T09:44:28.678Z] <<< [apiv2][body] GET https://cloudfunctions.googleapis.com/v2/projects/sensei-manager-d64c0/locations/us-central1/operations/operation-1787219066251-659775d946805-d6387848-ddf09527 {"name":"projects/sensei-manager-d64c0/locations/us-central1/operations/operation-1787219066251-659775d946805-d6387848-ddf09527","metadata":{"@type":"type.googleapis.com/google.cloud.functions.v2.OperationMetadata","createTime":"2026-08-20T09:44:27.502131239Z","target":"projects/sensei-manager-d64c0/locations/us-central1/functions/criarSubcontaAcademia","verb":"update","cancelRequested":false,"apiVersion":"v2","requestResource":{"@type":"type.googleapis.com/google.cloud.functions.v2.Function","name":"projects/sensei-manager-d64c0/locations/us-central1/functions/criarSubcontaAcademia","buildConfig":{"runtime":"nodejs20","entryPoint":"criarSubcontaAcademia","source":{"storageSource":{"bucket":"gcf-v2-sources-376094928692-us-central1","object":"criarSubcontaAcademia/function-source.zip","generation":"1787219067447854"}},"environmentVariables":{"GOOGLE_NODE_RUN_SCRIPTS":""},"dockerRepository":"projects/sensei-manager-d64c0/locations/us-central1/repositories/gcf-artifacts","sourceProvenance":{"resolvedStorageSource":{"bucket":"gcf-v2-sources-376094928692-us-central1","object":"criarSubcontaAcademia/function-source.zip","generation":"1786989821676536"}},"dockerRegistry":"ARTIFACT_REGISTRY","serviceAccount":"projects/sensei-manager-d64c0/serviceAccounts/376094928692-compute@developer.gserviceaccount.com","automaticUpdatePolicy":{}},"serviceConfig":{"service":"projects/sensei-manager-d64c0/locations/us-central1/services/criarsubcontaacademia","timeoutSeconds":60,"environmentVariables":{"FIREBASE_CONFIG":"{\"projectId\":\"sensei-manager-d64c0\",\"storageBucket\":\"sensei-manager-d64c0.firebasestorage.app\"}","GCLOUD_PROJECT":"sensei-manager-d64c0","EVENTARC_CLOUD_EVENT_SOURCE":"projects/sensei-manager-d64c0/locations/us-central1/services/criarSubcontaAcademia","FUNCTION_TARGET":"criarSubcontaAcademia","LOG_EXECUTION_ID":"true"},"ingressSettings":"ALLOW_ALL","serviceAccountEmail":"376094928692-compute@developer.gserviceaccount.com","availableMemory":"256Mi","secretEnvironmentVariables":[{"key":"ASAAS_API_KEY","projectId":"sensei-manager-d64c0","secret":"ASAAS_API_KEY","version":"1"}],"maxInstanceRequestConcurrency":80,"availableCpu":"1"},"state":"UNKNOWN","labels":{"deployment-callable":"true","firebase-functions-hash":"bbc2f0e50f837243b6332780cdd9814ce9042c3a"},"stateMessages":[{"severity":"ERROR","type":"CloudRunServiceNotFound","message":"Cloud Run service projects/sensei-manager-d64c0/locations/us-central1/services/criarsubcontaacademia for the function was not found. The function will not work correctly. Please redeploy."}],"environment":"GEN_2","url":"https://us-central1-sensei-manager-d64c0.cloudfunctions.net/criarSubcontaAcademia","satisfiesPzi":true},"stages":[{"name":"BUILD","message":"Build in progress","state":"IN_PROGRESS","resource":"projects/376094928692/locations/us-central1/builds/c7ce60e4-f520-477d-af61-1e11aebd8b66","resourceUri":"https://console.cloud.google.com/cloud-build/builds;region=us-central1/c7ce60e4-f520-477d-af61-1e11aebd8b66?project=376094928692"},{"name":"SERVICE","state":"NOT_STARTED"}],"operationType":"UPDATE_FUNCTION","buildName":"projects/376094928692/locations/us-central1/builds/c7ce60e4-f520-477d-af61-1e11aebd8b66"},"done":false}
[debug] [2026-08-20T09:44:29.180Z] [update-default-us-central1-criarSubcontaAcademia] Retrying task index 0
[debug] [2026-08-20T09:44:29.181Z] Checked if tokens are valid: true, expires at: 1787222614580
[debug] [2026-08-20T09:44:29.181Z] Checked if tokens are valid: true, expires at: 1787222614580
[debug] [2026-08-20T09:44:29.181Z] >>> [apiv2][query] GET https://cloudfunctions.googleapis.com/v2/projects/sensei-manager-d64c0/locations/us-central1/operations/operation-1787219066251-659775d946805-d6387848-ddf09527 [none]
[debug] [2026-08-20T09:44:30.301Z] <<< [apiv2][status] GET https://cloudfunctions.googleapis.com/v2/projects/sensei-manager-d64c0/locations/us-central1/operations/operation-1787219066251-659775d946805-d6387848-ddf09527 200
[debug] [2026-08-20T09:44:30.301Z] <<< [apiv2][body] GET https://cloudfunctions.googleapis.com/v2/projects/sensei-manager-d64c0/locations/us-central1/operations/operation-1787219066251-659775d946805-d6387848-ddf09527 {"name":"projects/sensei-manager-d64c0/locations/us-central1/operations/operation-1787219066251-659775d946805-d6387848-ddf09527","metadata":{"@type":"type.googleapis.com/google.cloud.functions.v2.OperationMetadata","createTime":"2026-08-20T09:44:27.502131239Z","target":"projects/sensei-manager-d64c0/locations/us-central1/functions/criarSubcontaAcademia","verb":"update","cancelRequested":false,"apiVersion":"v2","requestResource":{"@type":"type.googleapis.com/google.cloud.functions.v2.Function","name":"projects/sensei-manager-d64c0/locations/us-central1/functions/criarSubcontaAcademia","buildConfig":{"runtime":"nodejs20","entryPoint":"criarSubcontaAcademia","source":{"storageSource":{"bucket":"gcf-v2-sources-376094928692-us-central1","object":"criarSubcontaAcademia/function-source.zip","generation":"1787219067447854"}},"environmentVariables":{"GOOGLE_NODE_RUN_SCRIPTS":""},"dockerRepository":"projects/sensei-manager-d64c0/locations/us-central1/repositories/gcf-artifacts","sourceProvenance":{"resolvedStorageSource":{"bucket":"gcf-v2-sources-376094928692-us-central1","object":"criarSubcontaAcademia/function-source.zip","generation":"1786989821676536"}},"dockerRegistry":"ARTIFACT_REGISTRY","serviceAccount":"projects/sensei-manager-d64c0/serviceAccounts/376094928692-compute@developer.gserviceaccount.com","automaticUpdatePolicy":{}},"serviceConfig":{"service":"projects/sensei-manager-d64c0/locations/us-central1/services/criarsubcontaacademia","timeoutSeconds":60,"environmentVariables":{"FIREBASE_CONFIG":"{\"projectId\":\"sensei-manager-d64c0\",\"storageBucket\":\"sensei-manager-d64c0.firebasestorage.app\"}","GCLOUD_PROJECT":"sensei-manager-d64c0","EVENTARC_CLOUD_EVENT_SOURCE":"projects/sensei-manager-d64c0/locations/us-central1/services/criarSubcontaAcademia","FUNCTION_TARGET":"criarSubcontaAcademia","LOG_EXECUTION_ID":"true"},"ingressSettings":"ALLOW_ALL","serviceAccountEmail":"376094928692-compute@developer.gserviceaccount.com","availableMemory":"256Mi","secretEnvironmentVariables":[{"key":"ASAAS_API_KEY","projectId":"sensei-manager-d64c0","secret":"ASAAS_API_KEY","version":"1"}],"maxInstanceRequestConcurrency":80,"availableCpu":"1"},"state":"UNKNOWN","labels":{"deployment-callable":"true","firebase-functions-hash":"bbc2f0e50f837243b6332780cdd9814ce9042c3a"},"stateMessages":[{"severity":"ERROR","type":"CloudRunServiceNotFound","message":"Cloud Run service projects/sensei-manager-d64c0/locations/us-central1/services/criarsubcontaacademia for the function was not found. The function will not work correctly. Please redeploy."}],"environment":"GEN_2","url":"https://us-central1-sensei-manager-d64c0.cloudfunctions.net/criarSubcontaAcademia","satisfiesPzi":true},"stages":[{"name":"BUILD","message":"Build in progress","state":"IN_PROGRESS","resource":"projects/376094928692/locations/us-central1/builds/c7ce60e4-f520-477d-af61-1e11aebd8b66","resourceUri":"https://console.cloud.google.com/cloud-build/builds;region=us-central1/c7ce60e4-f520-477d-af61-1e11aebd8b66?project=376094928692"},{"name":"SERVICE","state":"NOT_STARTED"}],"operationType":"UPDATE_FUNCTION","buildName":"projects/376094928692/locations/us-central1/builds/c7ce60e4-f520-477d-af61-1e11aebd8b66"},"done":false}
[debug] [2026-08-20T09:44:31.303Z] [update-default-us-central1-criarSubcontaAcademia] Retrying task index 0
[debug] [2026-08-20T09:44:31.303Z] Checked if tokens are valid: true, expires at: 1787222614580
[debug] [2026-08-20T09:44:31.303Z] Checked if tokens are valid: true, expires at: 1787222614580
[debug] [2026-08-20T09:44:31.303Z] >>> [apiv2][query] GET https://cloudfunctions.googleapis.com/v2/projects/sensei-manager-d64c0/locations/us-central1/operations/operation-1787219066251-659775d946805-d6387848-ddf09527 [none]
[debug] [2026-08-20T09:44:32.364Z] <<< [apiv2][status] GET https://cloudfunctions.googleapis.com/v2/projects/sensei-manager-d64c0/locations/us-central1/operations/operation-1787219066251-659775d946805-d6387848-ddf09527 200
[debug] [2026-08-20T09:44:32.365Z] <<< [apiv2][body] GET https://cloudfunctions.googleapis.com/v2/projects/sensei-manager-d64c0/locations/us-central1/operations/operation-1787219066251-659775d946805-d6387848-ddf09527 {"name":"projects/sensei-manager-d64c0/locations/us-central1/operations/operation-1787219066251-659775d946805-d6387848-ddf09527","metadata":{"@type":"type.googleapis.com/google.cloud.functions.v2.OperationMetadata","createTime":"2026-08-20T09:44:27.502131239Z","target":"projects/sensei-manager-d64c0/locations/us-central1/functions/criarSubcontaAcademia","verb":"update","cancelRequested":false,"apiVersion":"v2","requestResource":{"@type":"type.googleapis.com/google.cloud.functions.v2.Function","name":"projects/sensei-manager-d64c0/locations/us-central1/functions/criarSubcontaAcademia","buildConfig":{"runtime":"nodejs20","entryPoint":"criarSubcontaAcademia","source":{"storageSource":{"bucket":"gcf-v2-sources-376094928692-us-central1","object":"criarSubcontaAcademia/function-source.zip","generation":"1787219067447854"}},"environmentVariables":{"GOOGLE_NODE_RUN_SCRIPTS":""},"dockerRepository":"projects/sensei-manager-d64c0/locations/us-central1/repositories/gcf-artifacts","sourceProvenance":{"resolvedStorageSource":{"bucket":"gcf-v2-sources-376094928692-us-central1","object":"criarSubcontaAcademia/function-source.zip","generation":"1786989821676536"}},"dockerRegistry":"ARTIFACT_REGISTRY","serviceAccount":"projects/sensei-manager-d64c0/serviceAccounts/376094928692-compute@developer.gserviceaccount.com","automaticUpdatePolicy":{}},"serviceConfig":{"service":"projects/sensei-manager-d64c0/locations/us-central1/services/criarsubcontaacademia","timeoutSeconds":60,"environmentVariables":{"FIREBASE_CONFIG":"{\"projectId\":\"sensei-manager-d64c0\",\"storageBucket\":\"sensei-manager-d64c0.firebasestorage.app\"}","GCLOUD_PROJECT":"sensei-manager-d64c0","EVENTARC_CLOUD_EVENT_SOURCE":"projects/sensei-manager-d64c0/locations/us-central1/services/criarSubcontaAcademia","FUNCTION_TARGET":"criarSubcontaAcademia","LOG_EXECUTION_ID":"true"},"ingressSettings":"ALLOW_ALL","serviceAccountEmail":"376094928692-compute@developer.gserviceaccount.com","availableMemory":"256Mi","secretEnvironmentVariables":[{"key":"ASAAS_API_KEY","projectId":"sensei-manager-d64c0","secret":"ASAAS_API_KEY","version":"1"}],"maxInstanceRequestConcurrency":80,"availableCpu":"1"},"state":"UNKNOWN","labels":{"deployment-callable":"true","firebase-functions-hash":"bbc2f0e50f837243b6332780cdd9814ce9042c3a"},"stateMessages":[{"severity":"ERROR","type":"CloudRunServiceNotFound","message":"Cloud Run service projects/sensei-manager-d64c0/locations/us-central1/services/criarsubcontaacademia for the function was not found. The function will not work correctly. Please redeploy."}],"environment":"GEN_2","url":"https://us-central1-sensei-manager-d64c0.cloudfunctions.net/criarSubcontaAcademia","satisfiesPzi":true},"stages":[{"name":"BUILD","message":"Build in progress","state":"IN_PROGRESS","resource":"projects/376094928692/locations/us-central1/builds/c7ce60e4-f520-477d-af61-1e11aebd8b66","resourceUri":"https://console.cloud.google.com/cloud-build/builds;region=us-central1/c7ce60e4-f520-477d-af61-1e11aebd8b66?project=376094928692"},{"name":"SERVICE","state":"NOT_STARTED"}],"operationType":"UPDATE_FUNCTION","buildName":"projects/376094928692/locations/us-central1/builds/c7ce60e4-f520-477d-af61-1e11aebd8b66"},"done":false}
[debug] [2026-08-20T09:44:34.366Z] [update-default-us-central1-criarSubcontaAcademia] Retrying task index 0
[debug] [2026-08-20T09:44:34.367Z] Checked if tokens are valid: true, expires at: 1787222614580
[debug] [2026-08-20T09:44:34.367Z] Checked if tokens are valid: true, expires at: 1787222614580
[debug] [2026-08-20T09:44:34.367Z] >>> [apiv2][query] GET https://cloudfunctions.googleapis.com/v2/projects/sensei-manager-d64c0/locations/us-central1/operations/operation-1787219066251-659775d946805-d6387848-ddf09527 [none]
[debug] [2026-08-20T09:44:35.468Z] <<< [apiv2][status] GET https://cloudfunctions.googleapis.com/v2/projects/sensei-manager-d64c0/locations/us-central1/operations/operation-1787219066251-659775d946805-d6387848-ddf09527 200
[debug] [2026-08-20T09:44:35.468Z] <<< [apiv2][body] GET https://cloudfunctions.googleapis.com/v2/projects/sensei-manager-d64c0/locations/us-central1/operations/operation-1787219066251-659775d946805-d6387848-ddf09527 {"name":"projects/sensei-manager-d64c0/locations/us-central1/operations/operation-1787219066251-659775d946805-d6387848-ddf09527","metadata":{"@type":"type.googleapis.com/google.cloud.functions.v2.OperationMetadata","createTime":"2026-08-20T09:44:27.502131239Z","target":"projects/sensei-manager-d64c0/locations/us-central1/functions/criarSubcontaAcademia","verb":"update","cancelRequested":false,"apiVersion":"v2","requestResource":{"@type":"type.googleapis.com/google.cloud.functions.v2.Function","name":"projects/sensei-manager-d64c0/locations/us-central1/functions/criarSubcontaAcademia","buildConfig":{"runtime":"nodejs20","entryPoint":"criarSubcontaAcademia","source":{"storageSource":{"bucket":"gcf-v2-sources-376094928692-us-central1","object":"criarSubcontaAcademia/function-source.zip","generation":"1787219067447854"}},"environmentVariables":{"GOOGLE_NODE_RUN_SCRIPTS":""},"dockerRepository":"projects/sensei-manager-d64c0/locations/us-central1/repositories/gcf-artifacts","sourceProvenance":{"resolvedStorageSource":{"bucket":"gcf-v2-sources-376094928692-us-central1","object":"criarSubcontaAcademia/function-source.zip","generation":"1786989821676536"}},"dockerRegistry":"ARTIFACT_REGISTRY","serviceAccount":"projects/sensei-manager-d64c0/serviceAccounts/376094928692-compute@developer.gserviceaccount.com","automaticUpdatePolicy":{}},"serviceConfig":{"service":"projects/sensei-manager-d64c0/locations/us-central1/services/criarsubcontaacademia","timeoutSeconds":60,"environmentVariables":{"FIREBASE_CONFIG":"{\"projectId\":\"sensei-manager-d64c0\",\"storageBucket\":\"sensei-manager-d64c0.firebasestorage.app\"}","GCLOUD_PROJECT":"sensei-manager-d64c0","EVENTARC_CLOUD_EVENT_SOURCE":"projects/sensei-manager-d64c0/locations/us-central1/services/criarSubcontaAcademia","FUNCTION_TARGET":"criarSubcontaAcademia","LOG_EXECUTION_ID":"true"},"ingressSettings":"ALLOW_ALL","serviceAccountEmail":"376094928692-compute@developer.gserviceaccount.com","availableMemory":"256Mi","secretEnvironmentVariables":[{"key":"ASAAS_API_KEY","projectId":"sensei-manager-d64c0","secret":"ASAAS_API_KEY","version":"1"}],"maxInstanceRequestConcurrency":80,"availableCpu":"1"},"state":"UNKNOWN","labels":{"deployment-callable":"true","firebase-functions-hash":"bbc2f0e50f837243b6332780cdd9814ce9042c3a"},"stateMessages":[{"severity":"ERROR","type":"CloudRunServiceNotFound","message":"Cloud Run service projects/sensei-manager-d64c0/locations/us-central1/services/criarsubcontaacademia for the function was not found. The function will not work correctly. Please redeploy."}],"environment":"GEN_2","url":"https://us-central1-sensei-manager-d64c0.cloudfunctions.net/criarSubcontaAcademia","satisfiesPzi":true},"stages":[{"name":"BUILD","message":"Build in progress","state":"IN_PROGRESS","resource":"projects/376094928692/locations/us-central1/builds/c7ce60e4-f520-477d-af61-1e11aebd8b66","resourceUri":"https://console.cloud.google.com/cloud-build/builds;region=us-central1/c7ce60e4-f520-477d-af61-1e11aebd8b66?project=376094928692"},{"name":"SERVICE","state":"NOT_STARTED"}],"operationType":"UPDATE_FUNCTION","buildName":"projects/376094928692/locations/us-central1/builds/c7ce60e4-f520-477d-af61-1e11aebd8b66"},"done":false}
[debug] [2026-08-20T09:44:39.470Z] [update-default-us-central1-criarSubcontaAcademia] Retrying task index 0
[debug] [2026-08-20T09:44:39.471Z] Checked if tokens are valid: true, expires at: 1787222614580
[debug] [2026-08-20T09:44:39.471Z] Checked if tokens are valid: true, expires at: 1787222614580
[debug] [2026-08-20T09:44:39.471Z] >>> [apiv2][query] GET https://cloudfunctions.googleapis.com/v2/projects/sensei-manager-d64c0/locations/us-central1/operations/operation-1787219066251-659775d946805-d6387848-ddf09527 [none]
[debug] [2026-08-20T09:44:40.539Z] <<< [apiv2][status] GET https://cloudfunctions.googleapis.com/v2/projects/sensei-manager-d64c0/locations/us-central1/operations/operation-1787219066251-659775d946805-d6387848-ddf09527 200
[debug] [2026-08-20T09:44:40.539Z] <<< [apiv2][body] GET https://cloudfunctions.googleapis.com/v2/projects/sensei-manager-d64c0/locations/us-central1/operations/operation-1787219066251-659775d946805-d6387848-ddf09527 {"name":"projects/sensei-manager-d64c0/locations/us-central1/operations/operation-1787219066251-659775d946805-d6387848-ddf09527","metadata":{"@type":"type.googleapis.com/google.cloud.functions.v2.OperationMetadata","createTime":"2026-08-20T09:44:27.502131239Z","target":"projects/sensei-manager-d64c0/locations/us-central1/functions/criarSubcontaAcademia","verb":"update","cancelRequested":false,"apiVersion":"v2","requestResource":{"@type":"type.googleapis.com/google.cloud.functions.v2.Function","name":"projects/sensei-manager-d64c0/locations/us-central1/functions/criarSubcontaAcademia","buildConfig":{"runtime":"nodejs20","entryPoint":"criarSubcontaAcademia","source":{"storageSource":{"bucket":"gcf-v2-sources-376094928692-us-central1","object":"criarSubcontaAcademia/function-source.zip","generation":"1787219067447854"}},"environmentVariables":{"GOOGLE_NODE_RUN_SCRIPTS":""},"dockerRepository":"projects/sensei-manager-d64c0/locations/us-central1/repositories/gcf-artifacts","sourceProvenance":{"resolvedStorageSource":{"bucket":"gcf-v2-sources-376094928692-us-central1","object":"criarSubcontaAcademia/function-source.zip","generation":"1786989821676536"}},"dockerRegistry":"ARTIFACT_REGISTRY","serviceAccount":"projects/sensei-manager-d64c0/serviceAccounts/376094928692-compute@developer.gserviceaccount.com","automaticUpdatePolicy":{}},"serviceConfig":{"service":"projects/sensei-manager-d64c0/locations/us-central1/services/criarsubcontaacademia","timeoutSeconds":60,"environmentVariables":{"FIREBASE_CONFIG":"{\"projectId\":\"sensei-manager-d64c0\",\"storageBucket\":\"sensei-manager-d64c0.firebasestorage.app\"}","GCLOUD_PROJECT":"sensei-manager-d64c0","EVENTARC_CLOUD_EVENT_SOURCE":"projects/sensei-manager-d64c0/locations/us-central1/services/criarSubcontaAcademia","FUNCTION_TARGET":"criarSubcontaAcademia","LOG_EXECUTION_ID":"true"},"ingressSettings":"ALLOW_ALL","serviceAccountEmail":"376094928692-compute@developer.gserviceaccount.com","availableMemory":"256Mi","secretEnvironmentVariables":[{"key":"ASAAS_API_KEY","projectId":"sensei-manager-d64c0","secret":"ASAAS_API_KEY","version":"1"}],"maxInstanceRequestConcurrency":80,"availableCpu":"1"},"state":"UNKNOWN","labels":{"deployment-callable":"true","firebase-functions-hash":"bbc2f0e50f837243b6332780cdd9814ce9042c3a"},"stateMessages":[{"severity":"ERROR","type":"CloudRunServiceNotFound","message":"Cloud Run service projects/sensei-manager-d64c0/locations/us-central1/services/criarsubcontaacademia for the function was not found. The function will not work correctly. Please redeploy."}],"environment":"GEN_2","url":"https://us-central1-sensei-manager-d64c0.cloudfunctions.net/criarSubcontaAcademia","satisfiesPzi":true},"stages":[{"name":"BUILD","message":"Build in progress","state":"IN_PROGRESS","resource":"projects/376094928692/locations/us-central1/builds/c7ce60e4-f520-477d-af61-1e11aebd8b66","resourceUri":"https://console.cloud.google.com/cloud-build/builds;region=us-central1/c7ce60e4-f520-477d-af61-1e11aebd8b66?project=376094928692"},{"name":"SERVICE","state":"NOT_STARTED"}],"operationType":"UPDATE_FUNCTION","buildName":"projects/376094928692/locations/us-central1/builds/c7ce60e4-f520-477d-af61-1e11aebd8b66"},"done":false}
[debug] [2026-08-20T09:44:48.541Z] [update-default-us-central1-criarSubcontaAcademia] Retrying task index 0
[debug] [2026-08-20T09:44:48.541Z] Checked if tokens are valid: true, expires at: 1787222614580
[debug] [2026-08-20T09:44:48.541Z] Checked if tokens are valid: true, expires at: 1787222614580
[debug] [2026-08-20T09:44:48.541Z] >>> [apiv2][query] GET https://cloudfunctions.googleapis.com/v2/projects/sensei-manager-d64c0/locations/us-central1/operations/operation-1787219066251-659775d946805-d6387848-ddf09527 [none]
[debug] [2026-08-20T09:44:49.690Z] <<< [apiv2][status] GET https://cloudfunctions.googleapis.com/v2/projects/sensei-manager-d64c0/locations/us-central1/operations/operation-1787219066251-659775d946805-d6387848-ddf09527 200
[debug] [2026-08-20T09:44:49.690Z] <<< [apiv2][body] GET https://cloudfunctions.googleapis.com/v2/projects/sensei-manager-d64c0/locations/us-central1/operations/operation-1787219066251-659775d946805-d6387848-ddf09527 {"name":"projects/sensei-manager-d64c0/locations/us-central1/operations/operation-1787219066251-659775d946805-d6387848-ddf09527","metadata":{"@type":"type.googleapis.com/google.cloud.functions.v2.OperationMetadata","createTime":"2026-08-20T09:44:27.502131239Z","target":"projects/sensei-manager-d64c0/locations/us-central1/functions/criarSubcontaAcademia","verb":"update","cancelRequested":false,"apiVersion":"v2","requestResource":{"@type":"type.googleapis.com/google.cloud.functions.v2.Function","name":"projects/sensei-manager-d64c0/locations/us-central1/functions/criarSubcontaAcademia","buildConfig":{"runtime":"nodejs20","entryPoint":"criarSubcontaAcademia","source":{"storageSource":{"bucket":"gcf-v2-sources-376094928692-us-central1","object":"criarSubcontaAcademia/function-source.zip","generation":"1787219067447854"}},"environmentVariables":{"GOOGLE_NODE_RUN_SCRIPTS":""},"dockerRepository":"projects/sensei-manager-d64c0/locations/us-central1/repositories/gcf-artifacts","sourceProvenance":{"resolvedStorageSource":{"bucket":"gcf-v2-sources-376094928692-us-central1","object":"criarSubcontaAcademia/function-source.zip","generation":"1786989821676536"}},"dockerRegistry":"ARTIFACT_REGISTRY","serviceAccount":"projects/sensei-manager-d64c0/serviceAccounts/376094928692-compute@developer.gserviceaccount.com","automaticUpdatePolicy":{}},"serviceConfig":{"service":"projects/sensei-manager-d64c0/locations/us-central1/services/criarsubcontaacademia","timeoutSeconds":60,"environmentVariables":{"FIREBASE_CONFIG":"{\"projectId\":\"sensei-manager-d64c0\",\"storageBucket\":\"sensei-manager-d64c0.firebasestorage.app\"}","GCLOUD_PROJECT":"sensei-manager-d64c0","EVENTARC_CLOUD_EVENT_SOURCE":"projects/sensei-manager-d64c0/locations/us-central1/services/criarSubcontaAcademia","FUNCTION_TARGET":"criarSubcontaAcademia","LOG_EXECUTION_ID":"true"},"ingressSettings":"ALLOW_ALL","serviceAccountEmail":"376094928692-compute@developer.gserviceaccount.com","availableMemory":"256Mi","secretEnvironmentVariables":[{"key":"ASAAS_API_KEY","projectId":"sensei-manager-d64c0","secret":"ASAAS_API_KEY","version":"1"}],"maxInstanceRequestConcurrency":80,"availableCpu":"1"},"state":"UNKNOWN","labels":{"deployment-callable":"true","firebase-functions-hash":"bbc2f0e50f837243b6332780cdd9814ce9042c3a"},"stateMessages":[{"severity":"ERROR","type":"CloudRunServiceNotFound","message":"Cloud Run service projects/sensei-manager-d64c0/locations/us-central1/services/criarsubcontaacademia for the function was not found. The function will not work correctly. Please redeploy."}],"environment":"GEN_2","url":"https://us-central1-sensei-manager-d64c0.cloudfunctions.net/criarSubcontaAcademia","satisfiesPzi":true},"stages":[{"name":"BUILD","message":"Build in progress","state":"IN_PROGRESS","resource":"projects/376094928692/locations/us-central1/builds/c7ce60e4-f520-477d-af61-1e11aebd8b66","resourceUri":"https://console.cloud.google.com/cloud-build/builds;region=us-central1/c7ce60e4-f520-477d-af61-1e11aebd8b66?project=376094928692"},{"name":"SERVICE","state":"NOT_STARTED"}],"operationType":"UPDATE_FUNCTION","buildName":"projects/376094928692/locations/us-central1/builds/c7ce60e4-f520-477d-af61-1e11aebd8b66"},"done":false}
[debug] [2026-08-20T09:44:59.692Z] [update-default-us-central1-criarSubcontaAcademia] Retrying task index 0
[debug] [2026-08-20T09:44:59.692Z] Checked if tokens are valid: true, expires at: 1787222614580
[debug] [2026-08-20T09:44:59.692Z] Checked if tokens are valid: true, expires at: 1787222614580
[debug] [2026-08-20T09:44:59.692Z] >>> [apiv2][query] GET https://cloudfunctions.googleapis.com/v2/projects/sensei-manager-d64c0/locations/us-central1/operations/operation-1787219066251-659775d946805-d6387848-ddf09527 [none]
[debug] [2026-08-20T09:45:00.953Z] <<< [apiv2][status] GET https://cloudfunctions.googleapis.com/v2/projects/sensei-manager-d64c0/locations/us-central1/operations/operation-1787219066251-659775d946805-d6387848-ddf09527 200
[debug] [2026-08-20T09:45:00.954Z] <<< [apiv2][body] GET https://cloudfunctions.googleapis.com/v2/projects/sensei-manager-d64c0/locations/us-central1/operations/operation-1787219066251-659775d946805-d6387848-ddf09527 {"name":"projects/sensei-manager-d64c0/locations/us-central1/operations/operation-1787219066251-659775d946805-d6387848-ddf09527","metadata":{"@type":"type.googleapis.com/google.cloud.functions.v2.OperationMetadata","createTime":"2026-08-20T09:44:27.502131239Z","target":"projects/sensei-manager-d64c0/locations/us-central1/functions/criarSubcontaAcademia","verb":"update","cancelRequested":false,"apiVersion":"v2","requestResource":{"@type":"type.googleapis.com/google.cloud.functions.v2.Function","name":"projects/sensei-manager-d64c0/locations/us-central1/functions/criarSubcontaAcademia","buildConfig":{"runtime":"nodejs20","entryPoint":"criarSubcontaAcademia","source":{"storageSource":{"bucket":"gcf-v2-sources-376094928692-us-central1","object":"criarSubcontaAcademia/function-source.zip","generation":"1787219067447854"}},"environmentVariables":{"GOOGLE_NODE_RUN_SCRIPTS":""},"dockerRepository":"projects/sensei-manager-d64c0/locations/us-central1/repositories/gcf-artifacts","sourceProvenance":{"resolvedStorageSource":{"bucket":"gcf-v2-sources-376094928692-us-central1","object":"criarSubcontaAcademia/function-source.zip","generation":"1786989821676536"}},"dockerRegistry":"ARTIFACT_REGISTRY","serviceAccount":"projects/sensei-manager-d64c0/serviceAccounts/376094928692-compute@developer.gserviceaccount.com","automaticUpdatePolicy":{}},"serviceConfig":{"service":"projects/sensei-manager-d64c0/locations/us-central1/services/criarsubcontaacademia","timeoutSeconds":60,"environmentVariables":{"FIREBASE_CONFIG":"{\"projectId\":\"sensei-manager-d64c0\",\"storageBucket\":\"sensei-manager-d64c0.firebasestorage.app\"}","GCLOUD_PROJECT":"sensei-manager-d64c0","EVENTARC_CLOUD_EVENT_SOURCE":"projects/sensei-manager-d64c0/locations/us-central1/services/criarSubcontaAcademia","FUNCTION_TARGET":"criarSubcontaAcademia","LOG_EXECUTION_ID":"true"},"ingressSettings":"ALLOW_ALL","serviceAccountEmail":"376094928692-compute@developer.gserviceaccount.com","availableMemory":"256Mi","secretEnvironmentVariables":[{"key":"ASAAS_API_KEY","projectId":"sensei-manager-d64c0","secret":"ASAAS_API_KEY","version":"1"}],"maxInstanceRequestConcurrency":80,"availableCpu":"1"},"state":"UNKNOWN","labels":{"deployment-callable":"true","firebase-functions-hash":"bbc2f0e50f837243b6332780cdd9814ce9042c3a"},"stateMessages":[{"severity":"ERROR","type":"CloudRunServiceNotFound","message":"Cloud Run service projects/sensei-manager-d64c0/locations/us-central1/services/criarsubcontaacademia for the function was not found. The function will not work correctly. Please redeploy."}],"environment":"GEN_2","url":"https://us-central1-sensei-manager-d64c0.cloudfunctions.net/criarSubcontaAcademia","satisfiesPzi":true},"stages":[{"name":"BUILD","message":"Build in progress","state":"IN_PROGRESS","resource":"projects/376094928692/locations/us-central1/builds/c7ce60e4-f520-477d-af61-1e11aebd8b66","resourceUri":"https://console.cloud.google.com/cloud-build/builds;region=us-central1/c7ce60e4-f520-477d-af61-1e11aebd8b66?project=376094928692"},{"name":"SERVICE","state":"NOT_STARTED"}],"operationType":"UPDATE_FUNCTION","buildName":"projects/376094928692/locations/us-central1/builds/c7ce60e4-f520-477d-af61-1e11aebd8b66"},"done":false}
[debug] [2026-08-20T09:45:10.955Z] [update-default-us-central1-criarSubcontaAcademia] Retrying task index 0
[debug] [2026-08-20T09:45:10.955Z] Checked if tokens are valid: true, expires at: 1787222614580
[debug] [2026-08-20T09:45:10.955Z] Checked if tokens are valid: true, expires at: 1787222614580
[debug] [2026-08-20T09:45:10.956Z] >>> [apiv2][query] GET https://cloudfunctions.googleapis.com/v2/projects/sensei-manager-d64c0/locations/us-central1/operations/operation-1787219066251-659775d946805-d6387848-ddf09527 [none]
[debug] [2026-08-20T09:45:12.055Z] <<< [apiv2][status] GET https://cloudfunctions.googleapis.com/v2/projects/sensei-manager-d64c0/locations/us-central1/operations/operation-1787219066251-659775d946805-d6387848-ddf09527 200
[debug] [2026-08-20T09:45:12.055Z] <<< [apiv2][body] GET https://cloudfunctions.googleapis.com/v2/projects/sensei-manager-d64c0/locations/us-central1/operations/operation-1787219066251-659775d946805-d6387848-ddf09527 {"name":"projects/sensei-manager-d64c0/locations/us-central1/operations/operation-1787219066251-659775d946805-d6387848-ddf09527","metadata":{"@type":"type.googleapis.com/google.cloud.functions.v2.OperationMetadata","createTime":"2026-08-20T09:44:27.502131239Z","endTime":"2026-08-20T09:45:04.063231263Z","target":"projects/sensei-manager-d64c0/locations/us-central1/functions/criarSubcontaAcademia","verb":"update","cancelRequested":false,"apiVersion":"v2","requestResource":{"@type":"type.googleapis.com/google.cloud.functions.v2.Function","name":"projects/sensei-manager-d64c0/locations/us-central1/functions/criarSubcontaAcademia","buildConfig":{"runtime":"nodejs20","entryPoint":"criarSubcontaAcademia","source":{"storageSource":{"bucket":"gcf-v2-sources-376094928692-us-central1","object":"criarSubcontaAcademia/function-source.zip","generation":"1787219067447854"}},"environmentVariables":{"GOOGLE_NODE_RUN_SCRIPTS":""},"dockerRepository":"projects/sensei-manager-d64c0/locations/us-central1/repositories/gcf-artifacts","sourceProvenance":{"resolvedStorageSource":{"bucket":"gcf-v2-sources-376094928692-us-central1","object":"criarSubcontaAcademia/function-source.zip","generation":"1786989821676536"}},"dockerRegistry":"ARTIFACT_REGISTRY","serviceAccount":"projects/sensei-manager-d64c0/serviceAccounts/376094928692-compute@developer.gserviceaccount.com","automaticUpdatePolicy":{}},"serviceConfig":{"service":"projects/sensei-manager-d64c0/locations/us-central1/services/criarsubcontaacademia","timeoutSeconds":60,"environmentVariables":{"FIREBASE_CONFIG":"{\"projectId\":\"sensei-manager-d64c0\",\"storageBucket\":\"sensei-manager-d64c0.firebasestorage.app\"}","GCLOUD_PROJECT":"sensei-manager-d64c0","EVENTARC_CLOUD_EVENT_SOURCE":"projects/sensei-manager-d64c0/locations/us-central1/services/criarSubcontaAcademia","FUNCTION_TARGET":"criarSubcontaAcademia","LOG_EXECUTION_ID":"true"},"ingressSettings":"ALLOW_ALL","serviceAccountEmail":"376094928692-compute@developer.gserviceaccount.com","availableMemory":"256Mi","secretEnvironmentVariables":[{"key":"ASAAS_API_KEY","projectId":"sensei-manager-d64c0","secret":"ASAAS_API_KEY","version":"1"}],"maxInstanceRequestConcurrency":80,"availableCpu":"1"},"state":"UNKNOWN","labels":{"deployment-callable":"true","firebase-functions-hash":"bbc2f0e50f837243b6332780cdd9814ce9042c3a"},"stateMessages":[{"severity":"ERROR","type":"CloudRunServiceNotFound","message":"Cloud Run service projects/sensei-manager-d64c0/locations/us-central1/services/criarsubcontaacademia for the function was not found. The function will not work correctly. Please redeploy."}],"environment":"GEN_2","url":"https://us-central1-sensei-manager-d64c0.cloudfunctions.net/criarSubcontaAcademia","satisfiesPzi":true},"stages":[{"name":"SERVICE","state":"NOT_STARTED"}],"operationType":"UPDATE_FUNCTION"},"done":true,"error":{"code":3,"message":"Build failed with status: FAILURE. Could not build the function due to a missing permission on the build service account. If you didn't revoke that permission explicitly, this could be caused by a change in the organization policies. Please refer to the following documentation for more details and resolution: https://cloud.google.com/functions/docs/troubleshooting#build-service-account\n You can also view the logs at https://console.cloud.google.com/cloud-build/builds;region=us-central1/c7ce60e4-f520-477d-af61-1e11aebd8b66?project=376094928692.\n"}}
[debug] [2026-08-20T09:45:12.056Z] Got source token undefined for region us-central1
[debug] [2026-08-20T09:45:12.056Z] Checked if tokens are valid: true, expires at: 1787222614580
[debug] [2026-08-20T09:45:12.056Z] Checked if tokens are valid: true, expires at: 1787222614580
[debug] [2026-08-20T09:45:12.056Z] Checked if tokens are valid: true, expires at: 1787222614580
[debug] [2026-08-20T09:45:12.056Z] Checked if tokens are valid: true, expires at: 1787222614580
[debug] [2026-08-20T09:45:12.056Z] Checked if tokens are valid: true, expires at: 1787222614580
[debug] [2026-08-20T09:45:12.056Z] Checked if tokens are valid: true, expires at: 1787222614580
[debug] [2026-08-20T09:45:12.056Z] >>> [apiv2][query] PATCH https://cloudfunctions.googleapis.com/v2/projects/sensei-manager-d64c0/locations/us-central1/functions/verificarStatusAsaas updateMask=name%2CbuildConfig.runtime%2CbuildConfig.entryPoint%2CbuildConfig.source.storageSource.bucket%2CbuildConfig.source.storageSource.object%2CbuildConfig.environmentVariables%2CbuildConfig.sourceToken%2CserviceConfig.environmentVariables%2CserviceConfig.secretEnvironmentVariables%2CserviceConfig.ingressSettings%2CserviceConfig.timeoutSeconds%2CserviceConfig.serviceAccountEmail%2CserviceConfig.availableMemory%2CserviceConfig.minInstanceCount%2CserviceConfig.maxInstanceCount%2CserviceConfig.maxInstanceRequestConcurrency%2CserviceConfig.availableCpu%2CserviceConfig.vpcConnector%2CserviceConfig.vpcConnectorEgressSettings%2CserviceConfig.directVpcNetworkInterface%2CserviceConfig.directVpcEgress%2Clabels
[debug] [2026-08-20T09:45:12.056Z] >>> [apiv2][body] PATCH https://cloudfunctions.googleapis.com/v2/projects/sensei-manager-d64c0/locations/us-central1/functions/verificarStatusAsaas {"name":"projects/sensei-manager-d64c0/locations/us-central1/functions/verificarStatusAsaas","buildConfig":{"runtime":"nodejs20","entryPoint":"verificarStatusAsaas","source":{"storageSource":{"bucket":"gcf-v2-uploads-376094928692.us-central1.cloudfunctions.appspot.com","object":"0c52ecfb-2195-4eb4-9a62-177238866e51.zip"}},"environmentVariables":{"GOOGLE_NODE_RUN_SCRIPTS":""}},"serviceConfig":{"environmentVariables":{"FIREBASE_CONFIG":"{\"projectId\":\"sensei-manager-d64c0\",\"storageBucket\":\"sensei-manager-d64c0.firebasestorage.app\"}","GCLOUD_PROJECT":"sensei-manager-d64c0","EVENTARC_CLOUD_EVENT_SOURCE":"projects/sensei-manager-d64c0/locations/us-central1/services/verificarStatusAsaas","FUNCTION_TARGET":"verificarStatusAsaas","LOG_EXECUTION_ID":"true"},"secretEnvironmentVariables":[{"key":"ASAAS_API_KEY","secret":"ASAAS_API_KEY","projectId":"sensei-manager-d64c0","version":"1"}],"ingressSettings":null,"timeoutSeconds":null,"serviceAccountEmail":null,"availableMemory":"256Mi","minInstanceCount":null,"maxInstanceCount":null,"maxInstanceRequestConcurrency":80,"availableCpu":"1","vpcConnector":null,"vpcConnectorEgressSettings":null,"directVpcNetworkInterface":null,"directVpcEgress":null},"labels":{"deployment-tool":"cli-firebase","deployment-callable":"true","firebase-functions-hash":"bbc2f0e50f837243b6332780cdd9814ce9042c3a"}}
[debug] [2026-08-20T09:45:12.057Z] >>> [apiv2][query] PATCH https://cloudfunctions.googleapis.com/v2/projects/sensei-manager-d64c0/locations/us-central1/functions/criarCobrancaPix updateMask=name%2CbuildConfig.runtime%2CbuildConfig.entryPoint%2CbuildConfig.source.storageSource.bucket%2CbuildConfig.source.storageSource.object%2CbuildConfig.environmentVariables%2CbuildConfig.sourceToken%2CserviceConfig.environmentVariables%2CserviceConfig.secretEnvironmentVariables%2CserviceConfig.ingressSettings%2CserviceConfig.timeoutSeconds%2CserviceConfig.serviceAccountEmail%2CserviceConfig.availableMemory%2CserviceConfig.minInstanceCount%2CserviceConfig.maxInstanceCount%2CserviceConfig.maxInstanceRequestConcurrency%2CserviceConfig.availableCpu%2CserviceConfig.vpcConnector%2CserviceConfig.vpcConnectorEgressSettings%2CserviceConfig.directVpcNetworkInterface%2CserviceConfig.directVpcEgress%2Clabels
[debug] [2026-08-20T09:45:12.057Z] >>> [apiv2][body] PATCH https://cloudfunctions.googleapis.com/v2/projects/sensei-manager-d64c0/locations/us-central1/functions/criarCobrancaPix {"name":"projects/sensei-manager-d64c0/locations/us-central1/functions/criarCobrancaPix","buildConfig":{"runtime":"nodejs20","entryPoint":"criarCobrancaPix","source":{"storageSource":{"bucket":"gcf-v2-uploads-376094928692.us-central1.cloudfunctions.appspot.com","object":"0c52ecfb-2195-4eb4-9a62-177238866e51.zip"}},"environmentVariables":{"GOOGLE_NODE_RUN_SCRIPTS":""}},"serviceConfig":{"environmentVariables":{"FIREBASE_CONFIG":"{\"projectId\":\"sensei-manager-d64c0\",\"storageBucket\":\"sensei-manager-d64c0.firebasestorage.app\"}","GCLOUD_PROJECT":"sensei-manager-d64c0","EVENTARC_CLOUD_EVENT_SOURCE":"projects/sensei-manager-d64c0/locations/us-central1/services/criarCobrancaPix","FUNCTION_TARGET":"criarCobrancaPix","LOG_EXECUTION_ID":"true"},"secretEnvironmentVariables":[{"key":"ASAAS_API_KEY","secret":"ASAAS_API_KEY","projectId":"sensei-manager-d64c0","version":"1"}],"ingressSettings":null,"timeoutSeconds":null,"serviceAccountEmail":null,"availableMemory":"256Mi","minInstanceCount":null,"maxInstanceCount":null,"maxInstanceRequestConcurrency":80,"availableCpu":"1","vpcConnector":null,"vpcConnectorEgressSettings":null,"directVpcNetworkInterface":null,"directVpcEgress":null},"labels":{"deployment-tool":"cli-firebase","deployment-callable":"true","firebase-functions-hash":"bbc2f0e50f837243b6332780cdd9814ce9042c3a"}}
[debug] [2026-08-20T09:45:12.059Z] >>> [apiv2][query] PATCH https://cloudfunctions.googleapis.com/v2/projects/sensei-manager-d64c0/locations/us-central1/functions/webhookAsaas updateMask=name%2CbuildConfig.runtime%2CbuildConfig.entryPoint%2CbuildConfig.source.storageSource.bucket%2CbuildConfig.source.storageSource.object%2CbuildConfig.environmentVariables%2CbuildConfig.sourceToken%2CserviceConfig.environmentVariables%2CserviceConfig.secretEnvironmentVariables%2CserviceConfig.ingressSettings%2CserviceConfig.timeoutSeconds%2CserviceConfig.serviceAccountEmail%2CserviceConfig.availableMemory%2CserviceConfig.minInstanceCount%2CserviceConfig.maxInstanceCount%2CserviceConfig.maxInstanceRequestConcurrency%2CserviceConfig.availableCpu%2CserviceConfig.vpcConnector%2CserviceConfig.vpcConnectorEgressSettings%2CserviceConfig.directVpcNetworkInterface%2CserviceConfig.directVpcEgress%2Clabels
[debug] [2026-08-20T09:45:12.059Z] >>> [apiv2][body] PATCH https://cloudfunctions.googleapis.com/v2/projects/sensei-manager-d64c0/locations/us-central1/functions/webhookAsaas {"name":"projects/sensei-manager-d64c0/locations/us-central1/functions/webhookAsaas","buildConfig":{"runtime":"nodejs20","entryPoint":"webhookAsaas","source":{"storageSource":{"bucket":"gcf-v2-uploads-376094928692.us-central1.cloudfunctions.appspot.com","object":"0c52ecfb-2195-4eb4-9a62-177238866e51.zip"}},"environmentVariables":{"GOOGLE_NODE_RUN_SCRIPTS":""}},"serviceConfig":{"environmentVariables":{"FIREBASE_CONFIG":"{\"projectId\":\"sensei-manager-d64c0\",\"storageBucket\":\"sensei-manager-d64c0.firebasestorage.app\"}","GCLOUD_PROJECT":"sensei-manager-d64c0","EVENTARC_CLOUD_EVENT_SOURCE":"projects/sensei-manager-d64c0/locations/us-central1/services/webhookAsaas","FUNCTION_TARGET":"webhookAsaas","LOG_EXECUTION_ID":"true"},"secretEnvironmentVariables":[{"key":"ASAAS_WEBHOOK_TOKEN","secret":"ASAAS_WEBHOOK_TOKEN","projectId":"sensei-manager-d64c0","version":"1"}],"ingressSettings":null,"timeoutSeconds":null,"serviceAccountEmail":null,"availableMemory":"256Mi","minInstanceCount":null,"maxInstanceCount":null,"maxInstanceRequestConcurrency":80,"availableCpu":"1","vpcConnector":null,"vpcConnectorEgressSettings":null,"directVpcNetworkInterface":null,"directVpcEgress":null},"labels":{"deployment-tool":"cli-firebase","firebase-functions-hash":"57636b5a224fd2a5e0f1d825b2658881cd8fdb30"}}
[error] Build failed with status: FAILURE. Could not build the function due to a missing permission on the build service account. If you didn't revoke that permission explicitly, this could be caused by a change in the organization policies. Please refer to the following documentation for more details and resolution: https://cloud.google.com/functions/docs/troubleshooting#build-service-account
 You can also view the logs at https://console.cloud.google.com/cloud-build/builds;region=us-central1/c7ce60e4-f520-477d-af61-1e11aebd8b66?project=376094928692.

[debug] [2026-08-20T09:45:14.141Z] <<< [apiv2][status] PATCH https://cloudfunctions.googleapis.com/v2/projects/sensei-manager-d64c0/locations/us-central1/functions/verificarStatusAsaas 200
[debug] [2026-08-20T09:45:14.141Z] <<< [apiv2][body] PATCH https://cloudfunctions.googleapis.com/v2/projects/sensei-manager-d64c0/locations/us-central1/functions/verificarStatusAsaas {"name":"projects/sensei-manager-d64c0/locations/us-central1/operations/operation-1787219112989-65977605d92c9-f676e18d-9590ebdd","metadata":{"@type":"type.googleapis.com/google.cloud.functions.v2.OperationMetadata","createTime":"2026-08-20T09:45:14.025732679Z","target":"projects/sensei-manager-d64c0/locations/us-central1/functions/verificarStatusAsaas","verb":"update","cancelRequested":false,"apiVersion":"v2"},"done":false}
[debug] [2026-08-20T09:45:14.141Z] Checked if tokens are valid: true, expires at: 1787222614580
[debug] [2026-08-20T09:45:14.141Z] Checked if tokens are valid: true, expires at: 1787222614580
[debug] [2026-08-20T09:45:14.141Z] >>> [apiv2][query] GET https://cloudfunctions.googleapis.com/v2/projects/sensei-manager-d64c0/locations/us-central1/operations/operation-1787219112989-65977605d92c9-f676e18d-9590ebdd [none]
[debug] [2026-08-20T09:45:14.173Z] <<< [apiv2][status] PATCH https://cloudfunctions.googleapis.com/v2/projects/sensei-manager-d64c0/locations/us-central1/functions/criarCobrancaPix 200
[debug] [2026-08-20T09:45:14.173Z] <<< [apiv2][body] PATCH https://cloudfunctions.googleapis.com/v2/projects/sensei-manager-d64c0/locations/us-central1/functions/criarCobrancaPix {"name":"projects/sensei-manager-d64c0/locations/us-central1/operations/operation-1787219113062-65977605eb0a2-fc2391cc-c976c543","metadata":{"@type":"type.googleapis.com/google.cloud.functions.v2.OperationMetadata","createTime":"2026-08-20T09:45:14.064684251Z","target":"projects/sensei-manager-d64c0/locations/us-central1/functions/criarCobrancaPix","verb":"update","cancelRequested":false,"apiVersion":"v2"},"done":false}
[debug] [2026-08-20T09:45:14.173Z] Checked if tokens are valid: true, expires at: 1787222614580
[debug] [2026-08-20T09:45:14.173Z] Checked if tokens are valid: true, expires at: 1787222614580
[debug] [2026-08-20T09:45:14.173Z] >>> [apiv2][query] GET https://cloudfunctions.googleapis.com/v2/projects/sensei-manager-d64c0/locations/us-central1/operations/operation-1787219113062-65977605eb0a2-fc2391cc-c976c543 [none]
[debug] [2026-08-20T09:45:14.305Z] <<< [apiv2][status] PATCH https://cloudfunctions.googleapis.com/v2/projects/sensei-manager-d64c0/locations/us-central1/functions/webhookAsaas 200
[debug] [2026-08-20T09:45:14.305Z] <<< [apiv2][body] PATCH https://cloudfunctions.googleapis.com/v2/projects/sensei-manager-d64c0/locations/us-central1/functions/webhookAsaas {"name":"projects/sensei-manager-d64c0/locations/us-central1/operations/operation-1787219113129-65977605fb6d9-85ce174e-e039ef35","metadata":{"@type":"type.googleapis.com/google.cloud.functions.v2.OperationMetadata","createTime":"2026-08-20T09:45:14.176695113Z","target":"projects/sensei-manager-d64c0/locations/us-central1/functions/webhookAsaas","verb":"update","cancelRequested":false,"apiVersion":"v2"},"done":false}
[debug] [2026-08-20T09:45:14.305Z] Checked if tokens are valid: true, expires at: 1787222614580
[debug] [2026-08-20T09:45:14.305Z] Checked if tokens are valid: true, expires at: 1787222614580
[debug] [2026-08-20T09:45:14.305Z] >>> [apiv2][query] GET https://cloudfunctions.googleapis.com/v2/projects/sensei-manager-d64c0/locations/us-central1/operations/operation-1787219113129-65977605fb6d9-85ce174e-e039ef35 [none]
[debug] [2026-08-20T09:45:15.097Z] <<< [apiv2][status] GET https://cloudfunctions.googleapis.com/v2/projects/sensei-manager-d64c0/locations/us-central1/operations/operation-1787219112989-65977605d92c9-f676e18d-9590ebdd 200
[debug] [2026-08-20T09:45:15.097Z] <<< [apiv2][body] GET https://cloudfunctions.googleapis.com/v2/projects/sensei-manager-d64c0/locations/us-central1/operations/operation-1787219112989-65977605d92c9-f676e18d-9590ebdd {"name":"projects/sensei-manager-d64c0/locations/us-central1/operations/operation-1787219112989-65977605d92c9-f676e18d-9590ebdd","metadata":{"@type":"type.googleapis.com/google.cloud.functions.v2.OperationMetadata","createTime":"2026-08-20T09:45:14.025732679Z","target":"projects/sensei-manager-d64c0/locations/us-central1/functions/verificarStatusAsaas","verb":"update","cancelRequested":false,"apiVersion":"v2","requestResource":{"@type":"type.googleapis.com/google.cloud.functions.v2.Function","name":"projects/sensei-manager-d64c0/locations/us-central1/functions/verificarStatusAsaas","buildConfig":{"runtime":"nodejs20","entryPoint":"verificarStatusAsaas","source":{"storageSource":{"bucket":"gcf-v2-sources-376094928692-us-central1","object":"verificarStatusAsaas/function-source.zip","generation":"1787219113960326"}},"environmentVariables":{"GOOGLE_NODE_RUN_SCRIPTS":""},"dockerRepository":"projects/sensei-manager-d64c0/locations/us-central1/repositories/gcf-artifacts","sourceProvenance":{"resolvedStorageSource":{"bucket":"gcf-v2-sources-376094928692-us-central1","object":"verificarStatusAsaas/function-source.zip","generation":"1786989866286603"}},"dockerRegistry":"ARTIFACT_REGISTRY","serviceAccount":"projects/sensei-manager-d64c0/serviceAccounts/376094928692-compute@developer.gserviceaccount.com","automaticUpdatePolicy":{}},"serviceConfig":{"service":"projects/sensei-manager-d64c0/locations/us-central1/services/verificarstatusasaas","timeoutSeconds":60,"environmentVariables":{"FIREBASE_CONFIG":"{\"projectId\":\"sensei-manager-d64c0\",\"storageBucket\":\"sensei-manager-d64c0.firebasestorage.app\"}","GCLOUD_PROJECT":"sensei-manager-d64c0","EVENTARC_CLOUD_EVENT_SOURCE":"projects/sensei-manager-d64c0/locations/us-central1/services/verificarStatusAsaas","FUNCTION_TARGET":"verificarStatusAsaas","LOG_EXECUTION_ID":"true"},"ingressSettings":"ALLOW_ALL","serviceAccountEmail":"376094928692-compute@developer.gserviceaccount.com","availableMemory":"256Mi","secretEnvironmentVariables":[{"key":"ASAAS_API_KEY","projectId":"sensei-manager-d64c0","secret":"ASAAS_API_KEY","version":"1"}],"maxInstanceRequestConcurrency":80,"availableCpu":"1"},"state":"UNKNOWN","labels":{"deployment-callable":"true","firebase-functions-hash":"bbc2f0e50f837243b6332780cdd9814ce9042c3a"},"stateMessages":[{"severity":"ERROR","type":"CloudRunServiceNotFound","message":"Cloud Run service projects/sensei-manager-d64c0/locations/us-central1/services/verificarstatusasaas for the function was not found. The function will not work correctly. Please redeploy."}],"environment":"GEN_2","url":"https://us-central1-sensei-manager-d64c0.cloudfunctions.net/verificarStatusAsaas","satisfiesPzi":true},"stages":[{"name":"BUILD","message":"Creating build","state":"IN_PROGRESS","resource":"projects/376094928692/locations/us-central1/builds/c577999d-527a-474a-8cd8-ec9d10f86d3d","resourceUri":"https://console.cloud.google.com/cloud-build/builds;region=us-central1/c577999d-527a-474a-8cd8-ec9d10f86d3d?project=376094928692"},{"name":"SERVICE","state":"NOT_STARTED"}],"operationType":"UPDATE_FUNCTION","buildName":"projects/376094928692/locations/us-central1/builds/c577999d-527a-474a-8cd8-ec9d10f86d3d"},"done":false}
[debug] [2026-08-20T09:45:15.128Z] <<< [apiv2][status] GET https://cloudfunctions.googleapis.com/v2/projects/sensei-manager-d64c0/locations/us-central1/operations/operation-1787219113062-65977605eb0a2-fc2391cc-c976c543 200
[debug] [2026-08-20T09:45:15.128Z] <<< [apiv2][body] GET https://cloudfunctions.googleapis.com/v2/projects/sensei-manager-d64c0/locations/us-central1/operations/operation-1787219113062-65977605eb0a2-fc2391cc-c976c543 {"name":"projects/sensei-manager-d64c0/locations/us-central1/operations/operation-1787219113062-65977605eb0a2-fc2391cc-c976c543","metadata":{"@type":"type.googleapis.com/google.cloud.functions.v2.OperationMetadata","createTime":"2026-08-20T09:45:14.064684251Z","target":"projects/sensei-manager-d64c0/locations/us-central1/functions/criarCobrancaPix","verb":"update","cancelRequested":false,"apiVersion":"v2","requestResource":{"@type":"type.googleapis.com/google.cloud.functions.v2.Function","name":"projects/sensei-manager-d64c0/locations/us-central1/functions/criarCobrancaPix","buildConfig":{"runtime":"nodejs20","entryPoint":"criarCobrancaPix","source":{"storageSource":{"bucket":"gcf-v2-sources-376094928692-us-central1","object":"criarCobrancaPix/function-source.zip","generation":"1787219114007347"}},"environmentVariables":{"GOOGLE_NODE_RUN_SCRIPTS":""},"dockerRepository":"projects/sensei-manager-d64c0/locations/us-central1/repositories/gcf-artifacts","sourceProvenance":{"resolvedStorageSource":{"bucket":"gcf-v2-sources-376094928692-us-central1","object":"criarCobrancaPix/function-source.zip","generation":"1786989867112722"}},"dockerRegistry":"ARTIFACT_REGISTRY","serviceAccount":"projects/sensei-manager-d64c0/serviceAccounts/376094928692-compute@developer.gserviceaccount.com","automaticUpdatePolicy":{}},"serviceConfig":{"service":"projects/sensei-manager-d64c0/locations/us-central1/services/criarcobrancapix","timeoutSeconds":60,"environmentVariables":{"FIREBASE_CONFIG":"{\"projectId\":\"sensei-manager-d64c0\",\"storageBucket\":\"sensei-manager-d64c0.firebasestorage.app\"}","GCLOUD_PROJECT":"sensei-manager-d64c0","EVENTARC_CLOUD_EVENT_SOURCE":"projects/sensei-manager-d64c0/locations/us-central1/services/criarCobrancaPix","FUNCTION_TARGET":"criarCobrancaPix","LOG_EXECUTION_ID":"true"},"ingressSettings":"ALLOW_ALL","serviceAccountEmail":"376094928692-compute@developer.gserviceaccount.com","availableMemory":"256Mi","secretEnvironmentVariables":[{"key":"ASAAS_API_KEY","projectId":"sensei-manager-d64c0","secret":"ASAAS_API_KEY","version":"1"}],"maxInstanceRequestConcurrency":80,"availableCpu":"1"},"state":"UNKNOWN","labels":{"deployment-callable":"true","firebase-functions-hash":"bbc2f0e50f837243b6332780cdd9814ce9042c3a"},"stateMessages":[{"severity":"ERROR","type":"CloudRunServiceNotFound","message":"Cloud Run service projects/sensei-manager-d64c0/locations/us-central1/services/criarcobrancapix for the function was not found. The function will not work correctly. Please redeploy."}],"environment":"GEN_2","url":"https://us-central1-sensei-manager-d64c0.cloudfunctions.net/criarCobrancaPix","satisfiesPzi":true},"stages":[{"name":"BUILD","message":"Creating build","state":"IN_PROGRESS","resource":"projects/376094928692/locations/us-central1/builds/d7d7b968-d40b-4a92-8449-80059c4649de","resourceUri":"https://console.cloud.google.com/cloud-build/builds;region=us-central1/d7d7b968-d40b-4a92-8449-80059c4649de?project=376094928692"},{"name":"SERVICE","state":"NOT_STARTED"}],"operationType":"UPDATE_FUNCTION","buildName":"projects/376094928692/locations/us-central1/builds/d7d7b968-d40b-4a92-8449-80059c4649de"},"done":false}
[debug] [2026-08-20T09:45:15.437Z] <<< [apiv2][status] GET https://cloudfunctions.googleapis.com/v2/projects/sensei-manager-d64c0/locations/us-central1/operations/operation-1787219113129-65977605fb6d9-85ce174e-e039ef35 200
[debug] [2026-08-20T09:45:15.437Z] <<< [apiv2][body] GET https://cloudfunctions.googleapis.com/v2/projects/sensei-manager-d64c0/locations/us-central1/operations/operation-1787219113129-65977605fb6d9-85ce174e-e039ef35 {"name":"projects/sensei-manager-d64c0/locations/us-central1/operations/operation-1787219113129-65977605fb6d9-85ce174e-e039ef35","metadata":{"@type":"type.googleapis.com/google.cloud.functions.v2.OperationMetadata","createTime":"2026-08-20T09:45:14.176695113Z","target":"projects/sensei-manager-d64c0/locations/us-central1/functions/webhookAsaas","verb":"update","cancelRequested":false,"apiVersion":"v2","requestResource":{"@type":"type.googleapis.com/google.cloud.functions.v2.Function","name":"projects/sensei-manager-d64c0/locations/us-central1/functions/webhookAsaas","buildConfig":{"runtime":"nodejs20","entryPoint":"webhookAsaas","source":{"storageSource":{"bucket":"gcf-v2-sources-376094928692-us-central1","object":"webhookAsaas/function-source.zip","generation":"1787219114118810"}},"environmentVariables":{"GOOGLE_NODE_RUN_SCRIPTS":""},"dockerRepository":"projects/sensei-manager-d64c0/locations/us-central1/repositories/gcf-artifacts","sourceProvenance":{"resolvedStorageSource":{"bucket":"gcf-v2-sources-376094928692-us-central1","object":"webhookAsaas/function-source.zip","generation":"1786989867148965"}},"dockerRegistry":"ARTIFACT_REGISTRY","serviceAccount":"projects/sensei-manager-d64c0/serviceAccounts/376094928692-compute@developer.gserviceaccount.com","automaticUpdatePolicy":{}},"serviceConfig":{"service":"projects/sensei-manager-d64c0/locations/us-central1/services/webhookasaas","timeoutSeconds":60,"environmentVariables":{"FIREBASE_CONFIG":"{\"projectId\":\"sensei-manager-d64c0\",\"storageBucket\":\"sensei-manager-d64c0.firebasestorage.app\"}","GCLOUD_PROJECT":"sensei-manager-d64c0","EVENTARC_CLOUD_EVENT_SOURCE":"projects/sensei-manager-d64c0/locations/us-central1/services/webhookAsaas","FUNCTION_TARGET":"webhookAsaas","LOG_EXECUTION_ID":"true"},"ingressSettings":"ALLOW_ALL","serviceAccountEmail":"376094928692-compute@developer.gserviceaccount.com","availableMemory":"256Mi","secretEnvironmentVariables":[{"key":"ASAAS_WEBHOOK_TOKEN","projectId":"sensei-manager-d64c0","secret":"ASAAS_WEBHOOK_TOKEN","version":"1"}],"maxInstanceRequestConcurrency":80,"availableCpu":"1"},"state":"UNKNOWN","labels":{"firebase-functions-hash":"57636b5a224fd2a5e0f1d825b2658881cd8fdb30"},"stateMessages":[{"severity":"ERROR","type":"CloudRunServiceNotFound","message":"Cloud Run service projects/sensei-manager-d64c0/locations/us-central1/services/webhookasaas for the function was not found. The function will not work correctly. Please redeploy."}],"environment":"GEN_2","url":"https://us-central1-sensei-manager-d64c0.cloudfunctions.net/webhookAsaas","satisfiesPzi":true},"stages":[{"name":"BUILD","message":"Build in progress","state":"IN_PROGRESS","resource":"projects/376094928692/locations/us-central1/builds/158f4315-c97f-4915-a590-d2e830c37267","resourceUri":"https://console.cloud.google.com/cloud-build/builds;region=us-central1/158f4315-c97f-4915-a590-d2e830c37267?project=376094928692"},{"name":"SERVICE","state":"NOT_STARTED"}],"operationType":"UPDATE_FUNCTION","buildName":"projects/376094928692/locations/us-central1/builds/158f4315-c97f-4915-a590-d2e830c37267"},"done":false}
[debug] [2026-08-20T09:45:15.598Z] [update-default-us-central1-verificarStatusAsaas] Retrying task index 0
[debug] [2026-08-20T09:45:15.598Z] Checked if tokens are valid: true, expires at: 1787222614580
[debug] [2026-08-20T09:45:15.599Z] Checked if tokens are valid: true, expires at: 1787222614580
[debug] [2026-08-20T09:45:15.599Z] >>> [apiv2][query] GET https://cloudfunctions.googleapis.com/v2/projects/sensei-manager-d64c0/locations/us-central1/operations/operation-1787219112989-65977605d92c9-f676e18d-9590ebdd [none]
[debug] [2026-08-20T09:45:15.630Z] [update-default-us-central1-criarCobrancaPix] Retrying task index 0
[debug] [2026-08-20T09:45:15.631Z] Checked if tokens are valid: true, expires at: 1787222614580
[debug] [2026-08-20T09:45:15.631Z] Checked if tokens are valid: true, expires at: 1787222614580
[debug] [2026-08-20T09:45:15.631Z] >>> [apiv2][query] GET https://cloudfunctions.googleapis.com/v2/projects/sensei-manager-d64c0/locations/us-central1/operations/operation-1787219113062-65977605eb0a2-fc2391cc-c976c543 [none]
[debug] [2026-08-20T09:45:15.938Z] [update-default-us-central1-webhookAsaas] Retrying task index 0
[debug] [2026-08-20T09:45:15.939Z] Checked if tokens are valid: true, expires at: 1787222614580
[debug] [2026-08-20T09:45:15.939Z] Checked if tokens are valid: true, expires at: 1787222614580
[debug] [2026-08-20T09:45:15.939Z] >>> [apiv2][query] GET https://cloudfunctions.googleapis.com/v2/projects/sensei-manager-d64c0/locations/us-central1/operations/operation-1787219113129-65977605fb6d9-85ce174e-e039ef35 [none]
[debug] [2026-08-20T09:45:16.726Z] <<< [apiv2][status] GET https://cloudfunctions.googleapis.com/v2/projects/sensei-manager-d64c0/locations/us-central1/operations/operation-1787219113062-65977605eb0a2-fc2391cc-c976c543 200
[debug] [2026-08-20T09:45:16.726Z] <<< [apiv2][body] GET https://cloudfunctions.googleapis.com/v2/projects/sensei-manager-d64c0/locations/us-central1/operations/operation-1787219113062-65977605eb0a2-fc2391cc-c976c543 {"name":"projects/sensei-manager-d64c0/locations/us-central1/operations/operation-1787219113062-65977605eb0a2-fc2391cc-c976c543","metadata":{"@type":"type.googleapis.com/google.cloud.functions.v2.OperationMetadata","createTime":"2026-08-20T09:45:14.064684251Z","target":"projects/sensei-manager-d64c0/locations/us-central1/functions/criarCobrancaPix","verb":"update","cancelRequested":false,"apiVersion":"v2","requestResource":{"@type":"type.googleapis.com/google.cloud.functions.v2.Function","name":"projects/sensei-manager-d64c0/locations/us-central1/functions/criarCobrancaPix","buildConfig":{"runtime":"nodejs20","entryPoint":"criarCobrancaPix","source":{"storageSource":{"bucket":"gcf-v2-sources-376094928692-us-central1","object":"criarCobrancaPix/function-source.zip","generation":"1787219114007347"}},"environmentVariables":{"GOOGLE_NODE_RUN_SCRIPTS":""},"dockerRepository":"projects/sensei-manager-d64c0/locations/us-central1/repositories/gcf-artifacts","sourceProvenance":{"resolvedStorageSource":{"bucket":"gcf-v2-sources-376094928692-us-central1","object":"criarCobrancaPix/function-source.zip","generation":"1786989867112722"}},"dockerRegistry":"ARTIFACT_REGISTRY","serviceAccount":"projects/sensei-manager-d64c0/serviceAccounts/376094928692-compute@developer.gserviceaccount.com","automaticUpdatePolicy":{}},"serviceConfig":{"service":"projects/sensei-manager-d64c0/locations/us-central1/services/criarcobrancapix","timeoutSeconds":60,"environmentVariables":{"FIREBASE_CONFIG":"{\"projectId\":\"sensei-manager-d64c0\",\"storageBucket\":\"sensei-manager-d64c0.firebasestorage.app\"}","GCLOUD_PROJECT":"sensei-manager-d64c0","EVENTARC_CLOUD_EVENT_SOURCE":"projects/sensei-manager-d64c0/locations/us-central1/services/criarCobrancaPix","FUNCTION_TARGET":"criarCobrancaPix","LOG_EXECUTION_ID":"true"},"ingressSettings":"ALLOW_ALL","serviceAccountEmail":"376094928692-compute@developer.gserviceaccount.com","availableMemory":"256Mi","secretEnvironmentVariables":[{"key":"ASAAS_API_KEY","projectId":"sensei-manager-d64c0","secret":"ASAAS_API_KEY","version":"1"}],"maxInstanceRequestConcurrency":80,"availableCpu":"1"},"state":"UNKNOWN","labels":{"deployment-callable":"true","firebase-functions-hash":"bbc2f0e50f837243b6332780cdd9814ce9042c3a"},"stateMessages":[{"severity":"ERROR","type":"CloudRunServiceNotFound","message":"Cloud Run service projects/sensei-manager-d64c0/locations/us-central1/services/criarcobrancapix for the function was not found. The function will not work correctly. Please redeploy."}],"environment":"GEN_2","url":"https://us-central1-sensei-manager-d64c0.cloudfunctions.net/criarCobrancaPix","satisfiesPzi":true},"stages":[{"name":"BUILD","message":"Build in progress","state":"IN_PROGRESS","resource":"projects/376094928692/locations/us-central1/builds/d7d7b968-d40b-4a92-8449-80059c4649de","resourceUri":"https://console.cloud.google.com/cloud-build/builds;region=us-central1/d7d7b968-d40b-4a92-8449-80059c4649de?project=376094928692"},{"name":"SERVICE","state":"NOT_STARTED"}],"operationType":"UPDATE_FUNCTION","buildName":"projects/376094928692/locations/us-central1/builds/d7d7b968-d40b-4a92-8449-80059c4649de"},"done":false}
[debug] [2026-08-20T09:45:16.738Z] <<< [apiv2][status] GET https://cloudfunctions.googleapis.com/v2/projects/sensei-manager-d64c0/locations/us-central1/operations/operation-1787219112989-65977605d92c9-f676e18d-9590ebdd 200
[debug] [2026-08-20T09:45:16.739Z] <<< [apiv2][body] GET https://cloudfunctions.googleapis.com/v2/projects/sensei-manager-d64c0/locations/us-central1/operations/operation-1787219112989-65977605d92c9-f676e18d-9590ebdd {"name":"projects/sensei-manager-d64c0/locations/us-central1/operations/operation-1787219112989-65977605d92c9-f676e18d-9590ebdd","metadata":{"@type":"type.googleapis.com/google.cloud.functions.v2.OperationMetadata","createTime":"2026-08-20T09:45:14.025732679Z","target":"projects/sensei-manager-d64c0/locations/us-central1/functions/verificarStatusAsaas","verb":"update","cancelRequested":false,"apiVersion":"v2","requestResource":{"@type":"type.googleapis.com/google.cloud.functions.v2.Function","name":"projects/sensei-manager-d64c0/locations/us-central1/functions/verificarStatusAsaas","buildConfig":{"runtime":"nodejs20","entryPoint":"verificarStatusAsaas","source":{"storageSource":{"bucket":"gcf-v2-sources-376094928692-us-central1","object":"verificarStatusAsaas/function-source.zip","generation":"1787219113960326"}},"environmentVariables":{"GOOGLE_NODE_RUN_SCRIPTS":""},"dockerRepository":"projects/sensei-manager-d64c0/locations/us-central1/repositories/gcf-artifacts","sourceProvenance":{"resolvedStorageSource":{"bucket":"gcf-v2-sources-376094928692-us-central1","object":"verificarStatusAsaas/function-source.zip","generation":"1786989866286603"}},"dockerRegistry":"ARTIFACT_REGISTRY","serviceAccount":"projects/sensei-manager-d64c0/serviceAccounts/376094928692-compute@developer.gserviceaccount.com","automaticUpdatePolicy":{}},"serviceConfig":{"service":"projects/sensei-manager-d64c0/locations/us-central1/services/verificarstatusasaas","timeoutSeconds":60,"environmentVariables":{"FIREBASE_CONFIG":"{\"projectId\":\"sensei-manager-d64c0\",\"storageBucket\":\"sensei-manager-d64c0.firebasestorage.app\"}","GCLOUD_PROJECT":"sensei-manager-d64c0","EVENTARC_CLOUD_EVENT_SOURCE":"projects/sensei-manager-d64c0/locations/us-central1/services/verificarStatusAsaas","FUNCTION_TARGET":"verificarStatusAsaas","LOG_EXECUTION_ID":"true"},"ingressSettings":"ALLOW_ALL","serviceAccountEmail":"376094928692-compute@developer.gserviceaccount.com","availableMemory":"256Mi","secretEnvironmentVariables":[{"key":"ASAAS_API_KEY","projectId":"sensei-manager-d64c0","secret":"ASAAS_API_KEY","version":"1"}],"maxInstanceRequestConcurrency":80,"availableCpu":"1"},"state":"UNKNOWN","labels":{"deployment-callable":"true","firebase-functions-hash":"bbc2f0e50f837243b6332780cdd9814ce9042c3a"},"stateMessages":[{"severity":"ERROR","type":"CloudRunServiceNotFound","message":"Cloud Run service projects/sensei-manager-d64c0/locations/us-central1/services/verificarstatusasaas for the function was not found. The function will not work correctly. Please redeploy."}],"environment":"GEN_2","url":"https://us-central1-sensei-manager-d64c0.cloudfunctions.net/verificarStatusAsaas","satisfiesPzi":true},"stages":[{"name":"BUILD","message":"Build in progress","state":"IN_PROGRESS","resource":"projects/376094928692/locations/us-central1/builds/c577999d-527a-474a-8cd8-ec9d10f86d3d","resourceUri":"https://console.cloud.google.com/cloud-build/builds;region=us-central1/c577999d-527a-474a-8cd8-ec9d10f86d3d?project=376094928692"},{"name":"SERVICE","state":"NOT_STARTED"}],"operationType":"UPDATE_FUNCTION","buildName":"projects/376094928692/locations/us-central1/builds/c577999d-527a-474a-8cd8-ec9d10f86d3d"},"done":false}
[debug] [2026-08-20T09:45:16.936Z] <<< [apiv2][status] GET https://cloudfunctions.googleapis.com/v2/projects/sensei-manager-d64c0/locations/us-central1/operations/operation-1787219113129-65977605fb6d9-85ce174e-e039ef35 200
[debug] [2026-08-20T09:45:16.936Z] <<< [apiv2][body] GET https://cloudfunctions.googleapis.com/v2/projects/sensei-manager-d64c0/locations/us-central1/operations/operation-1787219113129-65977605fb6d9-85ce174e-e039ef35 {"name":"projects/sensei-manager-d64c0/locations/us-central1/operations/operation-1787219113129-65977605fb6d9-85ce174e-e039ef35","metadata":{"@type":"type.googleapis.com/google.cloud.functions.v2.OperationMetadata","createTime":"2026-08-20T09:45:14.176695113Z","target":"projects/sensei-manager-d64c0/locations/us-central1/functions/webhookAsaas","verb":"update","cancelRequested":false,"apiVersion":"v2","requestResource":{"@type":"type.googleapis.com/google.cloud.functions.v2.Function","name":"projects/sensei-manager-d64c0/locations/us-central1/functions/webhookAsaas","buildConfig":{"runtime":"nodejs20","entryPoint":"webhookAsaas","source":{"storageSource":{"bucket":"gcf-v2-sources-376094928692-us-central1","object":"webhookAsaas/function-source.zip","generation":"1787219114118810"}},"environmentVariables":{"GOOGLE_NODE_RUN_SCRIPTS":""},"dockerRepository":"projects/sensei-manager-d64c0/locations/us-central1/repositories/gcf-artifacts","sourceProvenance":{"resolvedStorageSource":{"bucket":"gcf-v2-sources-376094928692-us-central1","object":"webhookAsaas/function-source.zip","generation":"1786989867148965"}},"dockerRegistry":"ARTIFACT_REGISTRY","serviceAccount":"projects/sensei-manager-d64c0/serviceAccounts/376094928692-compute@developer.gserviceaccount.com","automaticUpdatePolicy":{}},"serviceConfig":{"service":"projects/sensei-manager-d64c0/locations/us-central1/services/webhookasaas","timeoutSeconds":60,"environmentVariables":{"FIREBASE_CONFIG":"{\"projectId\":\"sensei-manager-d64c0\",\"storageBucket\":\"sensei-manager-d64c0.firebasestorage.app\"}","GCLOUD_PROJECT":"sensei-manager-d64c0","EVENTARC_CLOUD_EVENT_SOURCE":"projects/sensei-manager-d64c0/locations/us-central1/services/webhookAsaas","FUNCTION_TARGET":"webhookAsaas","LOG_EXECUTION_ID":"true"},"ingressSettings":"ALLOW_ALL","serviceAccountEmail":"376094928692-compute@developer.gserviceaccount.com","availableMemory":"256Mi","secretEnvironmentVariables":[{"key":"ASAAS_WEBHOOK_TOKEN","projectId":"sensei-manager-d64c0","secret":"ASAAS_WEBHOOK_TOKEN","version":"1"}],"maxInstanceRequestConcurrency":80,"availableCpu":"1"},"state":"UNKNOWN","labels":{"firebase-functions-hash":"57636b5a224fd2a5e0f1d825b2658881cd8fdb30"},"stateMessages":[{"severity":"ERROR","type":"CloudRunServiceNotFound","message":"Cloud Run service projects/sensei-manager-d64c0/locations/us-central1/services/webhookasaas for the function was not found. The function will not work correctly. Please redeploy."}],"environment":"GEN_2","url":"https://us-central1-sensei-manager-d64c0.cloudfunctions.net/webhookAsaas","satisfiesPzi":true},"stages":[{"name":"BUILD","message":"Build in progress","state":"IN_PROGRESS","resource":"projects/376094928692/locations/us-central1/builds/158f4315-c97f-4915-a590-d2e830c37267","resourceUri":"https://console.cloud.google.com/cloud-build/builds;region=us-central1/158f4315-c97f-4915-a590-d2e830c37267?project=376094928692"},{"name":"SERVICE","state":"NOT_STARTED"}],"operationType":"UPDATE_FUNCTION","buildName":"projects/376094928692/locations/us-central1/builds/158f4315-c97f-4915-a590-d2e830c37267"},"done":false}
[debug] [2026-08-20T09:45:17.727Z] [update-default-us-central1-criarCobrancaPix] Retrying task index 0
[debug] [2026-08-20T09:45:17.727Z] Checked if tokens are valid: true, expires at: 1787222614580
[debug] [2026-08-20T09:45:17.727Z] Checked if tokens are valid: true, expires at: 1787222614580
[debug] [2026-08-20T09:45:17.728Z] >>> [apiv2][query] GET https://cloudfunctions.googleapis.com/v2/projects/sensei-manager-d64c0/locations/us-central1/operations/operation-1787219113062-65977605eb0a2-fc2391cc-c976c543 [none]
[debug] [2026-08-20T09:45:17.740Z] [update-default-us-central1-verificarStatusAsaas] Retrying task index 0
[debug] [2026-08-20T09:45:17.740Z] Checked if tokens are valid: true, expires at: 1787222614580
[debug] [2026-08-20T09:45:17.740Z] Checked if tokens are valid: true, expires at: 1787222614580
[debug] [2026-08-20T09:45:17.740Z] >>> [apiv2][query] GET https://cloudfunctions.googleapis.com/v2/projects/sensei-manager-d64c0/locations/us-central1/operations/operation-1787219112989-65977605d92c9-f676e18d-9590ebdd [none]
[debug] [2026-08-20T09:45:17.936Z] [update-default-us-central1-webhookAsaas] Retrying task index 0
[debug] [2026-08-20T09:45:17.937Z] Checked if tokens are valid: true, expires at: 1787222614580
[debug] [2026-08-20T09:45:17.937Z] Checked if tokens are valid: true, expires at: 1787222614580
[debug] [2026-08-20T09:45:17.937Z] >>> [apiv2][query] GET https://cloudfunctions.googleapis.com/v2/projects/sensei-manager-d64c0/locations/us-central1/operations/operation-1787219113129-65977605fb6d9-85ce174e-e039ef35 [none]
[debug] [2026-08-20T09:45:18.779Z] <<< [apiv2][status] GET https://cloudfunctions.googleapis.com/v2/projects/sensei-manager-d64c0/locations/us-central1/operations/operation-1787219112989-65977605d92c9-f676e18d-9590ebdd 200
[debug] [2026-08-20T09:45:18.779Z] <<< [apiv2][body] GET https://cloudfunctions.googleapis.com/v2/projects/sensei-manager-d64c0/locations/us-central1/operations/operation-1787219112989-65977605d92c9-f676e18d-9590ebdd {"name":"projects/sensei-manager-d64c0/locations/us-central1/operations/operation-1787219112989-65977605d92c9-f676e18d-9590ebdd","metadata":{"@type":"type.googleapis.com/google.cloud.functions.v2.OperationMetadata","createTime":"2026-08-20T09:45:14.025732679Z","target":"projects/sensei-manager-d64c0/locations/us-central1/functions/verificarStatusAsaas","verb":"update","cancelRequested":false,"apiVersion":"v2","requestResource":{"@type":"type.googleapis.com/google.cloud.functions.v2.Function","name":"projects/sensei-manager-d64c0/locations/us-central1/functions/verificarStatusAsaas","buildConfig":{"runtime":"nodejs20","entryPoint":"verificarStatusAsaas","source":{"storageSource":{"bucket":"gcf-v2-sources-376094928692-us-central1","object":"verificarStatusAsaas/function-source.zip","generation":"1787219113960326"}},"environmentVariables":{"GOOGLE_NODE_RUN_SCRIPTS":""},"dockerRepository":"projects/sensei-manager-d64c0/locations/us-central1/repositories/gcf-artifacts","sourceProvenance":{"resolvedStorageSource":{"bucket":"gcf-v2-sources-376094928692-us-central1","object":"verificarStatusAsaas/function-source.zip","generation":"1786989866286603"}},"dockerRegistry":"ARTIFACT_REGISTRY","serviceAccount":"projects/sensei-manager-d64c0/serviceAccounts/376094928692-compute@developer.gserviceaccount.com","automaticUpdatePolicy":{}},"serviceConfig":{"service":"projects/sensei-manager-d64c0/locations/us-central1/services/verificarstatusasaas","timeoutSeconds":60,"environmentVariables":{"FIREBASE_CONFIG":"{\"projectId\":\"sensei-manager-d64c0\",\"storageBucket\":\"sensei-manager-d64c0.firebasestorage.app\"}","GCLOUD_PROJECT":"sensei-manager-d64c0","EVENTARC_CLOUD_EVENT_SOURCE":"projects/sensei-manager-d64c0/locations/us-central1/services/verificarStatusAsaas","FUNCTION_TARGET":"verificarStatusAsaas","LOG_EXECUTION_ID":"true"},"ingressSettings":"ALLOW_ALL","serviceAccountEmail":"376094928692-compute@developer.gserviceaccount.com","availableMemory":"256Mi","secretEnvironmentVariables":[{"key":"ASAAS_API_KEY","projectId":"sensei-manager-d64c0","secret":"ASAAS_API_KEY","version":"1"}],"maxInstanceRequestConcurrency":80,"availableCpu":"1"},"state":"UNKNOWN","labels":{"deployment-callable":"true","firebase-functions-hash":"bbc2f0e50f837243b6332780cdd9814ce9042c3a"},"stateMessages":[{"severity":"ERROR","type":"CloudRunServiceNotFound","message":"Cloud Run service projects/sensei-manager-d64c0/locations/us-central1/services/verificarstatusasaas for the function was not found. The function will not work correctly. Please redeploy."}],"environment":"GEN_2","url":"https://us-central1-sensei-manager-d64c0.cloudfunctions.net/verificarStatusAsaas","satisfiesPzi":true},"stages":[{"name":"BUILD","message":"Build in progress","state":"IN_PROGRESS","resource":"projects/376094928692/locations/us-central1/builds/c577999d-527a-474a-8cd8-ec9d10f86d3d","resourceUri":"https://console.cloud.google.com/cloud-build/builds;region=us-central1/c577999d-527a-474a-8cd8-ec9d10f86d3d?project=376094928692"},{"name":"SERVICE","state":"NOT_STARTED"}],"operationType":"UPDATE_FUNCTION","buildName":"projects/376094928692/locations/us-central1/builds/c577999d-527a-474a-8cd8-ec9d10f86d3d"},"done":false}
[debug] [2026-08-20T09:45:18.807Z] <<< [apiv2][status] GET https://cloudfunctions.googleapis.com/v2/projects/sensei-manager-d64c0/locations/us-central1/operations/operation-1787219113062-65977605eb0a2-fc2391cc-c976c543 200
[debug] [2026-08-20T09:45:18.807Z] <<< [apiv2][body] GET https://cloudfunctions.googleapis.com/v2/projects/sensei-manager-d64c0/locations/us-central1/operations/operation-1787219113062-65977605eb0a2-fc2391cc-c976c543 {"name":"projects/sensei-manager-d64c0/locations/us-central1/operations/operation-1787219113062-65977605eb0a2-fc2391cc-c976c543","metadata":{"@type":"type.googleapis.com/google.cloud.functions.v2.OperationMetadata","createTime":"2026-08-20T09:45:14.064684251Z","target":"projects/sensei-manager-d64c0/locations/us-central1/functions/criarCobrancaPix","verb":"update","cancelRequested":false,"apiVersion":"v2","requestResource":{"@type":"type.googleapis.com/google.cloud.functions.v2.Function","name":"projects/sensei-manager-d64c0/locations/us-central1/functions/criarCobrancaPix","buildConfig":{"runtime":"nodejs20","entryPoint":"criarCobrancaPix","source":{"storageSource":{"bucket":"gcf-v2-sources-376094928692-us-central1","object":"criarCobrancaPix/function-source.zip","generation":"1787219114007347"}},"environmentVariables":{"GOOGLE_NODE_RUN_SCRIPTS":""},"dockerRepository":"projects/sensei-manager-d64c0/locations/us-central1/repositories/gcf-artifacts","sourceProvenance":{"resolvedStorageSource":{"bucket":"gcf-v2-sources-376094928692-us-central1","object":"criarCobrancaPix/function-source.zip","generation":"1786989867112722"}},"dockerRegistry":"ARTIFACT_REGISTRY","serviceAccount":"projects/sensei-manager-d64c0/serviceAccounts/376094928692-compute@developer.gserviceaccount.com","automaticUpdatePolicy":{}},"serviceConfig":{"service":"projects/sensei-manager-d64c0/locations/us-central1/services/criarcobrancapix","timeoutSeconds":60,"environmentVariables":{"FIREBASE_CONFIG":"{\"projectId\":\"sensei-manager-d64c0\",\"storageBucket\":\"sensei-manager-d64c0.firebasestorage.app\"}","GCLOUD_PROJECT":"sensei-manager-d64c0","EVENTARC_CLOUD_EVENT_SOURCE":"projects/sensei-manager-d64c0/locations/us-central1/services/criarCobrancaPix","FUNCTION_TARGET":"criarCobrancaPix","LOG_EXECUTION_ID":"true"},"ingressSettings":"ALLOW_ALL","serviceAccountEmail":"376094928692-compute@developer.gserviceaccount.com","availableMemory":"256Mi","secretEnvironmentVariables":[{"key":"ASAAS_API_KEY","projectId":"sensei-manager-d64c0","secret":"ASAAS_API_KEY","version":"1"}],"maxInstanceRequestConcurrency":80,"availableCpu":"1"},"state":"UNKNOWN","labels":{"deployment-callable":"true","firebase-functions-hash":"bbc2f0e50f837243b6332780cdd9814ce9042c3a"},"stateMessages":[{"severity":"ERROR","type":"CloudRunServiceNotFound","message":"Cloud Run service projects/sensei-manager-d64c0/locations/us-central1/services/criarcobrancapix for the function was not found. The function will not work correctly. Please redeploy."}],"environment":"GEN_2","url":"https://us-central1-sensei-manager-d64c0.cloudfunctions.net/criarCobrancaPix","satisfiesPzi":true},"stages":[{"name":"BUILD","message":"Build in progress","state":"IN_PROGRESS","resource":"projects/376094928692/locations/us-central1/builds/d7d7b968-d40b-4a92-8449-80059c4649de","resourceUri":"https://console.cloud.google.com/cloud-build/builds;region=us-central1/d7d7b968-d40b-4a92-8449-80059c4649de?project=376094928692"},{"name":"SERVICE","state":"NOT_STARTED"}],"operationType":"UPDATE_FUNCTION","buildName":"projects/376094928692/locations/us-central1/builds/d7d7b968-d40b-4a92-8449-80059c4649de"},"done":false}
[debug] [2026-08-20T09:45:18.917Z] <<< [apiv2][status] GET https://cloudfunctions.googleapis.com/v2/projects/sensei-manager-d64c0/locations/us-central1/operations/operation-1787219113129-65977605fb6d9-85ce174e-e039ef35 200
[debug] [2026-08-20T09:45:18.917Z] <<< [apiv2][body] GET https://cloudfunctions.googleapis.com/v2/projects/sensei-manager-d64c0/locations/us-central1/operations/operation-1787219113129-65977605fb6d9-85ce174e-e039ef35 {"name":"projects/sensei-manager-d64c0/locations/us-central1/operations/operation-1787219113129-65977605fb6d9-85ce174e-e039ef35","metadata":{"@type":"type.googleapis.com/google.cloud.functions.v2.OperationMetadata","createTime":"2026-08-20T09:45:14.176695113Z","target":"projects/sensei-manager-d64c0/locations/us-central1/functions/webhookAsaas","verb":"update","cancelRequested":false,"apiVersion":"v2","requestResource":{"@type":"type.googleapis.com/google.cloud.functions.v2.Function","name":"projects/sensei-manager-d64c0/locations/us-central1/functions/webhookAsaas","buildConfig":{"runtime":"nodejs20","entryPoint":"webhookAsaas","source":{"storageSource":{"bucket":"gcf-v2-sources-376094928692-us-central1","object":"webhookAsaas/function-source.zip","generation":"1787219114118810"}},"environmentVariables":{"GOOGLE_NODE_RUN_SCRIPTS":""},"dockerRepository":"projects/sensei-manager-d64c0/locations/us-central1/repositories/gcf-artifacts","sourceProvenance":{"resolvedStorageSource":{"bucket":"gcf-v2-sources-376094928692-us-central1","object":"webhookAsaas/function-source.zip","generation":"1786989867148965"}},"dockerRegistry":"ARTIFACT_REGISTRY","serviceAccount":"projects/sensei-manager-d64c0/serviceAccounts/376094928692-compute@developer.gserviceaccount.com","automaticUpdatePolicy":{}},"serviceConfig":{"service":"projects/sensei-manager-d64c0/locations/us-central1/services/webhookasaas","timeoutSeconds":60,"environmentVariables":{"FIREBASE_CONFIG":"{\"projectId\":\"sensei-manager-d64c0\",\"storageBucket\":\"sensei-manager-d64c0.firebasestorage.app\"}","GCLOUD_PROJECT":"sensei-manager-d64c0","EVENTARC_CLOUD_EVENT_SOURCE":"projects/sensei-manager-d64c0/locations/us-central1/services/webhookAsaas","FUNCTION_TARGET":"webhookAsaas","LOG_EXECUTION_ID":"true"},"ingressSettings":"ALLOW_ALL","serviceAccountEmail":"376094928692-compute@developer.gserviceaccount.com","availableMemory":"256Mi","secretEnvironmentVariables":[{"key":"ASAAS_WEBHOOK_TOKEN","projectId":"sensei-manager-d64c0","secret":"ASAAS_WEBHOOK_TOKEN","version":"1"}],"maxInstanceRequestConcurrency":80,"availableCpu":"1"},"state":"UNKNOWN","labels":{"firebase-functions-hash":"57636b5a224fd2a5e0f1d825b2658881cd8fdb30"},"stateMessages":[{"severity":"ERROR","type":"CloudRunServiceNotFound","message":"Cloud Run service projects/sensei-manager-d64c0/locations/us-central1/services/webhookasaas for the function was not found. The function will not work correctly. Please redeploy."}],"environment":"GEN_2","url":"https://us-central1-sensei-manager-d64c0.cloudfunctions.net/webhookAsaas","satisfiesPzi":true},"stages":[{"name":"BUILD","message":"Build in progress","state":"IN_PROGRESS","resource":"projects/376094928692/locations/us-central1/builds/158f4315-c97f-4915-a590-d2e830c37267","resourceUri":"https://console.cloud.google.com/cloud-build/builds;region=us-central1/158f4315-c97f-4915-a590-d2e830c37267?project=376094928692"},{"name":"SERVICE","state":"NOT_STARTED"}],"operationType":"UPDATE_FUNCTION","buildName":"projects/376094928692/locations/us-central1/builds/158f4315-c97f-4915-a590-d2e830c37267"},"done":false}
[debug] [2026-08-20T09:45:20.781Z] [update-default-us-central1-verificarStatusAsaas] Retrying task index 0
[debug] [2026-08-20T09:45:20.781Z] Checked if tokens are valid: true, expires at: 1787222614580
[debug] [2026-08-20T09:45:20.781Z] Checked if tokens are valid: true, expires at: 1787222614580
[debug] [2026-08-20T09:45:20.781Z] >>> [apiv2][query] GET https://cloudfunctions.googleapis.com/v2/projects/sensei-manager-d64c0/locations/us-central1/operations/operation-1787219112989-65977605d92c9-f676e18d-9590ebdd [none]
[debug] [2026-08-20T09:45:20.809Z] [update-default-us-central1-criarCobrancaPix] Retrying task index 0
[debug] [2026-08-20T09:45:20.809Z] Checked if tokens are valid: true, expires at: 1787222614580
[debug] [2026-08-20T09:45:20.809Z] Checked if tokens are valid: true, expires at: 1787222614580
[debug] [2026-08-20T09:45:20.809Z] >>> [apiv2][query] GET https://cloudfunctions.googleapis.com/v2/projects/sensei-manager-d64c0/locations/us-central1/operations/operation-1787219113062-65977605eb0a2-fc2391cc-c976c543 [none]
[debug] [2026-08-20T09:45:20.918Z] [update-default-us-central1-webhookAsaas] Retrying task index 0
[debug] [2026-08-20T09:45:20.919Z] Checked if tokens are valid: true, expires at: 1787222614580
[debug] [2026-08-20T09:45:20.919Z] Checked if tokens are valid: true, expires at: 1787222614580
[debug] [2026-08-20T09:45:20.919Z] >>> [apiv2][query] GET https://cloudfunctions.googleapis.com/v2/projects/sensei-manager-d64c0/locations/us-central1/operations/operation-1787219113129-65977605fb6d9-85ce174e-e039ef35 [none]
[debug] [2026-08-20T09:45:21.779Z] <<< [apiv2][status] GET https://cloudfunctions.googleapis.com/v2/projects/sensei-manager-d64c0/locations/us-central1/operations/operation-1787219113062-65977605eb0a2-fc2391cc-c976c543 200
[debug] [2026-08-20T09:45:21.780Z] <<< [apiv2][body] GET https://cloudfunctions.googleapis.com/v2/projects/sensei-manager-d64c0/locations/us-central1/operations/operation-1787219113062-65977605eb0a2-fc2391cc-c976c543 {"name":"projects/sensei-manager-d64c0/locations/us-central1/operations/operation-1787219113062-65977605eb0a2-fc2391cc-c976c543","metadata":{"@type":"type.googleapis.com/google.cloud.functions.v2.OperationMetadata","createTime":"2026-08-20T09:45:14.064684251Z","target":"projects/sensei-manager-d64c0/locations/us-central1/functions/criarCobrancaPix","verb":"update","cancelRequested":false,"apiVersion":"v2","requestResource":{"@type":"type.googleapis.com/google.cloud.functions.v2.Function","name":"projects/sensei-manager-d64c0/locations/us-central1/functions/criarCobrancaPix","buildConfig":{"runtime":"nodejs20","entryPoint":"criarCobrancaPix","source":{"storageSource":{"bucket":"gcf-v2-sources-376094928692-us-central1","object":"criarCobrancaPix/function-source.zip","generation":"1787219114007347"}},"environmentVariables":{"GOOGLE_NODE_RUN_SCRIPTS":""},"dockerRepository":"projects/sensei-manager-d64c0/locations/us-central1/repositories/gcf-artifacts","sourceProvenance":{"resolvedStorageSource":{"bucket":"gcf-v2-sources-376094928692-us-central1","object":"criarCobrancaPix/function-source.zip","generation":"1786989867112722"}},"dockerRegistry":"ARTIFACT_REGISTRY","serviceAccount":"projects/sensei-manager-d64c0/serviceAccounts/376094928692-compute@developer.gserviceaccount.com","automaticUpdatePolicy":{}},"serviceConfig":{"service":"projects/sensei-manager-d64c0/locations/us-central1/services/criarcobrancapix","timeoutSeconds":60,"environmentVariables":{"FIREBASE_CONFIG":"{\"projectId\":\"sensei-manager-d64c0\",\"storageBucket\":\"sensei-manager-d64c0.firebasestorage.app\"}","GCLOUD_PROJECT":"sensei-manager-d64c0","EVENTARC_CLOUD_EVENT_SOURCE":"projects/sensei-manager-d64c0/locations/us-central1/services/criarCobrancaPix","FUNCTION_TARGET":"criarCobrancaPix","LOG_EXECUTION_ID":"true"},"ingressSettings":"ALLOW_ALL","serviceAccountEmail":"376094928692-compute@developer.gserviceaccount.com","availableMemory":"256Mi","secretEnvironmentVariables":[{"key":"ASAAS_API_KEY","projectId":"sensei-manager-d64c0","secret":"ASAAS_API_KEY","version":"1"}],"maxInstanceRequestConcurrency":80,"availableCpu":"1"},"state":"UNKNOWN","labels":{"deployment-callable":"true","firebase-functions-hash":"bbc2f0e50f837243b6332780cdd9814ce9042c3a"},"stateMessages":[{"severity":"ERROR","type":"CloudRunServiceNotFound","message":"Cloud Run service projects/sensei-manager-d64c0/locations/us-central1/services/criarcobrancapix for the function was not found. The function will not work correctly. Please redeploy."}],"environment":"GEN_2","url":"https://us-central1-sensei-manager-d64c0.cloudfunctions.net/criarCobrancaPix","satisfiesPzi":true},"stages":[{"name":"BUILD","message":"Build in progress","state":"IN_PROGRESS","resource":"projects/376094928692/locations/us-central1/builds/d7d7b968-d40b-4a92-8449-80059c4649de","resourceUri":"https://console.cloud.google.com/cloud-build/builds;region=us-central1/d7d7b968-d40b-4a92-8449-80059c4649de?project=376094928692"},{"name":"SERVICE","state":"NOT_STARTED"}],"operationType":"UPDATE_FUNCTION","buildName":"projects/376094928692/locations/us-central1/builds/d7d7b968-d40b-4a92-8449-80059c4649de"},"done":false}
[debug] [2026-08-20T09:45:21.785Z] <<< [apiv2][status] GET https://cloudfunctions.googleapis.com/v2/projects/sensei-manager-d64c0/locations/us-central1/operations/operation-1787219112989-65977605d92c9-f676e18d-9590ebdd 200
[debug] [2026-08-20T09:45:21.785Z] <<< [apiv2][body] GET https://cloudfunctions.googleapis.com/v2/projects/sensei-manager-d64c0/locations/us-central1/operations/operation-1787219112989-65977605d92c9-f676e18d-9590ebdd {"name":"projects/sensei-manager-d64c0/locations/us-central1/operations/operation-1787219112989-65977605d92c9-f676e18d-9590ebdd","metadata":{"@type":"type.googleapis.com/google.cloud.functions.v2.OperationMetadata","createTime":"2026-08-20T09:45:14.025732679Z","target":"projects/sensei-manager-d64c0/locations/us-central1/functions/verificarStatusAsaas","verb":"update","cancelRequested":false,"apiVersion":"v2","requestResource":{"@type":"type.googleapis.com/google.cloud.functions.v2.Function","name":"projects/sensei-manager-d64c0/locations/us-central1/functions/verificarStatusAsaas","buildConfig":{"runtime":"nodejs20","entryPoint":"verificarStatusAsaas","source":{"storageSource":{"bucket":"gcf-v2-sources-376094928692-us-central1","object":"verificarStatusAsaas/function-source.zip","generation":"1787219113960326"}},"environmentVariables":{"GOOGLE_NODE_RUN_SCRIPTS":""},"dockerRepository":"projects/sensei-manager-d64c0/locations/us-central1/repositories/gcf-artifacts","sourceProvenance":{"resolvedStorageSource":{"bucket":"gcf-v2-sources-376094928692-us-central1","object":"verificarStatusAsaas/function-source.zip","generation":"1786989866286603"}},"dockerRegistry":"ARTIFACT_REGISTRY","serviceAccount":"projects/sensei-manager-d64c0/serviceAccounts/376094928692-compute@developer.gserviceaccount.com","automaticUpdatePolicy":{}},"serviceConfig":{"service":"projects/sensei-manager-d64c0/locations/us-central1/services/verificarstatusasaas","timeoutSeconds":60,"environmentVariables":{"FIREBASE_CONFIG":"{\"projectId\":\"sensei-manager-d64c0\",\"storageBucket\":\"sensei-manager-d64c0.firebasestorage.app\"}","GCLOUD_PROJECT":"sensei-manager-d64c0","EVENTARC_CLOUD_EVENT_SOURCE":"projects/sensei-manager-d64c0/locations/us-central1/services/verificarStatusAsaas","FUNCTION_TARGET":"verificarStatusAsaas","LOG_EXECUTION_ID":"true"},"ingressSettings":"ALLOW_ALL","serviceAccountEmail":"376094928692-compute@developer.gserviceaccount.com","availableMemory":"256Mi","secretEnvironmentVariables":[{"key":"ASAAS_API_KEY","projectId":"sensei-manager-d64c0","secret":"ASAAS_API_KEY","version":"1"}],"maxInstanceRequestConcurrency":80,"availableCpu":"1"},"state":"UNKNOWN","labels":{"deployment-callable":"true","firebase-functions-hash":"bbc2f0e50f837243b6332780cdd9814ce9042c3a"},"stateMessages":[{"severity":"ERROR","type":"CloudRunServiceNotFound","message":"Cloud Run service projects/sensei-manager-d64c0/locations/us-central1/services/verificarstatusasaas for the function was not found. The function will not work correctly. Please redeploy."}],"environment":"GEN_2","url":"https://us-central1-sensei-manager-d64c0.cloudfunctions.net/verificarStatusAsaas","satisfiesPzi":true},"stages":[{"name":"BUILD","message":"Build in progress","state":"IN_PROGRESS","resource":"projects/376094928692/locations/us-central1/builds/c577999d-527a-474a-8cd8-ec9d10f86d3d","resourceUri":"https://console.cloud.google.com/cloud-build/builds;region=us-central1/c577999d-527a-474a-8cd8-ec9d10f86d3d?project=376094928692"},{"name":"SERVICE","state":"NOT_STARTED"}],"operationType":"UPDATE_FUNCTION","buildName":"projects/376094928692/locations/us-central1/builds/c577999d-527a-474a-8cd8-ec9d10f86d3d"},"done":false}
[debug] [2026-08-20T09:45:21.924Z] <<< [apiv2][status] GET https://cloudfunctions.googleapis.com/v2/projects/sensei-manager-d64c0/locations/us-central1/operations/operation-1787219113129-65977605fb6d9-85ce174e-e039ef35 200
[debug] [2026-08-20T09:45:21.925Z] <<< [apiv2][body] GET https://cloudfunctions.googleapis.com/v2/projects/sensei-manager-d64c0/locations/us-central1/operations/operation-1787219113129-65977605fb6d9-85ce174e-e039ef35 {"name":"projects/sensei-manager-d64c0/locations/us-central1/operations/operation-1787219113129-65977605fb6d9-85ce174e-e039ef35","metadata":{"@type":"type.googleapis.com/google.cloud.functions.v2.OperationMetadata","createTime":"2026-08-20T09:45:14.176695113Z","target":"projects/sensei-manager-d64c0/locations/us-central1/functions/webhookAsaas","verb":"update","cancelRequested":false,"apiVersion":"v2","requestResource":{"@type":"type.googleapis.com/google.cloud.functions.v2.Function","name":"projects/sensei-manager-d64c0/locations/us-central1/functions/webhookAsaas","buildConfig":{"runtime":"nodejs20","entryPoint":"webhookAsaas","source":{"storageSource":{"bucket":"gcf-v2-sources-376094928692-us-central1","object":"webhookAsaas/function-source.zip","generation":"1787219114118810"}},"environmentVariables":{"GOOGLE_NODE_RUN_SCRIPTS":""},"dockerRepository":"projects/sensei-manager-d64c0/locations/us-central1/repositories/gcf-artifacts","sourceProvenance":{"resolvedStorageSource":{"bucket":"gcf-v2-sources-376094928692-us-central1","object":"webhookAsaas/function-source.zip","generation":"1786989867148965"}},"dockerRegistry":"ARTIFACT_REGISTRY","serviceAccount":"projects/sensei-manager-d64c0/serviceAccounts/376094928692-compute@developer.gserviceaccount.com","automaticUpdatePolicy":{}},"serviceConfig":{"service":"projects/sensei-manager-d64c0/locations/us-central1/services/webhookasaas","timeoutSeconds":60,"environmentVariables":{"FIREBASE_CONFIG":"{\"projectId\":\"sensei-manager-d64c0\",\"storageBucket\":\"sensei-manager-d64c0.firebasestorage.app\"}","GCLOUD_PROJECT":"sensei-manager-d64c0","EVENTARC_CLOUD_EVENT_SOURCE":"projects/sensei-manager-d64c0/locations/us-central1/services/webhookAsaas","FUNCTION_TARGET":"webhookAsaas","LOG_EXECUTION_ID":"true"},"ingressSettings":"ALLOW_ALL","serviceAccountEmail":"376094928692-compute@developer.gserviceaccount.com","availableMemory":"256Mi","secretEnvironmentVariables":[{"key":"ASAAS_WEBHOOK_TOKEN","projectId":"sensei-manager-d64c0","secret":"ASAAS_WEBHOOK_TOKEN","version":"1"}],"maxInstanceRequestConcurrency":80,"availableCpu":"1"},"state":"UNKNOWN","labels":{"firebase-functions-hash":"57636b5a224fd2a5e0f1d825b2658881cd8fdb30"},"stateMessages":[{"severity":"ERROR","type":"CloudRunServiceNotFound","message":"Cloud Run service projects/sensei-manager-d64c0/locations/us-central1/services/webhookasaas for the function was not found. The function will not work correctly. Please redeploy."}],"environment":"GEN_2","url":"https://us-central1-sensei-manager-d64c0.cloudfunctions.net/webhookAsaas","satisfiesPzi":true},"stages":[{"name":"BUILD","message":"Build in progress","state":"IN_PROGRESS","resource":"projects/376094928692/locations/us-central1/builds/158f4315-c97f-4915-a590-d2e830c37267","resourceUri":"https://console.cloud.google.com/cloud-build/builds;region=us-central1/158f4315-c97f-4915-a590-d2e830c37267?project=376094928692"},{"name":"SERVICE","state":"NOT_STARTED"}],"operationType":"UPDATE_FUNCTION","buildName":"projects/376094928692/locations/us-central1/builds/158f4315-c97f-4915-a590-d2e830c37267"},"done":false}
[debug] [2026-08-20T09:45:25.781Z] [update-default-us-central1-criarCobrancaPix] Retrying task index 0
[debug] [2026-08-20T09:45:25.782Z] Checked if tokens are valid: true, expires at: 1787222614580
[debug] [2026-08-20T09:45:25.782Z] Checked if tokens are valid: true, expires at: 1787222614580
[debug] [2026-08-20T09:45:25.782Z] >>> [apiv2][query] GET https://cloudfunctions.googleapis.com/v2/projects/sensei-manager-d64c0/locations/us-central1/operations/operation-1787219113062-65977605eb0a2-fc2391cc-c976c543 [none]
[debug] [2026-08-20T09:45:25.784Z] [update-default-us-central1-verificarStatusAsaas] Retrying task index 0
[debug] [2026-08-20T09:45:25.785Z] Checked if tokens are valid: true, expires at: 1787222614580
[debug] [2026-08-20T09:45:25.785Z] Checked if tokens are valid: true, expires at: 1787222614580
[debug] [2026-08-20T09:45:25.785Z] >>> [apiv2][query] GET https://cloudfunctions.googleapis.com/v2/projects/sensei-manager-d64c0/locations/us-central1/operations/operation-1787219112989-65977605d92c9-f676e18d-9590ebdd [none]
[debug] [2026-08-20T09:45:25.926Z] [update-default-us-central1-webhookAsaas] Retrying task index 0
[debug] [2026-08-20T09:45:25.926Z] Checked if tokens are valid: true, expires at: 1787222614580
[debug] [2026-08-20T09:45:25.927Z] Checked if tokens are valid: true, expires at: 1787222614580
[debug] [2026-08-20T09:45:25.927Z] >>> [apiv2][query] GET https://cloudfunctions.googleapis.com/v2/projects/sensei-manager-d64c0/locations/us-central1/operations/operation-1787219113129-65977605fb6d9-85ce174e-e039ef35 [none]
[debug] [2026-08-20T09:45:26.737Z] <<< [apiv2][status] GET https://cloudfunctions.googleapis.com/v2/projects/sensei-manager-d64c0/locations/us-central1/operations/operation-1787219113062-65977605eb0a2-fc2391cc-c976c543 200
[debug] [2026-08-20T09:45:26.737Z] <<< [apiv2][body] GET https://cloudfunctions.googleapis.com/v2/projects/sensei-manager-d64c0/locations/us-central1/operations/operation-1787219113062-65977605eb0a2-fc2391cc-c976c543 {"name":"projects/sensei-manager-d64c0/locations/us-central1/operations/operation-1787219113062-65977605eb0a2-fc2391cc-c976c543","metadata":{"@type":"type.googleapis.com/google.cloud.functions.v2.OperationMetadata","createTime":"2026-08-20T09:45:14.064684251Z","target":"projects/sensei-manager-d64c0/locations/us-central1/functions/criarCobrancaPix","verb":"update","cancelRequested":false,"apiVersion":"v2","requestResource":{"@type":"type.googleapis.com/google.cloud.functions.v2.Function","name":"projects/sensei-manager-d64c0/locations/us-central1/functions/criarCobrancaPix","buildConfig":{"runtime":"nodejs20","entryPoint":"criarCobrancaPix","source":{"storageSource":{"bucket":"gcf-v2-sources-376094928692-us-central1","object":"criarCobrancaPix/function-source.zip","generation":"1787219114007347"}},"environmentVariables":{"GOOGLE_NODE_RUN_SCRIPTS":""},"dockerRepository":"projects/sensei-manager-d64c0/locations/us-central1/repositories/gcf-artifacts","sourceProvenance":{"resolvedStorageSource":{"bucket":"gcf-v2-sources-376094928692-us-central1","object":"criarCobrancaPix/function-source.zip","generation":"1786989867112722"}},"dockerRegistry":"ARTIFACT_REGISTRY","serviceAccount":"projects/sensei-manager-d64c0/serviceAccounts/376094928692-compute@developer.gserviceaccount.com","automaticUpdatePolicy":{}},"serviceConfig":{"service":"projects/sensei-manager-d64c0/locations/us-central1/services/criarcobrancapix","timeoutSeconds":60,"environmentVariables":{"FIREBASE_CONFIG":"{\"projectId\":\"sensei-manager-d64c0\",\"storageBucket\":\"sensei-manager-d64c0.firebasestorage.app\"}","GCLOUD_PROJECT":"sensei-manager-d64c0","EVENTARC_CLOUD_EVENT_SOURCE":"projects/sensei-manager-d64c0/locations/us-central1/services/criarCobrancaPix","FUNCTION_TARGET":"criarCobrancaPix","LOG_EXECUTION_ID":"true"},"ingressSettings":"ALLOW_ALL","serviceAccountEmail":"376094928692-compute@developer.gserviceaccount.com","availableMemory":"256Mi","secretEnvironmentVariables":[{"key":"ASAAS_API_KEY","projectId":"sensei-manager-d64c0","secret":"ASAAS_API_KEY","version":"1"}],"maxInstanceRequestConcurrency":80,"availableCpu":"1"},"state":"UNKNOWN","labels":{"deployment-callable":"true","firebase-functions-hash":"bbc2f0e50f837243b6332780cdd9814ce9042c3a"},"stateMessages":[{"severity":"ERROR","type":"CloudRunServiceNotFound","message":"Cloud Run service projects/sensei-manager-d64c0/locations/us-central1/services/criarcobrancapix for the function was not found. The function will not work correctly. Please redeploy."}],"environment":"GEN_2","url":"https://us-central1-sensei-manager-d64c0.cloudfunctions.net/criarCobrancaPix","satisfiesPzi":true},"stages":[{"name":"BUILD","message":"Build in progress","state":"IN_PROGRESS","resource":"projects/376094928692/locations/us-central1/builds/d7d7b968-d40b-4a92-8449-80059c4649de","resourceUri":"https://console.cloud.google.com/cloud-build/builds;region=us-central1/d7d7b968-d40b-4a92-8449-80059c4649de?project=376094928692"},{"name":"SERVICE","state":"NOT_STARTED"}],"operationType":"UPDATE_FUNCTION","buildName":"projects/376094928692/locations/us-central1/builds/d7d7b968-d40b-4a92-8449-80059c4649de"},"done":false}
[debug] [2026-08-20T09:45:26.762Z] <<< [apiv2][status] GET https://cloudfunctions.googleapis.com/v2/projects/sensei-manager-d64c0/locations/us-central1/operations/operation-1787219112989-65977605d92c9-f676e18d-9590ebdd 200
[debug] [2026-08-20T09:45:26.762Z] <<< [apiv2][body] GET https://cloudfunctions.googleapis.com/v2/projects/sensei-manager-d64c0/locations/us-central1/operations/operation-1787219112989-65977605d92c9-f676e18d-9590ebdd {"name":"projects/sensei-manager-d64c0/locations/us-central1/operations/operation-1787219112989-65977605d92c9-f676e18d-9590ebdd","metadata":{"@type":"type.googleapis.com/google.cloud.functions.v2.OperationMetadata","createTime":"2026-08-20T09:45:14.025732679Z","target":"projects/sensei-manager-d64c0/locations/us-central1/functions/verificarStatusAsaas","verb":"update","cancelRequested":false,"apiVersion":"v2","requestResource":{"@type":"type.googleapis.com/google.cloud.functions.v2.Function","name":"projects/sensei-manager-d64c0/locations/us-central1/functions/verificarStatusAsaas","buildConfig":{"runtime":"nodejs20","entryPoint":"verificarStatusAsaas","source":{"storageSource":{"bucket":"gcf-v2-sources-376094928692-us-central1","object":"verificarStatusAsaas/function-source.zip","generation":"1787219113960326"}},"environmentVariables":{"GOOGLE_NODE_RUN_SCRIPTS":""},"dockerRepository":"projects/sensei-manager-d64c0/locations/us-central1/repositories/gcf-artifacts","sourceProvenance":{"resolvedStorageSource":{"bucket":"gcf-v2-sources-376094928692-us-central1","object":"verificarStatusAsaas/function-source.zip","generation":"1786989866286603"}},"dockerRegistry":"ARTIFACT_REGISTRY","serviceAccount":"projects/sensei-manager-d64c0/serviceAccounts/376094928692-compute@developer.gserviceaccount.com","automaticUpdatePolicy":{}},"serviceConfig":{"service":"projects/sensei-manager-d64c0/locations/us-central1/services/verificarstatusasaas","timeoutSeconds":60,"environmentVariables":{"FIREBASE_CONFIG":"{\"projectId\":\"sensei-manager-d64c0\",\"storageBucket\":\"sensei-manager-d64c0.firebasestorage.app\"}","GCLOUD_PROJECT":"sensei-manager-d64c0","EVENTARC_CLOUD_EVENT_SOURCE":"projects/sensei-manager-d64c0/locations/us-central1/services/verificarStatusAsaas","FUNCTION_TARGET":"verificarStatusAsaas","LOG_EXECUTION_ID":"true"},"ingressSettings":"ALLOW_ALL","serviceAccountEmail":"376094928692-compute@developer.gserviceaccount.com","availableMemory":"256Mi","secretEnvironmentVariables":[{"key":"ASAAS_API_KEY","projectId":"sensei-manager-d64c0","secret":"ASAAS_API_KEY","version":"1"}],"maxInstanceRequestConcurrency":80,"availableCpu":"1"},"state":"UNKNOWN","labels":{"deployment-callable":"true","firebase-functions-hash":"bbc2f0e50f837243b6332780cdd9814ce9042c3a"},"stateMessages":[{"severity":"ERROR","type":"CloudRunServiceNotFound","message":"Cloud Run service projects/sensei-manager-d64c0/locations/us-central1/services/verificarstatusasaas for the function was not found. The function will not work correctly. Please redeploy."}],"environment":"GEN_2","url":"https://us-central1-sensei-manager-d64c0.cloudfunctions.net/verificarStatusAsaas","satisfiesPzi":true},"stages":[{"name":"BUILD","message":"Build in progress","state":"IN_PROGRESS","resource":"projects/376094928692/locations/us-central1/builds/c577999d-527a-474a-8cd8-ec9d10f86d3d","resourceUri":"https://console.cloud.google.com/cloud-build/builds;region=us-central1/c577999d-527a-474a-8cd8-ec9d10f86d3d?project=376094928692"},{"name":"SERVICE","state":"NOT_STARTED"}],"operationType":"UPDATE_FUNCTION","buildName":"projects/376094928692/locations/us-central1/builds/c577999d-527a-474a-8cd8-ec9d10f86d3d"},"done":false}
[debug] [2026-08-20T09:45:26.874Z] <<< [apiv2][status] GET https://cloudfunctions.googleapis.com/v2/projects/sensei-manager-d64c0/locations/us-central1/operations/operation-1787219113129-65977605fb6d9-85ce174e-e039ef35 200
[debug] [2026-08-20T09:45:26.875Z] <<< [apiv2][body] GET https://cloudfunctions.googleapis.com/v2/projects/sensei-manager-d64c0/locations/us-central1/operations/operation-1787219113129-65977605fb6d9-85ce174e-e039ef35 {"name":"projects/sensei-manager-d64c0/locations/us-central1/operations/operation-1787219113129-65977605fb6d9-85ce174e-e039ef35","metadata":{"@type":"type.googleapis.com/google.cloud.functions.v2.OperationMetadata","createTime":"2026-08-20T09:45:14.176695113Z","target":"projects/sensei-manager-d64c0/locations/us-central1/functions/webhookAsaas","verb":"update","cancelRequested":false,"apiVersion":"v2","requestResource":{"@type":"type.googleapis.com/google.cloud.functions.v2.Function","name":"projects/sensei-manager-d64c0/locations/us-central1/functions/webhookAsaas","buildConfig":{"runtime":"nodejs20","entryPoint":"webhookAsaas","source":{"storageSource":{"bucket":"gcf-v2-sources-376094928692-us-central1","object":"webhookAsaas/function-source.zip","generation":"1787219114118810"}},"environmentVariables":{"GOOGLE_NODE_RUN_SCRIPTS":""},"dockerRepository":"projects/sensei-manager-d64c0/locations/us-central1/repositories/gcf-artifacts","sourceProvenance":{"resolvedStorageSource":{"bucket":"gcf-v2-sources-376094928692-us-central1","object":"webhookAsaas/function-source.zip","generation":"1786989867148965"}},"dockerRegistry":"ARTIFACT_REGISTRY","serviceAccount":"projects/sensei-manager-d64c0/serviceAccounts/376094928692-compute@developer.gserviceaccount.com","automaticUpdatePolicy":{}},"serviceConfig":{"service":"projects/sensei-manager-d64c0/locations/us-central1/services/webhookasaas","timeoutSeconds":60,"environmentVariables":{"FIREBASE_CONFIG":"{\"projectId\":\"sensei-manager-d64c0\",\"storageBucket\":\"sensei-manager-d64c0.firebasestorage.app\"}","GCLOUD_PROJECT":"sensei-manager-d64c0","EVENTARC_CLOUD_EVENT_SOURCE":"projects/sensei-manager-d64c0/locations/us-central1/services/webhookAsaas","FUNCTION_TARGET":"webhookAsaas","LOG_EXECUTION_ID":"true"},"ingressSettings":"ALLOW_ALL","serviceAccountEmail":"376094928692-compute@developer.gserviceaccount.com","availableMemory":"256Mi","secretEnvironmentVariables":[{"key":"ASAAS_WEBHOOK_TOKEN","projectId":"sensei-manager-d64c0","secret":"ASAAS_WEBHOOK_TOKEN","version":"1"}],"maxInstanceRequestConcurrency":80,"availableCpu":"1"},"state":"UNKNOWN","labels":{"firebase-functions-hash":"57636b5a224fd2a5e0f1d825b2658881cd8fdb30"},"stateMessages":[{"severity":"ERROR","type":"CloudRunServiceNotFound","message":"Cloud Run service projects/sensei-manager-d64c0/locations/us-central1/services/webhookasaas for the function was not found. The function will not work correctly. Please redeploy."}],"environment":"GEN_2","url":"https://us-central1-sensei-manager-d64c0.cloudfunctions.net/webhookAsaas","satisfiesPzi":true},"stages":[{"name":"BUILD","message":"Build in progress","state":"IN_PROGRESS","resource":"projects/376094928692/locations/us-central1/builds/158f4315-c97f-4915-a590-d2e830c37267","resourceUri":"https://console.cloud.google.com/cloud-build/builds;region=us-central1/158f4315-c97f-4915-a590-d2e830c37267?project=376094928692"},{"name":"SERVICE","state":"NOT_STARTED"}],"operationType":"UPDATE_FUNCTION","buildName":"projects/376094928692/locations/us-central1/builds/158f4315-c97f-4915-a590-d2e830c37267"},"done":false}
[debug] [2026-08-20T09:45:34.739Z] [update-default-us-central1-criarCobrancaPix] Retrying task index 0
[debug] [2026-08-20T09:45:34.740Z] Checked if tokens are valid: true, expires at: 1787222614580
[debug] [2026-08-20T09:45:34.740Z] Checked if tokens are valid: true, expires at: 1787222614580
[debug] [2026-08-20T09:45:34.740Z] >>> [apiv2][query] GET https://cloudfunctions.googleapis.com/v2/projects/sensei-manager-d64c0/locations/us-central1/operations/operation-1787219113062-65977605eb0a2-fc2391cc-c976c543 [none]
[debug] [2026-08-20T09:45:34.762Z] [update-default-us-central1-verificarStatusAsaas] Retrying task index 0
[debug] [2026-08-20T09:45:34.763Z] Checked if tokens are valid: true, expires at: 1787222614580
[debug] [2026-08-20T09:45:34.763Z] Checked if tokens are valid: true, expires at: 1787222614580
[debug] [2026-08-20T09:45:34.763Z] >>> [apiv2][query] GET https://cloudfunctions.googleapis.com/v2/projects/sensei-manager-d64c0/locations/us-central1/operations/operation-1787219112989-65977605d92c9-f676e18d-9590ebdd [none]
[debug] [2026-08-20T09:45:34.875Z] [update-default-us-central1-webhookAsaas] Retrying task index 0
[debug] [2026-08-20T09:45:34.876Z] Checked if tokens are valid: true, expires at: 1787222614580
[debug] [2026-08-20T09:45:34.876Z] Checked if tokens are valid: true, expires at: 1787222614580
[debug] [2026-08-20T09:45:34.876Z] >>> [apiv2][query] GET https://cloudfunctions.googleapis.com/v2/projects/sensei-manager-d64c0/locations/us-central1/operations/operation-1787219113129-65977605fb6d9-85ce174e-e039ef35 [none]
[debug] [2026-08-20T09:45:35.843Z] <<< [apiv2][status] GET https://cloudfunctions.googleapis.com/v2/projects/sensei-manager-d64c0/locations/us-central1/operations/operation-1787219112989-65977605d92c9-f676e18d-9590ebdd 200
[debug] [2026-08-20T09:45:35.843Z] <<< [apiv2][body] GET https://cloudfunctions.googleapis.com/v2/projects/sensei-manager-d64c0/locations/us-central1/operations/operation-1787219112989-65977605d92c9-f676e18d-9590ebdd {"name":"projects/sensei-manager-d64c0/locations/us-central1/operations/operation-1787219112989-65977605d92c9-f676e18d-9590ebdd","metadata":{"@type":"type.googleapis.com/google.cloud.functions.v2.OperationMetadata","createTime":"2026-08-20T09:45:14.025732679Z","target":"projects/sensei-manager-d64c0/locations/us-central1/functions/verificarStatusAsaas","verb":"update","cancelRequested":false,"apiVersion":"v2","requestResource":{"@type":"type.googleapis.com/google.cloud.functions.v2.Function","name":"projects/sensei-manager-d64c0/locations/us-central1/functions/verificarStatusAsaas","buildConfig":{"runtime":"nodejs20","entryPoint":"verificarStatusAsaas","source":{"storageSource":{"bucket":"gcf-v2-sources-376094928692-us-central1","object":"verificarStatusAsaas/function-source.zip","generation":"1787219113960326"}},"environmentVariables":{"GOOGLE_NODE_RUN_SCRIPTS":""},"dockerRepository":"projects/sensei-manager-d64c0/locations/us-central1/repositories/gcf-artifacts","sourceProvenance":{"resolvedStorageSource":{"bucket":"gcf-v2-sources-376094928692-us-central1","object":"verificarStatusAsaas/function-source.zip","generation":"1786989866286603"}},"dockerRegistry":"ARTIFACT_REGISTRY","serviceAccount":"projects/sensei-manager-d64c0/serviceAccounts/376094928692-compute@developer.gserviceaccount.com","automaticUpdatePolicy":{}},"serviceConfig":{"service":"projects/sensei-manager-d64c0/locations/us-central1/services/verificarstatusasaas","timeoutSeconds":60,"environmentVariables":{"FIREBASE_CONFIG":"{\"projectId\":\"sensei-manager-d64c0\",\"storageBucket\":\"sensei-manager-d64c0.firebasestorage.app\"}","GCLOUD_PROJECT":"sensei-manager-d64c0","EVENTARC_CLOUD_EVENT_SOURCE":"projects/sensei-manager-d64c0/locations/us-central1/services/verificarStatusAsaas","FUNCTION_TARGET":"verificarStatusAsaas","LOG_EXECUTION_ID":"true"},"ingressSettings":"ALLOW_ALL","serviceAccountEmail":"376094928692-compute@developer.gserviceaccount.com","availableMemory":"256Mi","secretEnvironmentVariables":[{"key":"ASAAS_API_KEY","projectId":"sensei-manager-d64c0","secret":"ASAAS_API_KEY","version":"1"}],"maxInstanceRequestConcurrency":80,"availableCpu":"1"},"state":"UNKNOWN","labels":{"deployment-callable":"true","firebase-functions-hash":"bbc2f0e50f837243b6332780cdd9814ce9042c3a"},"stateMessages":[{"severity":"ERROR","type":"CloudRunServiceNotFound","message":"Cloud Run service projects/sensei-manager-d64c0/locations/us-central1/services/verificarstatusasaas for the function was not found. The function will not work correctly. Please redeploy."}],"environment":"GEN_2","url":"https://us-central1-sensei-manager-d64c0.cloudfunctions.net/verificarStatusAsaas","satisfiesPzi":true},"stages":[{"name":"BUILD","message":"Build in progress","state":"IN_PROGRESS","resource":"projects/376094928692/locations/us-central1/builds/c577999d-527a-474a-8cd8-ec9d10f86d3d","resourceUri":"https://console.cloud.google.com/cloud-build/builds;region=us-central1/c577999d-527a-474a-8cd8-ec9d10f86d3d?project=376094928692"},{"name":"SERVICE","state":"NOT_STARTED"}],"operationType":"UPDATE_FUNCTION","buildName":"projects/376094928692/locations/us-central1/builds/c577999d-527a-474a-8cd8-ec9d10f86d3d"},"done":false}
[debug] [2026-08-20T09:45:35.886Z] <<< [apiv2][status] GET https://cloudfunctions.googleapis.com/v2/projects/sensei-manager-d64c0/locations/us-central1/operations/operation-1787219113062-65977605eb0a2-fc2391cc-c976c543 200
[debug] [2026-08-20T09:45:35.886Z] <<< [apiv2][body] GET https://cloudfunctions.googleapis.com/v2/projects/sensei-manager-d64c0/locations/us-central1/operations/operation-1787219113062-65977605eb0a2-fc2391cc-c976c543 {"name":"projects/sensei-manager-d64c0/locations/us-central1/operations/operation-1787219113062-65977605eb0a2-fc2391cc-c976c543","metadata":{"@type":"type.googleapis.com/google.cloud.functions.v2.OperationMetadata","createTime":"2026-08-20T09:45:14.064684251Z","target":"projects/sensei-manager-d64c0/locations/us-central1/functions/criarCobrancaPix","verb":"update","cancelRequested":false,"apiVersion":"v2","requestResource":{"@type":"type.googleapis.com/google.cloud.functions.v2.Function","name":"projects/sensei-manager-d64c0/locations/us-central1/functions/criarCobrancaPix","buildConfig":{"runtime":"nodejs20","entryPoint":"criarCobrancaPix","source":{"storageSource":{"bucket":"gcf-v2-sources-376094928692-us-central1","object":"criarCobrancaPix/function-source.zip","generation":"1787219114007347"}},"environmentVariables":{"GOOGLE_NODE_RUN_SCRIPTS":""},"dockerRepository":"projects/sensei-manager-d64c0/locations/us-central1/repositories/gcf-artifacts","sourceProvenance":{"resolvedStorageSource":{"bucket":"gcf-v2-sources-376094928692-us-central1","object":"criarCobrancaPix/function-source.zip","generation":"1786989867112722"}},"dockerRegistry":"ARTIFACT_REGISTRY","serviceAccount":"projects/sensei-manager-d64c0/serviceAccounts/376094928692-compute@developer.gserviceaccount.com","automaticUpdatePolicy":{}},"serviceConfig":{"service":"projects/sensei-manager-d64c0/locations/us-central1/services/criarcobrancapix","timeoutSeconds":60,"environmentVariables":{"FIREBASE_CONFIG":"{\"projectId\":\"sensei-manager-d64c0\",\"storageBucket\":\"sensei-manager-d64c0.firebasestorage.app\"}","GCLOUD_PROJECT":"sensei-manager-d64c0","EVENTARC_CLOUD_EVENT_SOURCE":"projects/sensei-manager-d64c0/locations/us-central1/services/criarCobrancaPix","FUNCTION_TARGET":"criarCobrancaPix","LOG_EXECUTION_ID":"true"},"ingressSettings":"ALLOW_ALL","serviceAccountEmail":"376094928692-compute@developer.gserviceaccount.com","availableMemory":"256Mi","secretEnvironmentVariables":[{"key":"ASAAS_API_KEY","projectId":"sensei-manager-d64c0","secret":"ASAAS_API_KEY","version":"1"}],"maxInstanceRequestConcurrency":80,"availableCpu":"1"},"state":"UNKNOWN","labels":{"deployment-callable":"true","firebase-functions-hash":"bbc2f0e50f837243b6332780cdd9814ce9042c3a"},"stateMessages":[{"severity":"ERROR","type":"CloudRunServiceNotFound","message":"Cloud Run service projects/sensei-manager-d64c0/locations/us-central1/services/criarcobrancapix for the function was not found. The function will not work correctly. Please redeploy."}],"environment":"GEN_2","url":"https://us-central1-sensei-manager-d64c0.cloudfunctions.net/criarCobrancaPix","satisfiesPzi":true},"stages":[{"name":"BUILD","message":"Build in progress","state":"IN_PROGRESS","resource":"projects/376094928692/locations/us-central1/builds/d7d7b968-d40b-4a92-8449-80059c4649de","resourceUri":"https://console.cloud.google.com/cloud-build/builds;region=us-central1/d7d7b968-d40b-4a92-8449-80059c4649de?project=376094928692"},{"name":"SERVICE","state":"NOT_STARTED"}],"operationType":"UPDATE_FUNCTION","buildName":"projects/376094928692/locations/us-central1/builds/d7d7b968-d40b-4a92-8449-80059c4649de"},"done":false}
[debug] [2026-08-20T09:45:35.947Z] <<< [apiv2][status] GET https://cloudfunctions.googleapis.com/v2/projects/sensei-manager-d64c0/locations/us-central1/operations/operation-1787219113129-65977605fb6d9-85ce174e-e039ef35 200
[debug] [2026-08-20T09:45:35.947Z] <<< [apiv2][body] GET https://cloudfunctions.googleapis.com/v2/projects/sensei-manager-d64c0/locations/us-central1/operations/operation-1787219113129-65977605fb6d9-85ce174e-e039ef35 {"name":"projects/sensei-manager-d64c0/locations/us-central1/operations/operation-1787219113129-65977605fb6d9-85ce174e-e039ef35","metadata":{"@type":"type.googleapis.com/google.cloud.functions.v2.OperationMetadata","createTime":"2026-08-20T09:45:14.176695113Z","target":"projects/sensei-manager-d64c0/locations/us-central1/functions/webhookAsaas","verb":"update","cancelRequested":false,"apiVersion":"v2","requestResource":{"@type":"type.googleapis.com/google.cloud.functions.v2.Function","name":"projects/sensei-manager-d64c0/locations/us-central1/functions/webhookAsaas","buildConfig":{"runtime":"nodejs20","entryPoint":"webhookAsaas","source":{"storageSource":{"bucket":"gcf-v2-sources-376094928692-us-central1","object":"webhookAsaas/function-source.zip","generation":"1787219114118810"}},"environmentVariables":{"GOOGLE_NODE_RUN_SCRIPTS":""},"dockerRepository":"projects/sensei-manager-d64c0/locations/us-central1/repositories/gcf-artifacts","sourceProvenance":{"resolvedStorageSource":{"bucket":"gcf-v2-sources-376094928692-us-central1","object":"webhookAsaas/function-source.zip","generation":"1786989867148965"}},"dockerRegistry":"ARTIFACT_REGISTRY","serviceAccount":"projects/sensei-manager-d64c0/serviceAccounts/376094928692-compute@developer.gserviceaccount.com","automaticUpdatePolicy":{}},"serviceConfig":{"service":"projects/sensei-manager-d64c0/locations/us-central1/services/webhookasaas","timeoutSeconds":60,"environmentVariables":{"FIREBASE_CONFIG":"{\"projectId\":\"sensei-manager-d64c0\",\"storageBucket\":\"sensei-manager-d64c0.firebasestorage.app\"}","GCLOUD_PROJECT":"sensei-manager-d64c0","EVENTARC_CLOUD_EVENT_SOURCE":"projects/sensei-manager-d64c0/locations/us-central1/services/webhookAsaas","FUNCTION_TARGET":"webhookAsaas","LOG_EXECUTION_ID":"true"},"ingressSettings":"ALLOW_ALL","serviceAccountEmail":"376094928692-compute@developer.gserviceaccount.com","availableMemory":"256Mi","secretEnvironmentVariables":[{"key":"ASAAS_WEBHOOK_TOKEN","projectId":"sensei-manager-d64c0","secret":"ASAAS_WEBHOOK_TOKEN","version":"1"}],"maxInstanceRequestConcurrency":80,"availableCpu":"1"},"state":"UNKNOWN","labels":{"firebase-functions-hash":"57636b5a224fd2a5e0f1d825b2658881cd8fdb30"},"stateMessages":[{"severity":"ERROR","type":"CloudRunServiceNotFound","message":"Cloud Run service projects/sensei-manager-d64c0/locations/us-central1/services/webhookasaas for the function was not found. The function will not work correctly. Please redeploy."}],"environment":"GEN_2","url":"https://us-central1-sensei-manager-d64c0.cloudfunctions.net/webhookAsaas","satisfiesPzi":true},"stages":[{"name":"BUILD","message":"Build in progress","state":"IN_PROGRESS","resource":"projects/376094928692/locations/us-central1/builds/158f4315-c97f-4915-a590-d2e830c37267","resourceUri":"https://console.cloud.google.com/cloud-build/builds;region=us-central1/158f4315-c97f-4915-a590-d2e830c37267?project=376094928692"},{"name":"SERVICE","state":"NOT_STARTED"}],"operationType":"UPDATE_FUNCTION","buildName":"projects/376094928692/locations/us-central1/builds/158f4315-c97f-4915-a590-d2e830c37267"},"done":false}
[debug] [2026-08-20T09:45:45.845Z] [update-default-us-central1-verificarStatusAsaas] Retrying task index 0
[debug] [2026-08-20T09:45:45.846Z] Checked if tokens are valid: true, expires at: 1787222614580
[debug] [2026-08-20T09:45:45.846Z] Checked if tokens are valid: true, expires at: 1787222614580
[debug] [2026-08-20T09:45:45.846Z] >>> [apiv2][query] GET https://cloudfunctions.googleapis.com/v2/projects/sensei-manager-d64c0/locations/us-central1/operations/operation-1787219112989-65977605d92c9-f676e18d-9590ebdd [none]
[debug] [2026-08-20T09:45:45.888Z] [update-default-us-central1-criarCobrancaPix] Retrying task index 0
[debug] [2026-08-20T09:45:45.888Z] Checked if tokens are valid: true, expires at: 1787222614580
[debug] [2026-08-20T09:45:45.888Z] Checked if tokens are valid: true, expires at: 1787222614580
[debug] [2026-08-20T09:45:45.888Z] >>> [apiv2][query] GET https://cloudfunctions.googleapis.com/v2/projects/sensei-manager-d64c0/locations/us-central1/operations/operation-1787219113062-65977605eb0a2-fc2391cc-c976c543 [none]
[debug] [2026-08-20T09:45:45.948Z] [update-default-us-central1-webhookAsaas] Retrying task index 0
[debug] [2026-08-20T09:45:45.949Z] Checked if tokens are valid: true, expires at: 1787222614580
[debug] [2026-08-20T09:45:45.949Z] Checked if tokens are valid: true, expires at: 1787222614580
[debug] [2026-08-20T09:45:45.949Z] >>> [apiv2][query] GET https://cloudfunctions.googleapis.com/v2/projects/sensei-manager-d64c0/locations/us-central1/operations/operation-1787219113129-65977605fb6d9-85ce174e-e039ef35 [none]
[debug] [2026-08-20T09:45:46.919Z] <<< [apiv2][status] GET https://cloudfunctions.googleapis.com/v2/projects/sensei-manager-d64c0/locations/us-central1/operations/operation-1787219112989-65977605d92c9-f676e18d-9590ebdd 200
[debug] [2026-08-20T09:45:46.919Z] <<< [apiv2][body] GET https://cloudfunctions.googleapis.com/v2/projects/sensei-manager-d64c0/locations/us-central1/operations/operation-1787219112989-65977605d92c9-f676e18d-9590ebdd {"name":"projects/sensei-manager-d64c0/locations/us-central1/operations/operation-1787219112989-65977605d92c9-f676e18d-9590ebdd","metadata":{"@type":"type.googleapis.com/google.cloud.functions.v2.OperationMetadata","createTime":"2026-08-20T09:45:14.025732679Z","target":"projects/sensei-manager-d64c0/locations/us-central1/functions/verificarStatusAsaas","verb":"update","cancelRequested":false,"apiVersion":"v2","requestResource":{"@type":"type.googleapis.com/google.cloud.functions.v2.Function","name":"projects/sensei-manager-d64c0/locations/us-central1/functions/verificarStatusAsaas","buildConfig":{"runtime":"nodejs20","entryPoint":"verificarStatusAsaas","source":{"storageSource":{"bucket":"gcf-v2-sources-376094928692-us-central1","object":"verificarStatusAsaas/function-source.zip","generation":"1787219113960326"}},"environmentVariables":{"GOOGLE_NODE_RUN_SCRIPTS":""},"dockerRepository":"projects/sensei-manager-d64c0/locations/us-central1/repositories/gcf-artifacts","sourceProvenance":{"resolvedStorageSource":{"bucket":"gcf-v2-sources-376094928692-us-central1","object":"verificarStatusAsaas/function-source.zip","generation":"1786989866286603"}},"dockerRegistry":"ARTIFACT_REGISTRY","serviceAccount":"projects/sensei-manager-d64c0/serviceAccounts/376094928692-compute@developer.gserviceaccount.com","automaticUpdatePolicy":{}},"serviceConfig":{"service":"projects/sensei-manager-d64c0/locations/us-central1/services/verificarstatusasaas","timeoutSeconds":60,"environmentVariables":{"FIREBASE_CONFIG":"{\"projectId\":\"sensei-manager-d64c0\",\"storageBucket\":\"sensei-manager-d64c0.firebasestorage.app\"}","GCLOUD_PROJECT":"sensei-manager-d64c0","EVENTARC_CLOUD_EVENT_SOURCE":"projects/sensei-manager-d64c0/locations/us-central1/services/verificarStatusAsaas","FUNCTION_TARGET":"verificarStatusAsaas","LOG_EXECUTION_ID":"true"},"ingressSettings":"ALLOW_ALL","serviceAccountEmail":"376094928692-compute@developer.gserviceaccount.com","availableMemory":"256Mi","secretEnvironmentVariables":[{"key":"ASAAS_API_KEY","projectId":"sensei-manager-d64c0","secret":"ASAAS_API_KEY","version":"1"}],"maxInstanceRequestConcurrency":80,"availableCpu":"1"},"state":"UNKNOWN","labels":{"deployment-callable":"true","firebase-functions-hash":"bbc2f0e50f837243b6332780cdd9814ce9042c3a"},"stateMessages":[{"severity":"ERROR","type":"CloudRunServiceNotFound","message":"Cloud Run service projects/sensei-manager-d64c0/locations/us-central1/services/verificarstatusasaas for the function was not found. The function will not work correctly. Please redeploy."}],"environment":"GEN_2","url":"https://us-central1-sensei-manager-d64c0.cloudfunctions.net/verificarStatusAsaas","satisfiesPzi":true},"stages":[{"name":"BUILD","message":"Build in progress","state":"IN_PROGRESS","resource":"projects/376094928692/locations/us-central1/builds/c577999d-527a-474a-8cd8-ec9d10f86d3d","resourceUri":"https://console.cloud.google.com/cloud-build/builds;region=us-central1/c577999d-527a-474a-8cd8-ec9d10f86d3d?project=376094928692"},{"name":"SERVICE","state":"NOT_STARTED"}],"operationType":"UPDATE_FUNCTION","buildName":"projects/376094928692/locations/us-central1/builds/c577999d-527a-474a-8cd8-ec9d10f86d3d"},"done":false}
[debug] [2026-08-20T09:45:46.977Z] <<< [apiv2][status] GET https://cloudfunctions.googleapis.com/v2/projects/sensei-manager-d64c0/locations/us-central1/operations/operation-1787219113062-65977605eb0a2-fc2391cc-c976c543 200
[debug] [2026-08-20T09:45:46.977Z] <<< [apiv2][body] GET https://cloudfunctions.googleapis.com/v2/projects/sensei-manager-d64c0/locations/us-central1/operations/operation-1787219113062-65977605eb0a2-fc2391cc-c976c543 {"name":"projects/sensei-manager-d64c0/locations/us-central1/operations/operation-1787219113062-65977605eb0a2-fc2391cc-c976c543","metadata":{"@type":"type.googleapis.com/google.cloud.functions.v2.OperationMetadata","createTime":"2026-08-20T09:45:14.064684251Z","endTime":"2026-08-20T09:45:45.863798712Z","target":"projects/sensei-manager-d64c0/locations/us-central1/functions/criarCobrancaPix","verb":"update","cancelRequested":false,"apiVersion":"v2","requestResource":{"@type":"type.googleapis.com/google.cloud.functions.v2.Function","name":"projects/sensei-manager-d64c0/locations/us-central1/functions/criarCobrancaPix","buildConfig":{"runtime":"nodejs20","entryPoint":"criarCobrancaPix","source":{"storageSource":{"bucket":"gcf-v2-sources-376094928692-us-central1","object":"criarCobrancaPix/function-source.zip","generation":"1787219114007347"}},"environmentVariables":{"GOOGLE_NODE_RUN_SCRIPTS":""},"dockerRepository":"projects/sensei-manager-d64c0/locations/us-central1/repositories/gcf-artifacts","sourceProvenance":{"resolvedStorageSource":{"bucket":"gcf-v2-sources-376094928692-us-central1","object":"criarCobrancaPix/function-source.zip","generation":"1786989867112722"}},"dockerRegistry":"ARTIFACT_REGISTRY","serviceAccount":"projects/sensei-manager-d64c0/serviceAccounts/376094928692-compute@developer.gserviceaccount.com","automaticUpdatePolicy":{}},"serviceConfig":{"service":"projects/sensei-manager-d64c0/locations/us-central1/services/criarcobrancapix","timeoutSeconds":60,"environmentVariables":{"FIREBASE_CONFIG":"{\"projectId\":\"sensei-manager-d64c0\",\"storageBucket\":\"sensei-manager-d64c0.firebasestorage.app\"}","GCLOUD_PROJECT":"sensei-manager-d64c0","EVENTARC_CLOUD_EVENT_SOURCE":"projects/sensei-manager-d64c0/locations/us-central1/services/criarCobrancaPix","FUNCTION_TARGET":"criarCobrancaPix","LOG_EXECUTION_ID":"true"},"ingressSettings":"ALLOW_ALL","serviceAccountEmail":"376094928692-compute@developer.gserviceaccount.com","availableMemory":"256Mi","secretEnvironmentVariables":[{"key":"ASAAS_API_KEY","projectId":"sensei-manager-d64c0","secret":"ASAAS_API_KEY","version":"1"}],"maxInstanceRequestConcurrency":80,"availableCpu":"1"},"state":"UNKNOWN","labels":{"deployment-callable":"true","firebase-functions-hash":"bbc2f0e50f837243b6332780cdd9814ce9042c3a"},"stateMessages":[{"severity":"ERROR","type":"CloudRunServiceNotFound","message":"Cloud Run service projects/sensei-manager-d64c0/locations/us-central1/services/criarcobrancapix for the function was not found. The function will not work correctly. Please redeploy."}],"environment":"GEN_2","url":"https://us-central1-sensei-manager-d64c0.cloudfunctions.net/criarCobrancaPix","satisfiesPzi":true},"stages":[{"name":"SERVICE","state":"NOT_STARTED"}],"operationType":"UPDATE_FUNCTION"},"done":true,"error":{"code":3,"message":"Build failed with status: FAILURE. Could not build the function due to a missing permission on the build service account. If you didn't revoke that permission explicitly, this could be caused by a change in the organization policies. Please refer to the following documentation for more details and resolution: https://cloud.google.com/functions/docs/troubleshooting#build-service-account\n You can also view the logs at https://console.cloud.google.com/cloud-build/builds;region=us-central1/d7d7b968-d40b-4a92-8449-80059c4649de?project=376094928692.\n"}}
[debug] [2026-08-20T09:45:46.978Z] Got source token undefined for region us-central1
[error] Build failed with status: FAILURE. Could not build the function due to a missing permission on the build service account. If you didn't revoke that permission explicitly, this could be caused by a change in the organization policies. Please refer to the following documentation for more details and resolution: https://cloud.google.com/functions/docs/troubleshooting#build-service-account
 You can also view the logs at https://console.cloud.google.com/cloud-build/builds;region=us-central1/d7d7b968-d40b-4a92-8449-80059c4649de?project=376094928692.

[debug] [2026-08-20T09:45:47.442Z] <<< [apiv2][status] GET https://cloudfunctions.googleapis.com/v2/projects/sensei-manager-d64c0/locations/us-central1/operations/operation-1787219113129-65977605fb6d9-85ce174e-e039ef35 200
[debug] [2026-08-20T09:45:47.442Z] <<< [apiv2][body] GET https://cloudfunctions.googleapis.com/v2/projects/sensei-manager-d64c0/locations/us-central1/operations/operation-1787219113129-65977605fb6d9-85ce174e-e039ef35 {"name":"projects/sensei-manager-d64c0/locations/us-central1/operations/operation-1787219113129-65977605fb6d9-85ce174e-e039ef35","metadata":{"@type":"type.googleapis.com/google.cloud.functions.v2.OperationMetadata","createTime":"2026-08-20T09:45:14.176695113Z","target":"projects/sensei-manager-d64c0/locations/us-central1/functions/webhookAsaas","verb":"update","cancelRequested":false,"apiVersion":"v2","requestResource":{"@type":"type.googleapis.com/google.cloud.functions.v2.Function","name":"projects/sensei-manager-d64c0/locations/us-central1/functions/webhookAsaas","buildConfig":{"runtime":"nodejs20","entryPoint":"webhookAsaas","source":{"storageSource":{"bucket":"gcf-v2-sources-376094928692-us-central1","object":"webhookAsaas/function-source.zip","generation":"1787219114118810"}},"environmentVariables":{"GOOGLE_NODE_RUN_SCRIPTS":""},"dockerRepository":"projects/sensei-manager-d64c0/locations/us-central1/repositories/gcf-artifacts","sourceProvenance":{"resolvedStorageSource":{"bucket":"gcf-v2-sources-376094928692-us-central1","object":"webhookAsaas/function-source.zip","generation":"1786989867148965"}},"dockerRegistry":"ARTIFACT_REGISTRY","serviceAccount":"projects/sensei-manager-d64c0/serviceAccounts/376094928692-compute@developer.gserviceaccount.com","automaticUpdatePolicy":{}},"serviceConfig":{"service":"projects/sensei-manager-d64c0/locations/us-central1/services/webhookasaas","timeoutSeconds":60,"environmentVariables":{"FIREBASE_CONFIG":"{\"projectId\":\"sensei-manager-d64c0\",\"storageBucket\":\"sensei-manager-d64c0.firebasestorage.app\"}","GCLOUD_PROJECT":"sensei-manager-d64c0","EVENTARC_CLOUD_EVENT_SOURCE":"projects/sensei-manager-d64c0/locations/us-central1/services/webhookAsaas","FUNCTION_TARGET":"webhookAsaas","LOG_EXECUTION_ID":"true"},"ingressSettings":"ALLOW_ALL","serviceAccountEmail":"376094928692-compute@developer.gserviceaccount.com","availableMemory":"256Mi","secretEnvironmentVariables":[{"key":"ASAAS_WEBHOOK_TOKEN","projectId":"sensei-manager-d64c0","secret":"ASAAS_WEBHOOK_TOKEN","version":"1"}],"maxInstanceRequestConcurrency":80,"availableCpu":"1"},"state":"UNKNOWN","labels":{"firebase-functions-hash":"57636b5a224fd2a5e0f1d825b2658881cd8fdb30"},"stateMessages":[{"severity":"ERROR","type":"CloudRunServiceNotFound","message":"Cloud Run service projects/sensei-manager-d64c0/locations/us-central1/services/webhookasaas for the function was not found. The function will not work correctly. Please redeploy."}],"environment":"GEN_2","url":"https://us-central1-sensei-manager-d64c0.cloudfunctions.net/webhookAsaas","satisfiesPzi":true},"stages":[{"name":"BUILD","message":"Build in progress","state":"IN_PROGRESS","resource":"projects/376094928692/locations/us-central1/builds/158f4315-c97f-4915-a590-d2e830c37267","resourceUri":"https://console.cloud.google.com/cloud-build/builds;region=us-central1/158f4315-c97f-4915-a590-d2e830c37267?project=376094928692"},{"name":"SERVICE","state":"NOT_STARTED"}],"operationType":"UPDATE_FUNCTION","buildName":"projects/376094928692/locations/us-central1/builds/158f4315-c97f-4915-a590-d2e830c37267"},"done":false}
[debug] [2026-08-20T09:45:56.921Z] [update-default-us-central1-verificarStatusAsaas] Retrying task index 0
[debug] [2026-08-20T09:45:56.921Z] Checked if tokens are valid: true, expires at: 1787222614580
[debug] [2026-08-20T09:45:56.921Z] Checked if tokens are valid: true, expires at: 1787222614580
[debug] [2026-08-20T09:45:56.921Z] >>> [apiv2][query] GET https://cloudfunctions.googleapis.com/v2/projects/sensei-manager-d64c0/locations/us-central1/operations/operation-1787219112989-65977605d92c9-f676e18d-9590ebdd [none]
[debug] [2026-08-20T09:45:57.443Z] [update-default-us-central1-webhookAsaas] Retrying task index 0
[debug] [2026-08-20T09:45:57.444Z] Checked if tokens are valid: true, expires at: 1787222614580
[debug] [2026-08-20T09:45:57.444Z] Checked if tokens are valid: true, expires at: 1787222614580
[debug] [2026-08-20T09:45:57.444Z] >>> [apiv2][query] GET https://cloudfunctions.googleapis.com/v2/projects/sensei-manager-d64c0/locations/us-central1/operations/operation-1787219113129-65977605fb6d9-85ce174e-e039ef35 [none]
[debug] [2026-08-20T09:45:58.102Z] <<< [apiv2][status] GET https://cloudfunctions.googleapis.com/v2/projects/sensei-manager-d64c0/locations/us-central1/operations/operation-1787219112989-65977605d92c9-f676e18d-9590ebdd 200
[debug] [2026-08-20T09:45:58.102Z] <<< [apiv2][body] GET https://cloudfunctions.googleapis.com/v2/projects/sensei-manager-d64c0/locations/us-central1/operations/operation-1787219112989-65977605d92c9-f676e18d-9590ebdd {"name":"projects/sensei-manager-d64c0/locations/us-central1/operations/operation-1787219112989-65977605d92c9-f676e18d-9590ebdd","metadata":{"@type":"type.googleapis.com/google.cloud.functions.v2.OperationMetadata","createTime":"2026-08-20T09:45:14.025732679Z","endTime":"2026-08-20T09:45:54.086403430Z","target":"projects/sensei-manager-d64c0/locations/us-central1/functions/verificarStatusAsaas","verb":"update","cancelRequested":false,"apiVersion":"v2","requestResource":{"@type":"type.googleapis.com/google.cloud.functions.v2.Function","name":"projects/sensei-manager-d64c0/locations/us-central1/functions/verificarStatusAsaas","buildConfig":{"runtime":"nodejs20","entryPoint":"verificarStatusAsaas","source":{"storageSource":{"bucket":"gcf-v2-sources-376094928692-us-central1","object":"verificarStatusAsaas/function-source.zip","generation":"1787219113960326"}},"environmentVariables":{"GOOGLE_NODE_RUN_SCRIPTS":""},"dockerRepository":"projects/sensei-manager-d64c0/locations/us-central1/repositories/gcf-artifacts","sourceProvenance":{"resolvedStorageSource":{"bucket":"gcf-v2-sources-376094928692-us-central1","object":"verificarStatusAsaas/function-source.zip","generation":"1786989866286603"}},"dockerRegistry":"ARTIFACT_REGISTRY","serviceAccount":"projects/sensei-manager-d64c0/serviceAccounts/376094928692-compute@developer.gserviceaccount.com","automaticUpdatePolicy":{}},"serviceConfig":{"service":"projects/sensei-manager-d64c0/locations/us-central1/services/verificarstatusasaas","timeoutSeconds":60,"environmentVariables":{"FIREBASE_CONFIG":"{\"projectId\":\"sensei-manager-d64c0\",\"storageBucket\":\"sensei-manager-d64c0.firebasestorage.app\"}","GCLOUD_PROJECT":"sensei-manager-d64c0","EVENTARC_CLOUD_EVENT_SOURCE":"projects/sensei-manager-d64c0/locations/us-central1/services/verificarStatusAsaas","FUNCTION_TARGET":"verificarStatusAsaas","LOG_EXECUTION_ID":"true"},"ingressSettings":"ALLOW_ALL","serviceAccountEmail":"376094928692-compute@developer.gserviceaccount.com","availableMemory":"256Mi","secretEnvironmentVariables":[{"key":"ASAAS_API_KEY","projectId":"sensei-manager-d64c0","secret":"ASAAS_API_KEY","version":"1"}],"maxInstanceRequestConcurrency":80,"availableCpu":"1"},"state":"UNKNOWN","labels":{"deployment-callable":"true","firebase-functions-hash":"bbc2f0e50f837243b6332780cdd9814ce9042c3a"},"stateMessages":[{"severity":"ERROR","type":"CloudRunServiceNotFound","message":"Cloud Run service projects/sensei-manager-d64c0/locations/us-central1/services/verificarstatusasaas for the function was not found. The function will not work correctly. Please redeploy."}],"environment":"GEN_2","url":"https://us-central1-sensei-manager-d64c0.cloudfunctions.net/verificarStatusAsaas","satisfiesPzi":true},"stages":[{"name":"SERVICE","state":"NOT_STARTED"}],"operationType":"UPDATE_FUNCTION"},"done":true,"error":{"code":3,"message":"Build failed with status: FAILURE. Could not build the function due to a missing permission on the build service account. If you didn't revoke that permission explicitly, this could be caused by a change in the organization policies. Please refer to the following documentation for more details and resolution: https://cloud.google.com/functions/docs/troubleshooting#build-service-account\n You can also view the logs at https://console.cloud.google.com/cloud-build/builds;region=us-central1/c577999d-527a-474a-8cd8-ec9d10f86d3d?project=376094928692.\n"}}
[debug] [2026-08-20T09:45:58.102Z] Got source token undefined for region us-central1
[error] Build failed with status: FAILURE. Could not build the function due to a missing permission on the build service account. If you didn't revoke that permission explicitly, this could be caused by a change in the organization policies. Please refer to the following documentation for more details and resolution: https://cloud.google.com/functions/docs/troubleshooting#build-service-account
 You can also view the logs at https://console.cloud.google.com/cloud-build/builds;region=us-central1/c577999d-527a-474a-8cd8-ec9d10f86d3d?project=376094928692.

[debug] [2026-08-20T09:45:58.529Z] <<< [apiv2][status] GET https://cloudfunctions.googleapis.com/v2/projects/sensei-manager-d64c0/locations/us-central1/operations/operation-1787219113129-65977605fb6d9-85ce174e-e039ef35 200
[debug] [2026-08-20T09:45:58.529Z] <<< [apiv2][body] GET https://cloudfunctions.googleapis.com/v2/projects/sensei-manager-d64c0/locations/us-central1/operations/operation-1787219113129-65977605fb6d9-85ce174e-e039ef35 {"name":"projects/sensei-manager-d64c0/locations/us-central1/operations/operation-1787219113129-65977605fb6d9-85ce174e-e039ef35","metadata":{"@type":"type.googleapis.com/google.cloud.functions.v2.OperationMetadata","createTime":"2026-08-20T09:45:14.176695113Z","endTime":"2026-08-20T09:45:50.498135944Z","target":"projects/sensei-manager-d64c0/locations/us-central1/functions/webhookAsaas","verb":"update","cancelRequested":false,"apiVersion":"v2","requestResource":{"@type":"type.googleapis.com/google.cloud.functions.v2.Function","name":"projects/sensei-manager-d64c0/locations/us-central1/functions/webhookAsaas","buildConfig":{"runtime":"nodejs20","entryPoint":"webhookAsaas","source":{"storageSource":{"bucket":"gcf-v2-sources-376094928692-us-central1","object":"webhookAsaas/function-source.zip","generation":"1787219114118810"}},"environmentVariables":{"GOOGLE_NODE_RUN_SCRIPTS":""},"dockerRepository":"projects/sensei-manager-d64c0/locations/us-central1/repositories/gcf-artifacts","sourceProvenance":{"resolvedStorageSource":{"bucket":"gcf-v2-sources-376094928692-us-central1","object":"webhookAsaas/function-source.zip","generation":"1786989867148965"}},"dockerRegistry":"ARTIFACT_REGISTRY","serviceAccount":"projects/sensei-manager-d64c0/serviceAccounts/376094928692-compute@developer.gserviceaccount.com","automaticUpdatePolicy":{}},"serviceConfig":{"service":"projects/sensei-manager-d64c0/locations/us-central1/services/webhookasaas","timeoutSeconds":60,"environmentVariables":{"FIREBASE_CONFIG":"{\"projectId\":\"sensei-manager-d64c0\",\"storageBucket\":\"sensei-manager-d64c0.firebasestorage.app\"}","GCLOUD_PROJECT":"sensei-manager-d64c0","EVENTARC_CLOUD_EVENT_SOURCE":"projects/sensei-manager-d64c0/locations/us-central1/services/webhookAsaas","FUNCTION_TARGET":"webhookAsaas","LOG_EXECUTION_ID":"true"},"ingressSettings":"ALLOW_ALL","serviceAccountEmail":"376094928692-compute@developer.gserviceaccount.com","availableMemory":"256Mi","secretEnvironmentVariables":[{"key":"ASAAS_WEBHOOK_TOKEN","projectId":"sensei-manager-d64c0","secret":"ASAAS_WEBHOOK_TOKEN","version":"1"}],"maxInstanceRequestConcurrency":80,"availableCpu":"1"},"state":"UNKNOWN","labels":{"firebase-functions-hash":"57636b5a224fd2a5e0f1d825b2658881cd8fdb30"},"stateMessages":[{"severity":"ERROR","type":"CloudRunServiceNotFound","message":"Cloud Run service projects/sensei-manager-d64c0/locations/us-central1/services/webhookasaas for the function was not found. The function will not work correctly. Please redeploy."}],"environment":"GEN_2","url":"https://us-central1-sensei-manager-d64c0.cloudfunctions.net/webhookAsaas","satisfiesPzi":true},"stages":[{"name":"SERVICE","state":"NOT_STARTED"}],"operationType":"UPDATE_FUNCTION"},"done":true,"error":{"code":3,"message":"Build failed with status: FAILURE. Could not build the function due to a missing permission on the build service account. If you didn't revoke that permission explicitly, this could be caused by a change in the organization policies. Please refer to the following documentation for more details and resolution: https://cloud.google.com/functions/docs/troubleshooting#build-service-account\n You can also view the logs at https://console.cloud.google.com/cloud-build/builds;region=us-central1/158f4315-c97f-4915-a590-d2e830c37267?project=376094928692.\n"}}
[debug] [2026-08-20T09:45:58.529Z] Got source token undefined for region us-central1
[error] Build failed with status: FAILURE. Could not build the function due to a missing permission on the build service account. If you didn't revoke that permission explicitly, this could be caused by a change in the organization policies. Please refer to the following documentation for more details and resolution: https://cloud.google.com/functions/docs/troubleshooting#build-service-account
 You can also view the logs at https://console.cloud.google.com/cloud-build/builds;region=us-central1/158f4315-c97f-4915-a590-d2e830c37267?project=376094928692.

[warn] ⚠  functions: Deploys failed. Skipping deletes. 
[debug] [2026-08-20T09:45:58.538Z] Total Function Deployment time: 93233
[debug] [2026-08-20T09:45:58.538Z] 4 Functions Deployed
[debug] [2026-08-20T09:45:58.538Z] 4 Functions Errored
[debug] [2026-08-20T09:45:58.538Z] 0 Function Deployments Aborted
[debug] [2026-08-20T09:45:58.538Z] Average Function Deployment time: 78619.5
[info] 
[info] Functions deploy had errors with the following functions:
	criarCobrancaPix(us-central1)
	criarSubcontaAcademia(us-central1)
	verificarStatusAsaas(us-central1)
	webhookAsaas(us-central1)
[debug] [2026-08-20T09:45:58.714Z] Not printing URL for HTTPS function. Typically this means it didn't match a filter or we failed deployment
[debug] [2026-08-20T09:45:58.714Z] Checked if tokens are valid: true, expires at: 1787222614580
[debug] [2026-08-20T09:45:58.714Z] Checked if tokens are valid: true, expires at: 1787222614580
[debug] [2026-08-20T09:45:58.714Z] >>> [apiv2][query] GET https://artifactregistry.googleapis.com/v1/projects/sensei-manager-d64c0/locations/us-central1/repositories/gcf-artifacts [none]
[debug] [2026-08-20T09:46:00.068Z] <<< [apiv2][status] GET https://artifactregistry.googleapis.com/v1/projects/sensei-manager-d64c0/locations/us-central1/repositories/gcf-artifacts 200
[debug] [2026-08-20T09:46:00.068Z] <<< [apiv2][body] GET https://artifactregistry.googleapis.com/v1/projects/sensei-manager-d64c0/locations/us-central1/repositories/gcf-artifacts {"name":"projects/sensei-manager-d64c0/locations/us-central1/repositories/gcf-artifacts","format":"DOCKER","description":"This repository is created and used by Cloud Functions for storing function docker images.","labels":{"goog-managed-by":"cloudfunctions"},"createTime":"2026-08-17T18:03:51.496633Z","updateTime":"2026-08-17T18:06:20.012547Z","mode":"STANDARD_REPOSITORY","cleanupPolicies":{"firebase-functions-cleanup":{"id":"firebase-functions-cleanup","action":"DELETE","condition":{"tagState":"ANY","olderThan":"86400s"}}},"vulnerabilityScanningConfig":{"lastEnableTime":"2026-08-17T18:03:42.381503507Z","enablementState":"SCANNING_DISABLED","enablementStateReason":"API containerscanning.googleapis.com is not enabled."},"satisfiesPzi":true,"registryUri":"us-central1-docker.pkg.dev/sensei-manager-d64c0/gcf-artifacts"}
[debug] [2026-08-20T09:46:00.068Z] Functions deploy failed.
[debug] [2026-08-20T09:46:00.069Z] {
  "endpoint": {
    "id": "criarSubcontaAcademia",
    "project": "sensei-manager-d64c0",
    "region": "us-central1",
    "entryPoint": "criarSubcontaAcademia",
    "platform": "gcfv2",
    "runtime": "nodejs20",
    "callableTrigger": {},
    "labels": {
      "deployment-tool": "cli-firebase"
    },
    "secretEnvironmentVariables": [
      {
        "key": "ASAAS_API_KEY",
        "secret": "ASAAS_API_KEY",
        "projectId": "sensei-manager-d64c0",
        "version": "1"
      }
    ],
    "serviceAccount": null,
    "ingressSettings": null,
    "availableMemoryMb": null,
    "timeoutSeconds": null,
    "maxInstances": null,
    "minInstances": null,
    "concurrency": 80,
    "vpc": null,
    "environmentVariables": {
      "FIREBASE_CONFIG": "{\"projectId\":\"sensei-manager-d64c0\",\"storageBucket\":\"sensei-manager-d64c0.firebasestorage.app\"}",
      "GCLOUD_PROJECT": "sensei-manager-d64c0",
      "EVENTARC_CLOUD_EVENT_SOURCE": "projects/sensei-manager-d64c0/locations/us-central1/services/criarSubcontaAcademia"
    },
    "codebase": "default",
    "securityLevel": "SECURE_ALWAYS",
    "cpu": 1,
    "targetedByOnly": false,
    "hash": "bbc2f0e50f837243b6332780cdd9814ce9042c3a"
  },
  "op": "update",
  "original": {
    "name": "FirebaseError",
    "children": [],
    "exit": 1,
    "message": "Build failed with status: FAILURE. Could not build the function due to a missing permission on the build service account. If you didn't revoke that permission explicitly, this could be caused by a change in the organization policies. Please refer to the following documentation for more details and resolution: https://cloud.google.com/functions/docs/troubleshooting#build-service-account\n You can also view the logs at https://console.cloud.google.com/cloud-build/builds;region=us-central1/c7ce60e4-f520-477d-af61-1e11aebd8b66?project=376094928692.\n",
    "original": {
      "code": 3,
      "message": "Build failed with status: FAILURE. Could not build the function due to a missing permission on the build service account. If you didn't revoke that permission explicitly, this could be caused by a change in the organization policies. Please refer to the following documentation for more details and resolution: https://cloud.google.com/functions/docs/troubleshooting#build-service-account\n You can also view the logs at https://console.cloud.google.com/cloud-build/builds;region=us-central1/c7ce60e4-f520-477d-af61-1e11aebd8b66?project=376094928692.\n"
    },
    "status": 3,
    "code": 3
  }
}
[debug] [2026-08-20T09:46:00.069Z] {
  "endpoint": {
    "id": "verificarStatusAsaas",
    "project": "sensei-manager-d64c0",
    "region": "us-central1",
    "entryPoint": "verificarStatusAsaas",
    "platform": "gcfv2",
    "runtime": "nodejs20",
    "callableTrigger": {},
    "labels": {
      "deployment-tool": "cli-firebase"
    },
    "secretEnvironmentVariables": [
      {
        "key": "ASAAS_API_KEY",
        "secret": "ASAAS_API_KEY",
        "projectId": "sensei-manager-d64c0",
        "version": "1"
      }
    ],
    "serviceAccount": null,
    "ingressSettings": null,
    "availableMemoryMb": null,
    "timeoutSeconds": null,
    "maxInstances": null,
    "minInstances": null,
    "concurrency": 80,
    "vpc": null,
    "environmentVariables": {
      "FIREBASE_CONFIG": "{\"projectId\":\"sensei-manager-d64c0\",\"storageBucket\":\"sensei-manager-d64c0.firebasestorage.app\"}",
      "GCLOUD_PROJECT": "sensei-manager-d64c0",
      "EVENTARC_CLOUD_EVENT_SOURCE": "projects/sensei-manager-d64c0/locations/us-central1/services/verificarStatusAsaas"
    },
    "codebase": "default",
    "securityLevel": "SECURE_ALWAYS",
    "cpu": 1,
    "targetedByOnly": false,
    "hash": "bbc2f0e50f837243b6332780cdd9814ce9042c3a"
  },
  "op": "update",
  "original": {
    "name": "FirebaseError",
    "children": [],
    "exit": 1,
    "message": "Build failed with status: FAILURE. Could not build the function due to a missing permission on the build service account. If you didn't revoke that permission explicitly, this could be caused by a change in the organization policies. Please refer to the following documentation for more details and resolution: https://cloud.google.com/functions/docs/troubleshooting#build-service-account\n You can also view the logs at https://console.cloud.google.com/cloud-build/builds;region=us-central1/c577999d-527a-474a-8cd8-ec9d10f86d3d?project=376094928692.\n",
    "original": {
      "code": 3,
      "message": "Build failed with status: FAILURE. Could not build the function due to a missing permission on the build service account. If you didn't revoke that permission explicitly, this could be caused by a change in the organization policies. Please refer to the following documentation for more details and resolution: https://cloud.google.com/functions/docs/troubleshooting#build-service-account\n You can also view the logs at https://console.cloud.google.com/cloud-build/builds;region=us-central1/c577999d-527a-474a-8cd8-ec9d10f86d3d?project=376094928692.\n"
    },
    "status": 3,
    "code": 3
  }
}
[debug] [2026-08-20T09:46:00.069Z] {
  "endpoint": {
    "id": "criarCobrancaPix",
    "project": "sensei-manager-d64c0",
    "region": "us-central1",
    "entryPoint": "criarCobrancaPix",
    "platform": "gcfv2",
    "runtime": "nodejs20",
    "callableTrigger": {},
    "labels": {
      "deployment-tool": "cli-firebase"
    },
    "secretEnvironmentVariables": [
      {
        "key": "ASAAS_API_KEY",
        "secret": "ASAAS_API_KEY",
        "projectId": "sensei-manager-d64c0",
        "version": "1"
      }
    ],
    "serviceAccount": null,
    "ingressSettings": null,
    "availableMemoryMb": null,
    "timeoutSeconds": null,
    "maxInstances": null,
    "minInstances": null,
    "concurrency": 80,
    "vpc": null,
    "environmentVariables": {
      "FIREBASE_CONFIG": "{\"projectId\":\"sensei-manager-d64c0\",\"storageBucket\":\"sensei-manager-d64c0.firebasestorage.app\"}",
      "GCLOUD_PROJECT": "sensei-manager-d64c0",
      "EVENTARC_CLOUD_EVENT_SOURCE": "projects/sensei-manager-d64c0/locations/us-central1/services/criarCobrancaPix"
    },
    "codebase": "default",
    "securityLevel": "SECURE_ALWAYS",
    "cpu": 1,
    "targetedByOnly": false,
    "hash": "bbc2f0e50f837243b6332780cdd9814ce9042c3a"
  },
  "op": "update",
  "original": {
    "name": "FirebaseError",
    "children": [],
    "exit": 1,
    "message": "Build failed with status: FAILURE. Could not build the function due to a missing permission on the build service account. If you didn't revoke that permission explicitly, this could be caused by a change in the organization policies. Please refer to the following documentation for more details and resolution: https://cloud.google.com/functions/docs/troubleshooting#build-service-account\n You can also view the logs at https://console.cloud.google.com/cloud-build/builds;region=us-central1/d7d7b968-d40b-4a92-8449-80059c4649de?project=376094928692.\n",
    "original": {
      "code": 3,
      "message": "Build failed with status: FAILURE. Could not build the function due to a missing permission on the build service account. If you didn't revoke that permission explicitly, this could be caused by a change in the organization policies. Please refer to the following documentation for more details and resolution: https://cloud.google.com/functions/docs/troubleshooting#build-service-account\n You can also view the logs at https://console.cloud.google.com/cloud-build/builds;region=us-central1/d7d7b968-d40b-4a92-8449-80059c4649de?project=376094928692.\n"
    },
    "status": 3,
    "code": 3
  }
}
[debug] [2026-08-20T09:46:00.069Z] {
  "endpoint": {
    "id": "webhookAsaas",
    "project": "sensei-manager-d64c0",
    "region": "us-central1",
    "entryPoint": "webhookAsaas",
    "platform": "gcfv2",
    "runtime": "nodejs20",
    "httpsTrigger": {},
    "labels": {
      "deployment-tool": "cli-firebase"
    },
    "secretEnvironmentVariables": [
      {
        "key": "ASAAS_WEBHOOK_TOKEN",
        "secret": "ASAAS_WEBHOOK_TOKEN",
        "projectId": "sensei-manager-d64c0",
        "version": "1"
      }
    ],
    "serviceAccount": null,
    "ingressSettings": null,
    "availableMemoryMb": null,
    "timeoutSeconds": null,
    "maxInstances": null,
    "minInstances": null,
    "concurrency": 80,
    "vpc": null,
    "environmentVariables": {
      "FIREBASE_CONFIG": "{\"projectId\":\"sensei-manager-d64c0\",\"storageBucket\":\"sensei-manager-d64c0.firebasestorage.app\"}",
      "GCLOUD_PROJECT": "sensei-manager-d64c0",
      "EVENTARC_CLOUD_EVENT_SOURCE": "projects/sensei-manager-d64c0/locations/us-central1/services/webhookAsaas"
    },
    "codebase": "default",
    "securityLevel": "SECURE_ALWAYS",
    "cpu": 1,
    "targetedByOnly": false,
    "hash": "57636b5a224fd2a5e0f1d825b2658881cd8fdb30"
  },
  "op": "update",
  "original": {
    "name": "FirebaseError",
    "children": [],
    "exit": 1,
    "message": "Build failed with status: FAILURE. Could not build the function due to a missing permission on the build service account. If you didn't revoke that permission explicitly, this could be caused by a change in the organization policies. Please refer to the following documentation for more details and resolution: https://cloud.google.com/functions/docs/troubleshooting#build-service-account\n You can also view the logs at https://console.cloud.google.com/cloud-build/builds;region=us-central1/158f4315-c97f-4915-a590-d2e830c37267?project=376094928692.\n",
    "original": {
      "code": 3,
      "message": "Build failed with status: FAILURE. Could not build the function due to a missing permission on the build service account. If you didn't revoke that permission explicitly, this could be caused by a change in the organization policies. Please refer to the following documentation for more details and resolution: https://cloud.google.com/functions/docs/troubleshooting#build-service-account\n You can also view the logs at https://console.cloud.google.com/cloud-build/builds;region=us-central1/158f4315-c97f-4915-a590-d2e830c37267?project=376094928692.\n"
    },
    "status": 3,
    "code": 3
  }
}
[error] Error: There was an error deploying functions:
[error] - Error Failed to update function criarSubcontaAcademia in region us-central1
[error] - Error Failed to update function verificarStatusAsaas in region us-central1
[error] - Error Failed to update function criarCobrancaPix in region us-central1
[error] - Error Failed to update function webhookAsaas in region us-central1
[debug] [2026-08-20T09:50:30.567Z] ----------------------------------------------------------------------
[debug] [2026-08-20T09:50:30.568Z] Command:       /Users/gabrielfornydesouzamuniz/.nvm/versions/node/v24.12.0/bin/node /Users/gabrielfornydesouzamuniz/.nvm/versions/node/v24.12.0/bin/firebase deploy --only functions --project sensei-manager-d64c0
[debug] [2026-08-20T09:50:30.568Z] CLI Version:   15.17.0
[debug] [2026-08-20T09:50:30.568Z] Platform:      darwin
[debug] [2026-08-20T09:50:30.568Z] Node Version:  v24.12.0
[debug] [2026-08-20T09:50:30.568Z] Time:          Thu Aug 20 2026 06:50:30 GMT-0300 (Brasilia Standard Time)
[debug] [2026-08-20T09:50:30.568Z] ----------------------------------------------------------------------
[debug] 
[debug] [2026-08-20T09:50:31.205Z] > command requires scopes: ["email","openid","https://www.googleapis.com/auth/cloudplatformprojects.readonly","https://www.googleapis.com/auth/firebase","https://www.googleapis.com/auth/cloud-platform"]
[debug] [2026-08-20T09:50:31.205Z] > authorizing via signed-in user (admin@hg2tecnologia.com.br)
[debug] [2026-08-20T09:50:31.205Z] [iam] checking project sensei-manager-d64c0 for permissions ["cloudfunctions.functions.create","cloudfunctions.functions.delete","cloudfunctions.functions.get","cloudfunctions.functions.list","cloudfunctions.functions.update","cloudfunctions.operations.get","firebase.projects.get"]
[debug] [2026-08-20T09:50:31.205Z] Checked if tokens are valid: true, expires at: 1787222614580
[debug] [2026-08-20T09:50:31.205Z] Checked if tokens are valid: true, expires at: 1787222614580
[debug] [2026-08-20T09:50:31.206Z] >>> [apiv2][query] POST https://cloudresourcemanager.googleapis.com/v1/projects/sensei-manager-d64c0:testIamPermissions [none]
[debug] [2026-08-20T09:50:31.206Z] >>> [apiv2][(partial)header] POST https://cloudresourcemanager.googleapis.com/v1/projects/sensei-manager-d64c0:testIamPermissions  x-goog-user-project=sensei-manager-d64c0
[debug] [2026-08-20T09:50:31.206Z] >>> [apiv2][body] POST https://cloudresourcemanager.googleapis.com/v1/projects/sensei-manager-d64c0:testIamPermissions {"permissions":["cloudfunctions.functions.create","cloudfunctions.functions.delete","cloudfunctions.functions.get","cloudfunctions.functions.list","cloudfunctions.functions.update","cloudfunctions.operations.get","firebase.projects.get"]}
[debug] [2026-08-20T09:50:32.144Z] <<< [apiv2][status] POST https://cloudresourcemanager.googleapis.com/v1/projects/sensei-manager-d64c0:testIamPermissions 200
[debug] [2026-08-20T09:50:32.144Z] <<< [apiv2][body] POST https://cloudresourcemanager.googleapis.com/v1/projects/sensei-manager-d64c0:testIamPermissions {"permissions":["cloudfunctions.functions.create","cloudfunctions.functions.delete","cloudfunctions.functions.get","cloudfunctions.functions.list","cloudfunctions.functions.update","cloudfunctions.operations.get","firebase.projects.get"]}
[debug] [2026-08-20T09:50:32.144Z] Checked if tokens are valid: true, expires at: 1787222614580
[debug] [2026-08-20T09:50:32.144Z] Checked if tokens are valid: true, expires at: 1787222614580
[debug] [2026-08-20T09:50:32.144Z] >>> [apiv2][query] POST https://iam.googleapis.com/v1/projects/sensei-manager-d64c0/serviceAccounts/sensei-manager-d64c0@appspot.gserviceaccount.com:testIamPermissions [none]
[debug] [2026-08-20T09:50:32.144Z] >>> [apiv2][body] POST https://iam.googleapis.com/v1/projects/sensei-manager-d64c0/serviceAccounts/sensei-manager-d64c0@appspot.gserviceaccount.com:testIamPermissions {"permissions":["iam.serviceAccounts.actAs"]}
[debug] [2026-08-20T09:50:33.048Z] <<< [apiv2][status] POST https://iam.googleapis.com/v1/projects/sensei-manager-d64c0/serviceAccounts/sensei-manager-d64c0@appspot.gserviceaccount.com:testIamPermissions 200
[debug] [2026-08-20T09:50:33.048Z] <<< [apiv2][body] POST https://iam.googleapis.com/v1/projects/sensei-manager-d64c0/serviceAccounts/sensei-manager-d64c0@appspot.gserviceaccount.com:testIamPermissions {"permissions":["iam.serviceAccounts.actAs"]}
[info] 
[info] === Deploying to 'sensei-manager-d64c0'...
[info] 
[info] i  deploying functions 
[debug] [2026-08-20T09:50:33.052Z] Checked if tokens are valid: true, expires at: 1787222614580
[debug] [2026-08-20T09:50:33.052Z] Checked if tokens are valid: true, expires at: 1787222614580
[debug] [2026-08-20T09:50:33.052Z] >>> [apiv2][query] GET https://cloudresourcemanager.googleapis.com/v1/projects/sensei-manager-d64c0 [none]
[debug] [2026-08-20T09:50:33.304Z] <<< [apiv2][status] GET https://cloudresourcemanager.googleapis.com/v1/projects/sensei-manager-d64c0 200
[debug] [2026-08-20T09:50:33.304Z] <<< [apiv2][body] GET https://cloudresourcemanager.googleapis.com/v1/projects/sensei-manager-d64c0 {"projectNumber":"376094928692","projectId":"sensei-manager-d64c0","lifecycleState":"ACTIVE","name":"Sensei Manager","labels":{"firebase":"enabled","firebase-core":"disabled"},"createTime":"2026-06-29T23:37:24.419Z","parent":{"type":"organization","id":"579356982963"}}
[info] i  functions: preparing codebase default for deployment 
[info] i  functions: ensuring required API cloudfunctions.googleapis.com is enabled... 
[info] i  functions: ensuring required API cloudbuild.googleapis.com is enabled... 
[info] i  artifactregistry: ensuring required API artifactregistry.googleapis.com is enabled... 
[debug] [2026-08-20T09:50:33.307Z] Checked if tokens are valid: true, expires at: 1787222614580
[debug] [2026-08-20T09:50:33.307Z] Checked if tokens are valid: true, expires at: 1787222614580
[debug] [2026-08-20T09:50:33.307Z] >>> [apiv2][query] GET https://firebase.googleapis.com/v1beta1/projects/sensei-manager-d64c0/adminSdkConfig [none]
[debug] [2026-08-20T09:50:33.857Z] <<< [apiv2][status] GET https://firebase.googleapis.com/v1beta1/projects/sensei-manager-d64c0/adminSdkConfig 200
[debug] [2026-08-20T09:50:33.858Z] <<< [apiv2][body] GET https://firebase.googleapis.com/v1beta1/projects/sensei-manager-d64c0/adminSdkConfig {"projectId":"sensei-manager-d64c0","storageBucket":"sensei-manager-d64c0.firebasestorage.app"}
[debug] [2026-08-20T09:50:33.858Z] Checked if tokens are valid: true, expires at: 1787222614580
[debug] [2026-08-20T09:50:33.858Z] Checked if tokens are valid: true, expires at: 1787222614580
[debug] [2026-08-20T09:50:33.858Z] >>> [apiv2][query] GET https://runtimeconfig.googleapis.com/v1beta1/projects/sensei-manager-d64c0/configs [none]
[debug] [2026-08-20T09:50:34.304Z] <<< [apiv2][status] GET https://runtimeconfig.googleapis.com/v1beta1/projects/sensei-manager-d64c0/configs 200
[debug] [2026-08-20T09:50:34.304Z] <<< [apiv2][body] GET https://runtimeconfig.googleapis.com/v1beta1/projects/sensei-manager-d64c0/configs {}
[debug] [2026-08-20T09:50:34.307Z] Validating nodejs source
[warn] ⚠  functions: Runtime Node.js 20 was deprecated on 2026-04-30 and will be decommissioned on 2026-10-30, after which you will not be able to deploy without upgrading. Consider upgrading now to avoid disruption. See https://cloud.google.com/functions/docs/runtime-support for full details on the lifecycle policy 
[warn] ⚠  functions: package.json indicates an outdated version of firebase-functions. Please upgrade using npm install --save firebase-functions@latest in your functions directory. 
[warn] ⚠  functions: Please note that there will be breaking changes when you upgrade. 
[debug] [2026-08-20T09:50:34.690Z] > [functions] package.json contents: {
  "name": "academia-fight-functions",
  "description": "Cloud Functions — Academia Fight",
  "scripts": {
    "serve": "firebase emulators:start --only functions",
    "deploy": "firebase deploy --only functions",
    "logs": "firebase functions:log"
  },
  "engines": {
    "node": "20"
  },
  "main": "index.js",
  "dependencies": {
    "firebase-admin": "^12.0.0",
    "firebase-functions": "^6.0.0",
    "axios": "^1.7.0"
  }
}
[debug] [2026-08-20T09:50:34.690Z] Building nodejs source
[info] i  functions: Loading and analyzing source code for codebase default to determine what to deploy 
[debug] [2026-08-20T09:50:34.690Z] Could not find functions.yaml. Must use http discovery
[debug] [2026-08-20T09:50:34.693Z] Found firebase-functions binary at '/Users/gabrielfornydesouzamuniz/Documents/projetos/gestao-academia-luta/functions/node_modules/.bin/firebase-functions'
[info] Serving at port 8311

[debug] [2026-08-20T09:50:34.916Z] Got response from /__/functions.yaml {"endpoints":{"criarSubcontaAcademia":{"availableMemoryMb":null,"timeoutSeconds":null,"minInstances":null,"maxInstances":null,"ingressSettings":null,"concurrency":null,"serviceAccountEmail":null,"vpc":null,"platform":"gcfv2","region":["us-central1"],"secretEnvironmentVariables":[{"key":"ASAAS_API_KEY"}],"labels":{},"callableTrigger":{},"entryPoint":"criarSubcontaAcademia"},"verificarStatusAsaas":{"availableMemoryMb":null,"timeoutSeconds":null,"minInstances":null,"maxInstances":null,"ingressSettings":null,"concurrency":null,"serviceAccountEmail":null,"vpc":null,"platform":"gcfv2","region":["us-central1"],"secretEnvironmentVariables":[{"key":"ASAAS_API_KEY"}],"labels":{},"callableTrigger":{},"entryPoint":"verificarStatusAsaas"},"criarCobrancaPix":{"availableMemoryMb":null,"timeoutSeconds":null,"minInstances":null,"maxInstances":null,"ingressSettings":null,"concurrency":null,"serviceAccountEmail":null,"vpc":null,"platform":"gcfv2","region":["us-central1"],"secretEnvironmentVariables":[{"key":"ASAAS_API_KEY"}],"labels":{},"callableTrigger":{},"entryPoint":"criarCobrancaPix"},"webhookAsaas":{"availableMemoryMb":null,"timeoutSeconds":null,"minInstances":null,"maxInstances":null,"ingressSettings":null,"concurrency":null,"serviceAccountEmail":null,"vpc":null,"platform":"gcfv2","region":["us-central1"],"secretEnvironmentVariables":[{"key":"ASAAS_WEBHOOK_TOKEN"}],"labels":{},"httpsTrigger":{},"entryPoint":"webhookAsaas"}},"specVersion":"v1alpha1","requiredAPIs":[],"extensions":{},"params":[{"type":"secret","name":"ASAAS_API_KEY"},{"type":"secret","name":"ASAAS_WEBHOOK_TOKEN"}]}
[info] i  extensions: ensuring required API firebaseextensions.googleapis.com is enabled... 
[debug] [2026-08-20T09:50:38.935Z] > command requires scopes: ["email","openid","https://www.googleapis.com/auth/cloudplatformprojects.readonly","https://www.googleapis.com/auth/firebase","https://www.googleapis.com/auth/cloud-platform"]
[debug] [2026-08-20T09:50:38.935Z] > authorizing via signed-in user (admin@hg2tecnologia.com.br)
[debug] [2026-08-20T09:50:38.935Z] [iam] checking project sensei-manager-d64c0 for permissions ["firebase.projects.get","firebaseextensions.instances.list"]
[debug] [2026-08-20T09:50:38.935Z] Checked if tokens are valid: true, expires at: 1787222614580
[debug] [2026-08-20T09:50:38.935Z] Checked if tokens are valid: true, expires at: 1787222614580
[debug] [2026-08-20T09:50:38.935Z] >>> [apiv2][query] POST https://cloudresourcemanager.googleapis.com/v1/projects/sensei-manager-d64c0:testIamPermissions [none]
[debug] [2026-08-20T09:50:38.935Z] >>> [apiv2][(partial)header] POST https://cloudresourcemanager.googleapis.com/v1/projects/sensei-manager-d64c0:testIamPermissions  x-goog-user-project=sensei-manager-d64c0
[debug] [2026-08-20T09:50:38.936Z] >>> [apiv2][body] POST https://cloudresourcemanager.googleapis.com/v1/projects/sensei-manager-d64c0:testIamPermissions {"permissions":["firebase.projects.get","firebaseextensions.instances.list"]}
[debug] [2026-08-20T09:50:39.839Z] <<< [apiv2][status] POST https://cloudresourcemanager.googleapis.com/v1/projects/sensei-manager-d64c0:testIamPermissions 200
[debug] [2026-08-20T09:50:39.839Z] <<< [apiv2][body] POST https://cloudresourcemanager.googleapis.com/v1/projects/sensei-manager-d64c0:testIamPermissions {"permissions":["firebase.projects.get","firebaseextensions.instances.list"]}
[debug] [2026-08-20T09:50:39.840Z] Checked if tokens are valid: true, expires at: 1787222614580
[debug] [2026-08-20T09:50:39.840Z] Checked if tokens are valid: true, expires at: 1787222614580
[debug] [2026-08-20T09:50:39.840Z] >>> [apiv2][query] GET https://firebaseextensions.googleapis.com/v1beta/projects/sensei-manager-d64c0/instances pageSize=100&pageToken=
[debug] [2026-08-20T09:50:41.062Z] <<< [apiv2][status] GET https://firebaseextensions.googleapis.com/v1beta/projects/sensei-manager-d64c0/instances 200
[debug] [2026-08-20T09:50:41.062Z] <<< [apiv2][body] GET https://firebaseextensions.googleapis.com/v1beta/projects/sensei-manager-d64c0/instances {}
[debug] [2026-08-20T09:50:41.064Z] Checked if tokens are valid: true, expires at: 1787222614580
[debug] [2026-08-20T09:50:41.064Z] Checked if tokens are valid: true, expires at: 1787222614580
[debug] [2026-08-20T09:50:41.064Z] >>> [apiv2][query] GET https://secretmanager.googleapis.com/v1/projects/sensei-manager-d64c0/secrets/ASAAS_API_KEY [none]
[debug] [2026-08-20T09:50:41.718Z] <<< [apiv2][status] GET https://secretmanager.googleapis.com/v1/projects/sensei-manager-d64c0/secrets/ASAAS_API_KEY 200
[debug] [2026-08-20T09:50:41.718Z] <<< [apiv2][body] GET https://secretmanager.googleapis.com/v1/projects/sensei-manager-d64c0/secrets/ASAAS_API_KEY {"name":"projects/376094928692/secrets/ASAAS_API_KEY","replication":{"automatic":{}},"createTime":"2026-08-17T18:00:38.759612Z","labels":{"firebase-managed":"functions"},"etag":"\"165941f2ac198c\""}
[debug] [2026-08-20T09:50:41.719Z] Checked if tokens are valid: true, expires at: 1787222614580
[debug] [2026-08-20T09:50:41.719Z] Checked if tokens are valid: true, expires at: 1787222614580
[debug] [2026-08-20T09:50:41.719Z] >>> [apiv2][query] GET https://secretmanager.googleapis.com/v1/projects/sensei-manager-d64c0/secrets/ASAAS_API_KEY/versions/latest [none]
[debug] [2026-08-20T09:50:41.991Z] <<< [apiv2][status] GET https://secretmanager.googleapis.com/v1/projects/sensei-manager-d64c0/secrets/ASAAS_API_KEY/versions/latest 200
[debug] [2026-08-20T09:50:41.991Z] <<< [apiv2][body] GET https://secretmanager.googleapis.com/v1/projects/sensei-manager-d64c0/secrets/ASAAS_API_KEY/versions/latest {"name":"projects/376094928692/secrets/ASAAS_API_KEY/versions/1","createTime":"2026-08-17T18:00:41.518043Z","state":"ENABLED","replicationStatus":{"automatic":{}},"etag":"\"165941f2cccbdb\""}
[debug] [2026-08-20T09:50:41.992Z] Checked if tokens are valid: true, expires at: 1787222614580
[debug] [2026-08-20T09:50:41.992Z] Checked if tokens are valid: true, expires at: 1787222614580
[debug] [2026-08-20T09:50:41.993Z] >>> [apiv2][query] GET https://secretmanager.googleapis.com/v1/projects/sensei-manager-d64c0/secrets/ASAAS_WEBHOOK_TOKEN [none]
[debug] [2026-08-20T09:50:42.258Z] <<< [apiv2][status] GET https://secretmanager.googleapis.com/v1/projects/sensei-manager-d64c0/secrets/ASAAS_WEBHOOK_TOKEN 200
[debug] [2026-08-20T09:50:42.258Z] <<< [apiv2][body] GET https://secretmanager.googleapis.com/v1/projects/sensei-manager-d64c0/secrets/ASAAS_WEBHOOK_TOKEN {"name":"projects/376094928692/secrets/ASAAS_WEBHOOK_TOKEN","replication":{"automatic":{}},"createTime":"2026-08-17T18:03:09.809550Z","labels":{"firebase-managed":"functions"},"etag":"\"165941fbb57663\""}
[debug] [2026-08-20T09:50:42.258Z] Checked if tokens are valid: true, expires at: 1787222614580
[debug] [2026-08-20T09:50:42.258Z] Checked if tokens are valid: true, expires at: 1787222614580
[debug] [2026-08-20T09:50:42.258Z] >>> [apiv2][query] GET https://secretmanager.googleapis.com/v1/projects/sensei-manager-d64c0/secrets/ASAAS_WEBHOOK_TOKEN/versions/latest [none]
[debug] [2026-08-20T09:50:42.510Z] <<< [apiv2][status] GET https://secretmanager.googleapis.com/v1/projects/sensei-manager-d64c0/secrets/ASAAS_WEBHOOK_TOKEN/versions/latest 200
[debug] [2026-08-20T09:50:42.511Z] <<< [apiv2][body] GET https://secretmanager.googleapis.com/v1/projects/sensei-manager-d64c0/secrets/ASAAS_WEBHOOK_TOKEN/versions/latest {"name":"projects/376094928692/secrets/ASAAS_WEBHOOK_TOKEN/versions/1","createTime":"2026-08-17T18:03:13.039364Z","state":"ENABLED","replicationStatus":{"automatic":{}},"etag":"\"165941fbd4d404\""}
[info] i  functions: preparing functions directory for uploading... 
[info] i  functions: packaged /Users/gabrielfornydesouzamuniz/Documents/projetos/gestao-academia-luta/functions (33.22 KB) for uploading 
[debug] [2026-08-20T09:50:42.539Z] Checked if tokens are valid: true, expires at: 1787222614580
[debug] [2026-08-20T09:50:42.539Z] Checked if tokens are valid: true, expires at: 1787222614580
[debug] [2026-08-20T09:50:42.539Z] >>> [apiv2][query] GET https://cloudfunctions.googleapis.com/v1/projects/sensei-manager-d64c0/locations/-/functions [none]
[debug] [2026-08-20T09:50:43.788Z] <<< [apiv2][status] GET https://cloudfunctions.googleapis.com/v1/projects/sensei-manager-d64c0/locations/-/functions 200
[debug] [2026-08-20T09:50:43.788Z] <<< [apiv2][body] GET https://cloudfunctions.googleapis.com/v1/projects/sensei-manager-d64c0/locations/-/functions {}
[debug] [2026-08-20T09:50:43.788Z] Checked if tokens are valid: true, expires at: 1787222614580
[debug] [2026-08-20T09:50:43.789Z] Checked if tokens are valid: true, expires at: 1787222614580
[debug] [2026-08-20T09:50:43.789Z] >>> [apiv2][query] GET https://cloudfunctions.googleapis.com/v2/projects/sensei-manager-d64c0/locations/-/functions filter=environment%3D%22GEN_2%22
[debug] [2026-08-20T09:50:45.221Z] <<< [apiv2][status] GET https://cloudfunctions.googleapis.com/v2/projects/sensei-manager-d64c0/locations/-/functions 200
[debug] [2026-08-20T09:50:45.222Z] <<< [apiv2][body] GET https://cloudfunctions.googleapis.com/v2/projects/sensei-manager-d64c0/locations/-/functions {"functions":[{"name":"projects/sensei-manager-d64c0/locations/us-central1/functions/criarCobrancaPix","buildConfig":{"build":"projects/376094928692/locations/us-central1/builds/97d52a13-8d83-46b5-a02b-8ba822241b5a","runtime":"nodejs20","entryPoint":"criarCobrancaPix","source":{"storageSource":{"bucket":"gcf-v2-sources-376094928692-us-central1","object":"criarCobrancaPix/function-source.zip","generation":"1786989867112722"}},"environmentVariables":{"GOOGLE_NODE_RUN_SCRIPTS":""},"dockerRepository":"projects/sensei-manager-d64c0/locations/us-central1/repositories/gcf-artifacts","sourceProvenance":{"resolvedStorageSource":{"bucket":"gcf-v2-sources-376094928692-us-central1","object":"criarCobrancaPix/function-source.zip","generation":"1786989867112722"}},"dockerRegistry":"ARTIFACT_REGISTRY","serviceAccount":"projects/sensei-manager-d64c0/serviceAccounts/376094928692-compute@developer.gserviceaccount.com","automaticUpdatePolicy":{}},"state":"UNKNOWN","updateTime":"2026-08-20T09:45:45.882763376Z","labels":{"deployment-tool":"cli-firebase","deployment-callable":"true","firebase-functions-hash":"bbc2f0e50f837243b6332780cdd9814ce9042c3a"},"stateMessages":[{"severity":"ERROR","type":"CloudRunServiceNotFound","message":"Cloud Run service projects/sensei-manager-d64c0/locations/us-central1/services/criarcobrancapix for the function was not found. The function will not work correctly. Please redeploy."}],"environment":"GEN_2","url":"https://us-central1-sensei-manager-d64c0.cloudfunctions.net/criarCobrancaPix","createTime":"2026-08-17T18:04:27.402560277Z","satisfiesPzi":true},{"name":"projects/sensei-manager-d64c0/locations/us-central1/functions/webhookAsaas","buildConfig":{"build":"projects/376094928692/locations/us-central1/builds/691dba1a-882b-4562-9859-c6ee0ea4d2ba","runtime":"nodejs20","entryPoint":"webhookAsaas","source":{"storageSource":{"bucket":"gcf-v2-sources-376094928692-us-central1","object":"webhookAsaas/function-source.zip","generation":"1786989867148965"}},"environmentVariables":{"GOOGLE_NODE_RUN_SCRIPTS":""},"dockerRepository":"projects/sensei-manager-d64c0/locations/us-central1/repositories/gcf-artifacts","sourceProvenance":{"resolvedStorageSource":{"bucket":"gcf-v2-sources-376094928692-us-central1","object":"webhookAsaas/function-source.zip","generation":"1786989867148965"}},"dockerRegistry":"ARTIFACT_REGISTRY","serviceAccount":"projects/sensei-manager-d64c0/serviceAccounts/376094928692-compute@developer.gserviceaccount.com","automaticUpdatePolicy":{}},"state":"UNKNOWN","updateTime":"2026-08-20T09:45:50.510710048Z","labels":{"deployment-tool":"cli-firebase","firebase-functions-hash":"57636b5a224fd2a5e0f1d825b2658881cd8fdb30"},"stateMessages":[{"severity":"ERROR","type":"CloudRunServiceNotFound","message":"Cloud Run service projects/sensei-manager-d64c0/locations/us-central1/services/webhookasaas for the function was not found. The function will not work correctly. Please redeploy."}],"environment":"GEN_2","url":"https://us-central1-sensei-manager-d64c0.cloudfunctions.net/webhookAsaas","createTime":"2026-08-17T18:04:27.406757765Z","satisfiesPzi":true},{"name":"projects/sensei-manager-d64c0/locations/us-central1/functions/verificarStatusAsaas","buildConfig":{"build":"projects/376094928692/locations/us-central1/builds/96a308cc-217d-4bec-99f4-be350696abf6","runtime":"nodejs20","entryPoint":"verificarStatusAsaas","source":{"storageSource":{"bucket":"gcf-v2-sources-376094928692-us-central1","object":"verificarStatusAsaas/function-source.zip","generation":"1786989866286603"}},"environmentVariables":{"GOOGLE_NODE_RUN_SCRIPTS":""},"dockerRepository":"projects/sensei-manager-d64c0/locations/us-central1/repositories/gcf-artifacts","sourceProvenance":{"resolvedStorageSource":{"bucket":"gcf-v2-sources-376094928692-us-central1","object":"verificarStatusAsaas/function-source.zip","generation":"1786989866286603"}},"dockerRegistry":"ARTIFACT_REGISTRY","serviceAccount":"projects/sensei-manager-d64c0/serviceAccounts/376094928692-compute@developer.gserviceaccount.com","automaticUpdatePolicy":{}},"state":"UNKNOWN","updateTime":"2026-08-20T09:45:54.098821981Z","labels":{"firebase-functions-hash":"bbc2f0e50f837243b6332780cdd9814ce9042c3a","deployment-tool":"cli-firebase","deployment-callable":"true"},"stateMessages":[{"severity":"ERROR","type":"CloudRunServiceNotFound","message":"Cloud Run service projects/sensei-manager-d64c0/locations/us-central1/services/verificarstatusasaas for the function was not found. The function will not work correctly. Please redeploy."}],"environment":"GEN_2","url":"https://us-central1-sensei-manager-d64c0.cloudfunctions.net/verificarStatusAsaas","createTime":"2026-08-17T18:04:26.586276555Z","satisfiesPzi":true},{"name":"projects/sensei-manager-d64c0/locations/us-central1/functions/criarSubcontaAcademia","buildConfig":{"build":"projects/376094928692/locations/us-central1/builds/e875dd53-1f37-4c39-9487-14841301b8f0","runtime":"nodejs20","entryPoint":"criarSubcontaAcademia","source":{"storageSource":{"bucket":"gcf-v2-sources-376094928692-us-central1","object":"criarSubcontaAcademia/function-source.zip","generation":"1786989821676536"}},"environmentVariables":{"GOOGLE_NODE_RUN_SCRIPTS":""},"dockerRepository":"projects/sensei-manager-d64c0/locations/us-central1/repositories/gcf-artifacts","sourceProvenance":{"resolvedStorageSource":{"bucket":"gcf-v2-sources-376094928692-us-central1","object":"criarSubcontaAcademia/function-source.zip","generation":"1786989821676536"}},"dockerRegistry":"ARTIFACT_REGISTRY","serviceAccount":"projects/sensei-manager-d64c0/serviceAccounts/376094928692-compute@developer.gserviceaccount.com","automaticUpdatePolicy":{}},"state":"UNKNOWN","updateTime":"2026-08-20T09:45:04.089302299Z","labels":{"deployment-callable":"true","firebase-functions-hash":"bbc2f0e50f837243b6332780cdd9814ce9042c3a","deployment-tool":"cli-firebase"},"stateMessages":[{"severity":"ERROR","type":"CloudRunServiceNotFound","message":"Cloud Run service projects/sensei-manager-d64c0/locations/us-central1/services/criarsubcontaacademia for the function was not found. The function will not work correctly. Please redeploy."}],"environment":"GEN_2","url":"https://us-central1-sensei-manager-d64c0.cloudfunctions.net/criarSubcontaAcademia","createTime":"2026-08-17T18:03:42.047846098Z","satisfiesPzi":true}]}
[info] i  functions: ensuring required API run.googleapis.com is enabled... 
[info] i  functions: ensuring required API eventarc.googleapis.com is enabled... 
[info] i  functions: ensuring required API pubsub.googleapis.com is enabled... 
[info] i  functions: ensuring required API storage.googleapis.com is enabled... 
[info] i  functions: generating the service identity for pubsub.googleapis.com... 
[debug] [2026-08-20T09:50:45.226Z] Checked if tokens are valid: true, expires at: 1787222614580
[debug] [2026-08-20T09:50:45.226Z] Checked if tokens are valid: true, expires at: 1787222614580
[info] i  functions: generating the service identity for eventarc.googleapis.com... 
[debug] [2026-08-20T09:50:45.226Z] Checked if tokens are valid: true, expires at: 1787222614580
[debug] [2026-08-20T09:50:45.226Z] Checked if tokens are valid: true, expires at: 1787222614580
[debug] [2026-08-20T09:50:45.226Z] >>> [apiv2][query] POST https://serviceusage.googleapis.com/v1beta1/projects/376094928692/services/pubsub.googleapis.com:generateServiceIdentity [none]
[debug] [2026-08-20T09:50:45.226Z] >>> [apiv2][(partial)header] POST https://serviceusage.googleapis.com/v1beta1/projects/376094928692/services/pubsub.googleapis.com:generateServiceIdentity  x-goog-user-project=376094928692
[debug] [2026-08-20T09:50:45.226Z] >>> [apiv2][body] POST https://serviceusage.googleapis.com/v1beta1/projects/376094928692/services/pubsub.googleapis.com:generateServiceIdentity {}
[debug] [2026-08-20T09:50:45.228Z] >>> [apiv2][query] POST https://serviceusage.googleapis.com/v1beta1/projects/376094928692/services/eventarc.googleapis.com:generateServiceIdentity [none]
[debug] [2026-08-20T09:50:45.228Z] >>> [apiv2][(partial)header] POST https://serviceusage.googleapis.com/v1beta1/projects/376094928692/services/eventarc.googleapis.com:generateServiceIdentity  x-goog-user-project=376094928692
[debug] [2026-08-20T09:50:45.228Z] >>> [apiv2][body] POST https://serviceusage.googleapis.com/v1beta1/projects/376094928692/services/eventarc.googleapis.com:generateServiceIdentity {}
[debug] [2026-08-20T09:50:46.319Z] <<< [apiv2][status] POST https://serviceusage.googleapis.com/v1beta1/projects/376094928692/services/pubsub.googleapis.com:generateServiceIdentity 200
[debug] [2026-08-20T09:50:46.319Z] <<< [apiv2][body] POST https://serviceusage.googleapis.com/v1beta1/projects/376094928692/services/pubsub.googleapis.com:generateServiceIdentity {"name":"operations/finished.DONE_OPERATION","done":true,"response":{"@type":"type.googleapis.com/google.api.serviceusage.v1beta1.ServiceIdentity","email":"service-376094928692@gcp-sa-pubsub.iam.gserviceaccount.com","uniqueId":"103497173914367201452"}}
[debug] [2026-08-20T09:50:46.422Z] <<< [apiv2][status] POST https://serviceusage.googleapis.com/v1beta1/projects/376094928692/services/eventarc.googleapis.com:generateServiceIdentity 200
[debug] [2026-08-20T09:50:46.422Z] <<< [apiv2][body] POST https://serviceusage.googleapis.com/v1beta1/projects/376094928692/services/eventarc.googleapis.com:generateServiceIdentity {"name":"operations/finished.DONE_OPERATION","done":true,"response":{"@type":"type.googleapis.com/google.api.serviceusage.v1beta1.ServiceIdentity","email":"service-376094928692@gcp-sa-eventarc.iam.gserviceaccount.com","uniqueId":"111841847472487765268"}}
[info] i  functions: ensuring required API secretmanager.googleapis.com is enabled... 
[debug] [2026-08-20T09:50:46.425Z] Checked if tokens are valid: true, expires at: 1787222614580
[debug] [2026-08-20T09:50:46.425Z] Checked if tokens are valid: true, expires at: 1787222614580
[debug] [2026-08-20T09:50:46.425Z] Checked if tokens are valid: true, expires at: 1787222614580
[debug] [2026-08-20T09:50:46.425Z] Checked if tokens are valid: true, expires at: 1787222614580
[debug] [2026-08-20T09:50:46.425Z] >>> [apiv2][query] GET https://secretmanager.googleapis.com/v1/projects/sensei-manager-d64c0/secrets/ASAAS_API_KEY/versions/latest [none]
[debug] [2026-08-20T09:50:46.426Z] >>> [apiv2][query] GET https://secretmanager.googleapis.com/v1/projects/sensei-manager-d64c0/secrets/ASAAS_WEBHOOK_TOKEN/versions/latest [none]
[debug] [2026-08-20T09:50:46.698Z] <<< [apiv2][status] GET https://secretmanager.googleapis.com/v1/projects/sensei-manager-d64c0/secrets/ASAAS_API_KEY/versions/latest 200
[debug] [2026-08-20T09:50:46.699Z] <<< [apiv2][body] GET https://secretmanager.googleapis.com/v1/projects/sensei-manager-d64c0/secrets/ASAAS_API_KEY/versions/latest {"name":"projects/376094928692/secrets/ASAAS_API_KEY/versions/1","createTime":"2026-08-17T18:00:41.518043Z","state":"ENABLED","replicationStatus":{"automatic":{}},"etag":"\"165941f2cccbdb\""}
[debug] [2026-08-20T09:50:46.699Z] Resolved secret version of ASAAS_API_KEY to 1.
[debug] [2026-08-20T09:50:47.035Z] <<< [apiv2][status] GET https://secretmanager.googleapis.com/v1/projects/sensei-manager-d64c0/secrets/ASAAS_WEBHOOK_TOKEN/versions/latest 200
[debug] [2026-08-20T09:50:47.035Z] <<< [apiv2][body] GET https://secretmanager.googleapis.com/v1/projects/sensei-manager-d64c0/secrets/ASAAS_WEBHOOK_TOKEN/versions/latest {"name":"projects/376094928692/secrets/ASAAS_WEBHOOK_TOKEN/versions/1","createTime":"2026-08-17T18:03:13.039364Z","state":"ENABLED","replicationStatus":{"automatic":{}},"etag":"\"165941fbd4d404\""}
[debug] [2026-08-20T09:50:47.035Z] Resolved secret version of ASAAS_WEBHOOK_TOKEN to 1.
[debug] [2026-08-20T09:50:47.037Z] Checked if tokens are valid: true, expires at: 1787222614580
[debug] [2026-08-20T09:50:47.037Z] Checked if tokens are valid: true, expires at: 1787222614580
[debug] [2026-08-20T09:50:47.037Z] >>> [apiv2][query] GET https://cloudresourcemanager.googleapis.com/v1/projects/sensei-manager-d64c0 [none]
[debug] [2026-08-20T09:50:47.956Z] <<< [apiv2][status] GET https://cloudresourcemanager.googleapis.com/v1/projects/sensei-manager-d64c0 200
[debug] [2026-08-20T09:50:47.956Z] <<< [apiv2][body] GET https://cloudresourcemanager.googleapis.com/v1/projects/sensei-manager-d64c0 {"projectNumber":"376094928692","projectId":"sensei-manager-d64c0","lifecycleState":"ACTIVE","name":"Sensei Manager","labels":{"firebase":"enabled","firebase-core":"disabled"},"createTime":"2026-06-29T23:37:24.419Z","parent":{"type":"organization","id":"579356982963"}}
[debug] [2026-08-20T09:50:47.957Z] Checked if tokens are valid: true, expires at: 1787222614580
[debug] [2026-08-20T09:50:47.957Z] Checked if tokens are valid: true, expires at: 1787222614580
[debug] [2026-08-20T09:50:47.957Z] >>> [apiv2][query] GET https://compute.googleapis.com/compute/v1/projects/376094928692 [none]
[debug] [2026-08-20T09:50:48.398Z] <<< [apiv2][status] GET https://compute.googleapis.com/compute/v1/projects/376094928692 403
[debug] [2026-08-20T09:50:48.398Z] <<< [apiv2][body] GET https://compute.googleapis.com/compute/v1/projects/376094928692 {"error":{"code":403,"message":"Compute Engine API has not been used in project 376094928692 before or it is disabled. Enable it by visiting https://console.developers.google.com/apis/api/compute.googleapis.com/overview?project=376094928692 then retry. If you enabled this API recently, wait a few minutes for the action to propagate to our systems and retry.","errors":[{"message":"Compute Engine API has not been used in project 376094928692 before or it is disabled. Enable it by visiting https://console.developers.google.com/apis/api/compute.googleapis.com/overview?project=376094928692 then retry. If you enabled this API recently, wait a few minutes for the action to propagate to our systems and retry.","domain":"usageLimits","reason":"accessNotConfigured","extendedHelp":"https://console.developers.google.com"}],"status":"PERMISSION_DENIED","details":[{"@type":"type.googleapis.com/google.rpc.ErrorInfo","reason":"SERVICE_DISABLED","domain":"googleapis.com","metadata":{"consumer":"projects/376094928692","activationUrl":"https://console.developers.google.com/apis/api/compute.googleapis.com/overview?project=376094928692","containerInfo":"376094928692","serviceTitle":"Compute Engine API","service":"compute.googleapis.com"}},{"@type":"type.googleapis.com/google.rpc.LocalizedMessage","locale":"en-US","message":"Compute Engine API has not been used in project 376094928692 before or it is disabled. Enable it by visiting https://console.developers.google.com/apis/api/compute.googleapis.com/overview?project=376094928692 then retry. If you enabled this API recently, wait a few minutes for the action to propagate to our systems and retry."},{"@type":"type.googleapis.com/google.rpc.Help","links":[{"description":"Google developers console API activation","url":"https://console.developers.google.com/apis/api/compute.googleapis.com/overview?project=376094928692"}]}]}}
[debug] [2026-08-20T09:50:48.399Z] unable to look up default compute service account. Falling back to 376094928692-compute@developer.gserviceaccount.com. Error: {"name":"FirebaseError","children":[],"context":{"body":{"error":{"code":403,"message":"Compute Engine API has not been used in project 376094928692 before or it is disabled. Enable it by visiting https://console.developers.google.com/apis/api/compute.googleapis.com/overview?project=376094928692 then retry. If you enabled this API recently, wait a few minutes for the action to propagate to our systems and retry.","errors":[{"message":"Compute Engine API has not been used in project 376094928692 before or it is disabled. Enable it by visiting https://console.developers.google.com/apis/api/compute.googleapis.com/overview?project=376094928692 then retry. If you enabled this API recently, wait a few minutes for the action to propagate to our systems and retry.","domain":"usageLimits","reason":"accessNotConfigured","extendedHelp":"https://console.developers.google.com"}],"status":"PERMISSION_DENIED","details":[{"@type":"type.googleapis.com/google.rpc.ErrorInfo","reason":"SERVICE_DISABLED","domain":"googleapis.com","metadata":{"consumer":"projects/376094928692","activationUrl":"https://console.developers.google.com/apis/api/compute.googleapis.com/overview?project=376094928692","containerInfo":"376094928692","serviceTitle":"Compute Engine API","service":"compute.googleapis.com"}},{"@type":"type.googleapis.com/google.rpc.LocalizedMessage","locale":"en-US","message":"Compute Engine API has not been used in project 376094928692 before or it is disabled. Enable it by visiting https://console.developers.google.com/apis/api/compute.googleapis.com/overview?project=376094928692 then retry. If you enabled this API recently, wait a few minutes for the action to propagate to our systems and retry."},{"@type":"type.googleapis.com/google.rpc.Help","links":[{"description":"Google developers console API activation","url":"https://console.developers.google.com/apis/api/compute.googleapis.com/overview?project=376094928692"}]}]}},"response":{"statusCode":403}},"exit":1,"message":"Request to https://compute.googleapis.com/compute/v1/projects/376094928692 had HTTP Error: 403, Compute Engine API has not been used in project 376094928692 before or it is disabled. Enable it by visiting https://console.developers.google.com/apis/api/compute.googleapis.com/overview?project=376094928692 then retry. If you enabled this API recently, wait a few minutes for the action to propagate to our systems and retry.","status":403}
[debug] [2026-08-20T09:50:48.399Z] Checked if tokens are valid: true, expires at: 1787222614580
[debug] [2026-08-20T09:50:48.399Z] Checked if tokens are valid: true, expires at: 1787222614580
[debug] [2026-08-20T09:50:48.399Z] >>> [apiv2][query] GET https://compute.googleapis.com/compute/v1/projects/376094928692 [none]
[debug] [2026-08-20T09:50:48.673Z] <<< [apiv2][status] GET https://compute.googleapis.com/compute/v1/projects/376094928692 403
[debug] [2026-08-20T09:50:48.673Z] <<< [apiv2][body] GET https://compute.googleapis.com/compute/v1/projects/376094928692 {"error":{"code":403,"message":"Compute Engine API has not been used in project 376094928692 before or it is disabled. Enable it by visiting https://console.developers.google.com/apis/api/compute.googleapis.com/overview?project=376094928692 then retry. If you enabled this API recently, wait a few minutes for the action to propagate to our systems and retry.","errors":[{"message":"Compute Engine API has not been used in project 376094928692 before or it is disabled. Enable it by visiting https://console.developers.google.com/apis/api/compute.googleapis.com/overview?project=376094928692 then retry. If you enabled this API recently, wait a few minutes for the action to propagate to our systems and retry.","domain":"usageLimits","reason":"accessNotConfigured","extendedHelp":"https://console.developers.google.com"}],"status":"PERMISSION_DENIED","details":[{"@type":"type.googleapis.com/google.rpc.ErrorInfo","reason":"SERVICE_DISABLED","domain":"googleapis.com","metadata":{"consumer":"projects/376094928692","serviceTitle":"Compute Engine API","containerInfo":"376094928692","activationUrl":"https://console.developers.google.com/apis/api/compute.googleapis.com/overview?project=376094928692","service":"compute.googleapis.com"}},{"@type":"type.googleapis.com/google.rpc.LocalizedMessage","locale":"en-US","message":"Compute Engine API has not been used in project 376094928692 before or it is disabled. Enable it by visiting https://console.developers.google.com/apis/api/compute.googleapis.com/overview?project=376094928692 then retry. If you enabled this API recently, wait a few minutes for the action to propagate to our systems and retry."},{"@type":"type.googleapis.com/google.rpc.Help","links":[{"description":"Google developers console API activation","url":"https://console.developers.google.com/apis/api/compute.googleapis.com/overview?project=376094928692"}]}]}}
[debug] [2026-08-20T09:50:48.673Z] unable to look up default compute service account. Falling back to 376094928692-compute@developer.gserviceaccount.com. Error: {"name":"FirebaseError","children":[],"context":{"body":{"error":{"code":403,"message":"Compute Engine API has not been used in project 376094928692 before or it is disabled. Enable it by visiting https://console.developers.google.com/apis/api/compute.googleapis.com/overview?project=376094928692 then retry. If you enabled this API recently, wait a few minutes for the action to propagate to our systems and retry.","errors":[{"message":"Compute Engine API has not been used in project 376094928692 before or it is disabled. Enable it by visiting https://console.developers.google.com/apis/api/compute.googleapis.com/overview?project=376094928692 then retry. If you enabled this API recently, wait a few minutes for the action to propagate to our systems and retry.","domain":"usageLimits","reason":"accessNotConfigured","extendedHelp":"https://console.developers.google.com"}],"status":"PERMISSION_DENIED","details":[{"@type":"type.googleapis.com/google.rpc.ErrorInfo","reason":"SERVICE_DISABLED","domain":"googleapis.com","metadata":{"consumer":"projects/376094928692","serviceTitle":"Compute Engine API","containerInfo":"376094928692","activationUrl":"https://console.developers.google.com/apis/api/compute.googleapis.com/overview?project=376094928692","service":"compute.googleapis.com"}},{"@type":"type.googleapis.com/google.rpc.LocalizedMessage","locale":"en-US","message":"Compute Engine API has not been used in project 376094928692 before or it is disabled. Enable it by visiting https://console.developers.google.com/apis/api/compute.googleapis.com/overview?project=376094928692 then retry. If you enabled this API recently, wait a few minutes for the action to propagate to our systems and retry."},{"@type":"type.googleapis.com/google.rpc.Help","links":[{"description":"Google developers console API activation","url":"https://console.developers.google.com/apis/api/compute.googleapis.com/overview?project=376094928692"}]}]}},"response":{"statusCode":403}},"exit":1,"message":"Request to https://compute.googleapis.com/compute/v1/projects/376094928692 had HTTP Error: 403, Compute Engine API has not been used in project 376094928692 before or it is disabled. Enable it by visiting https://console.developers.google.com/apis/api/compute.googleapis.com/overview?project=376094928692 then retry. If you enabled this API recently, wait a few minutes for the action to propagate to our systems and retry.","status":403}
[debug] [2026-08-20T09:50:48.673Z] Checked if tokens are valid: true, expires at: 1787222614580
[debug] [2026-08-20T09:50:48.673Z] Checked if tokens are valid: true, expires at: 1787222614580
[debug] [2026-08-20T09:50:48.673Z] >>> [apiv2][query] GET https://compute.googleapis.com/compute/v1/projects/376094928692 [none]
[debug] [2026-08-20T09:50:48.952Z] <<< [apiv2][status] GET https://compute.googleapis.com/compute/v1/projects/376094928692 403
[debug] [2026-08-20T09:50:48.953Z] <<< [apiv2][body] GET https://compute.googleapis.com/compute/v1/projects/376094928692 {"error":{"code":403,"message":"Compute Engine API has not been used in project 376094928692 before or it is disabled. Enable it by visiting https://console.developers.google.com/apis/api/compute.googleapis.com/overview?project=376094928692 then retry. If you enabled this API recently, wait a few minutes for the action to propagate to our systems and retry.","errors":[{"message":"Compute Engine API has not been used in project 376094928692 before or it is disabled. Enable it by visiting https://console.developers.google.com/apis/api/compute.googleapis.com/overview?project=376094928692 then retry. If you enabled this API recently, wait a few minutes for the action to propagate to our systems and retry.","domain":"usageLimits","reason":"accessNotConfigured","extendedHelp":"https://console.developers.google.com"}],"status":"PERMISSION_DENIED","details":[{"@type":"type.googleapis.com/google.rpc.ErrorInfo","reason":"SERVICE_DISABLED","domain":"googleapis.com","metadata":{"service":"compute.googleapis.com","containerInfo":"376094928692","serviceTitle":"Compute Engine API","consumer":"projects/376094928692","activationUrl":"https://console.developers.google.com/apis/api/compute.googleapis.com/overview?project=376094928692"}},{"@type":"type.googleapis.com/google.rpc.LocalizedMessage","locale":"en-US","message":"Compute Engine API has not been used in project 376094928692 before or it is disabled. Enable it by visiting https://console.developers.google.com/apis/api/compute.googleapis.com/overview?project=376094928692 then retry. If you enabled this API recently, wait a few minutes for the action to propagate to our systems and retry."},{"@type":"type.googleapis.com/google.rpc.Help","links":[{"description":"Google developers console API activation","url":"https://console.developers.google.com/apis/api/compute.googleapis.com/overview?project=376094928692"}]}]}}
[debug] [2026-08-20T09:50:48.953Z] unable to look up default compute service account. Falling back to 376094928692-compute@developer.gserviceaccount.com. Error: {"name":"FirebaseError","children":[],"context":{"body":{"error":{"code":403,"message":"Compute Engine API has not been used in project 376094928692 before or it is disabled. Enable it by visiting https://console.developers.google.com/apis/api/compute.googleapis.com/overview?project=376094928692 then retry. If you enabled this API recently, wait a few minutes for the action to propagate to our systems and retry.","errors":[{"message":"Compute Engine API has not been used in project 376094928692 before or it is disabled. Enable it by visiting https://console.developers.google.com/apis/api/compute.googleapis.com/overview?project=376094928692 then retry. If you enabled this API recently, wait a few minutes for the action to propagate to our systems and retry.","domain":"usageLimits","reason":"accessNotConfigured","extendedHelp":"https://console.developers.google.com"}],"status":"PERMISSION_DENIED","details":[{"@type":"type.googleapis.com/google.rpc.ErrorInfo","reason":"SERVICE_DISABLED","domain":"googleapis.com","metadata":{"service":"compute.googleapis.com","containerInfo":"376094928692","serviceTitle":"Compute Engine API","consumer":"projects/376094928692","activationUrl":"https://console.developers.google.com/apis/api/compute.googleapis.com/overview?project=376094928692"}},{"@type":"type.googleapis.com/google.rpc.LocalizedMessage","locale":"en-US","message":"Compute Engine API has not been used in project 376094928692 before or it is disabled. Enable it by visiting https://console.developers.google.com/apis/api/compute.googleapis.com/overview?project=376094928692 then retry. If you enabled this API recently, wait a few minutes for the action to propagate to our systems and retry."},{"@type":"type.googleapis.com/google.rpc.Help","links":[{"description":"Google developers console API activation","url":"https://console.developers.google.com/apis/api/compute.googleapis.com/overview?project=376094928692"}]}]}},"response":{"statusCode":403}},"exit":1,"message":"Request to https://compute.googleapis.com/compute/v1/projects/376094928692 had HTTP Error: 403, Compute Engine API has not been used in project 376094928692 before or it is disabled. Enable it by visiting https://console.developers.google.com/apis/api/compute.googleapis.com/overview?project=376094928692 then retry. If you enabled this API recently, wait a few minutes for the action to propagate to our systems and retry.","status":403}
[debug] [2026-08-20T09:50:48.953Z] Checked if tokens are valid: true, expires at: 1787222614580
[debug] [2026-08-20T09:50:48.953Z] Checked if tokens are valid: true, expires at: 1787222614580
[debug] [2026-08-20T09:50:48.954Z] >>> [apiv2][query] GET https://compute.googleapis.com/compute/v1/projects/376094928692 [none]
[debug] [2026-08-20T09:50:49.240Z] <<< [apiv2][status] GET https://compute.googleapis.com/compute/v1/projects/376094928692 403
[debug] [2026-08-20T09:50:49.240Z] <<< [apiv2][body] GET https://compute.googleapis.com/compute/v1/projects/376094928692 {"error":{"code":403,"message":"Compute Engine API has not been used in project 376094928692 before or it is disabled. Enable it by visiting https://console.developers.google.com/apis/api/compute.googleapis.com/overview?project=376094928692 then retry. If you enabled this API recently, wait a few minutes for the action to propagate to our systems and retry.","errors":[{"message":"Compute Engine API has not been used in project 376094928692 before or it is disabled. Enable it by visiting https://console.developers.google.com/apis/api/compute.googleapis.com/overview?project=376094928692 then retry. If you enabled this API recently, wait a few minutes for the action to propagate to our systems and retry.","domain":"usageLimits","reason":"accessNotConfigured","extendedHelp":"https://console.developers.google.com"}],"status":"PERMISSION_DENIED","details":[{"@type":"type.googleapis.com/google.rpc.ErrorInfo","reason":"SERVICE_DISABLED","domain":"googleapis.com","metadata":{"serviceTitle":"Compute Engine API","activationUrl":"https://console.developers.google.com/apis/api/compute.googleapis.com/overview?project=376094928692","service":"compute.googleapis.com","consumer":"projects/376094928692","containerInfo":"376094928692"}},{"@type":"type.googleapis.com/google.rpc.LocalizedMessage","locale":"en-US","message":"Compute Engine API has not been used in project 376094928692 before or it is disabled. Enable it by visiting https://console.developers.google.com/apis/api/compute.googleapis.com/overview?project=376094928692 then retry. If you enabled this API recently, wait a few minutes for the action to propagate to our systems and retry."},{"@type":"type.googleapis.com/google.rpc.Help","links":[{"description":"Google developers console API activation","url":"https://console.developers.google.com/apis/api/compute.googleapis.com/overview?project=376094928692"}]}]}}
[debug] [2026-08-20T09:50:49.240Z] unable to look up default compute service account. Falling back to 376094928692-compute@developer.gserviceaccount.com. Error: {"name":"FirebaseError","children":[],"context":{"body":{"error":{"code":403,"message":"Compute Engine API has not been used in project 376094928692 before or it is disabled. Enable it by visiting https://console.developers.google.com/apis/api/compute.googleapis.com/overview?project=376094928692 then retry. If you enabled this API recently, wait a few minutes for the action to propagate to our systems and retry.","errors":[{"message":"Compute Engine API has not been used in project 376094928692 before or it is disabled. Enable it by visiting https://console.developers.google.com/apis/api/compute.googleapis.com/overview?project=376094928692 then retry. If you enabled this API recently, wait a few minutes for the action to propagate to our systems and retry.","domain":"usageLimits","reason":"accessNotConfigured","extendedHelp":"https://console.developers.google.com"}],"status":"PERMISSION_DENIED","details":[{"@type":"type.googleapis.com/google.rpc.ErrorInfo","reason":"SERVICE_DISABLED","domain":"googleapis.com","metadata":{"serviceTitle":"Compute Engine API","activationUrl":"https://console.developers.google.com/apis/api/compute.googleapis.com/overview?project=376094928692","service":"compute.googleapis.com","consumer":"projects/376094928692","containerInfo":"376094928692"}},{"@type":"type.googleapis.com/google.rpc.LocalizedMessage","locale":"en-US","message":"Compute Engine API has not been used in project 376094928692 before or it is disabled. Enable it by visiting https://console.developers.google.com/apis/api/compute.googleapis.com/overview?project=376094928692 then retry. If you enabled this API recently, wait a few minutes for the action to propagate to our systems and retry."},{"@type":"type.googleapis.com/google.rpc.Help","links":[{"description":"Google developers console API activation","url":"https://console.developers.google.com/apis/api/compute.googleapis.com/overview?project=376094928692"}]}]}},"response":{"statusCode":403}},"exit":1,"message":"Request to https://compute.googleapis.com/compute/v1/projects/376094928692 had HTTP Error: 403, Compute Engine API has not been used in project 376094928692 before or it is disabled. Enable it by visiting https://console.developers.google.com/apis/api/compute.googleapis.com/overview?project=376094928692 then retry. If you enabled this API recently, wait a few minutes for the action to propagate to our systems and retry.","status":403}
[debug] [2026-08-20T09:50:49.240Z] Checked if tokens are valid: true, expires at: 1787222614580
[debug] [2026-08-20T09:50:49.240Z] Checked if tokens are valid: true, expires at: 1787222614580
[debug] [2026-08-20T09:50:49.240Z] >>> [apiv2][query] GET https://compute.googleapis.com/compute/v1/projects/376094928692 [none]
[debug] [2026-08-20T09:50:49.525Z] <<< [apiv2][status] GET https://compute.googleapis.com/compute/v1/projects/376094928692 403
[debug] [2026-08-20T09:50:49.525Z] <<< [apiv2][body] GET https://compute.googleapis.com/compute/v1/projects/376094928692 {"error":{"code":403,"message":"Compute Engine API has not been used in project 376094928692 before or it is disabled. Enable it by visiting https://console.developers.google.com/apis/api/compute.googleapis.com/overview?project=376094928692 then retry. If you enabled this API recently, wait a few minutes for the action to propagate to our systems and retry.","errors":[{"message":"Compute Engine API has not been used in project 376094928692 before or it is disabled. Enable it by visiting https://console.developers.google.com/apis/api/compute.googleapis.com/overview?project=376094928692 then retry. If you enabled this API recently, wait a few minutes for the action to propagate to our systems and retry.","domain":"usageLimits","reason":"accessNotConfigured","extendedHelp":"https://console.developers.google.com"}],"status":"PERMISSION_DENIED","details":[{"@type":"type.googleapis.com/google.rpc.ErrorInfo","reason":"SERVICE_DISABLED","domain":"googleapis.com","metadata":{"consumer":"projects/376094928692","service":"compute.googleapis.com","activationUrl":"https://console.developers.google.com/apis/api/compute.googleapis.com/overview?project=376094928692","containerInfo":"376094928692","serviceTitle":"Compute Engine API"}},{"@type":"type.googleapis.com/google.rpc.LocalizedMessage","locale":"en-US","message":"Compute Engine API has not been used in project 376094928692 before or it is disabled. Enable it by visiting https://console.developers.google.com/apis/api/compute.googleapis.com/overview?project=376094928692 then retry. If you enabled this API recently, wait a few minutes for the action to propagate to our systems and retry."},{"@type":"type.googleapis.com/google.rpc.Help","links":[{"description":"Google developers console API activation","url":"https://console.developers.google.com/apis/api/compute.googleapis.com/overview?project=376094928692"}]}]}}
[debug] [2026-08-20T09:50:49.526Z] unable to look up default compute service account. Falling back to 376094928692-compute@developer.gserviceaccount.com. Error: {"name":"FirebaseError","children":[],"context":{"body":{"error":{"code":403,"message":"Compute Engine API has not been used in project 376094928692 before or it is disabled. Enable it by visiting https://console.developers.google.com/apis/api/compute.googleapis.com/overview?project=376094928692 then retry. If you enabled this API recently, wait a few minutes for the action to propagate to our systems and retry.","errors":[{"message":"Compute Engine API has not been used in project 376094928692 before or it is disabled. Enable it by visiting https://console.developers.google.com/apis/api/compute.googleapis.com/overview?project=376094928692 then retry. If you enabled this API recently, wait a few minutes for the action to propagate to our systems and retry.","domain":"usageLimits","reason":"accessNotConfigured","extendedHelp":"https://console.developers.google.com"}],"status":"PERMISSION_DENIED","details":[{"@type":"type.googleapis.com/google.rpc.ErrorInfo","reason":"SERVICE_DISABLED","domain":"googleapis.com","metadata":{"consumer":"projects/376094928692","service":"compute.googleapis.com","activationUrl":"https://console.developers.google.com/apis/api/compute.googleapis.com/overview?project=376094928692","containerInfo":"376094928692","serviceTitle":"Compute Engine API"}},{"@type":"type.googleapis.com/google.rpc.LocalizedMessage","locale":"en-US","message":"Compute Engine API has not been used in project 376094928692 before or it is disabled. Enable it by visiting https://console.developers.google.com/apis/api/compute.googleapis.com/overview?project=376094928692 then retry. If you enabled this API recently, wait a few minutes for the action to propagate to our systems and retry."},{"@type":"type.googleapis.com/google.rpc.Help","links":[{"description":"Google developers console API activation","url":"https://console.developers.google.com/apis/api/compute.googleapis.com/overview?project=376094928692"}]}]}},"response":{"statusCode":403}},"exit":1,"message":"Request to https://compute.googleapis.com/compute/v1/projects/376094928692 had HTTP Error: 403, Compute Engine API has not been used in project 376094928692 before or it is disabled. Enable it by visiting https://console.developers.google.com/apis/api/compute.googleapis.com/overview?project=376094928692 then retry. If you enabled this API recently, wait a few minutes for the action to propagate to our systems and retry.","status":403}
[debug] [2026-08-20T09:50:49.526Z] Checked if tokens are valid: true, expires at: 1787222614580
[debug] [2026-08-20T09:50:49.526Z] Checked if tokens are valid: true, expires at: 1787222614580
[debug] [2026-08-20T09:50:49.526Z] >>> [apiv2][query] GET https://compute.googleapis.com/compute/v1/projects/376094928692 [none]
[debug] [2026-08-20T09:50:49.883Z] <<< [apiv2][status] GET https://compute.googleapis.com/compute/v1/projects/376094928692 403
[debug] [2026-08-20T09:50:49.883Z] <<< [apiv2][body] GET https://compute.googleapis.com/compute/v1/projects/376094928692 {"error":{"code":403,"message":"Compute Engine API has not been used in project 376094928692 before or it is disabled. Enable it by visiting https://console.developers.google.com/apis/api/compute.googleapis.com/overview?project=376094928692 then retry. If you enabled this API recently, wait a few minutes for the action to propagate to our systems and retry.","errors":[{"message":"Compute Engine API has not been used in project 376094928692 before or it is disabled. Enable it by visiting https://console.developers.google.com/apis/api/compute.googleapis.com/overview?project=376094928692 then retry. If you enabled this API recently, wait a few minutes for the action to propagate to our systems and retry.","domain":"usageLimits","reason":"accessNotConfigured","extendedHelp":"https://console.developers.google.com"}],"status":"PERMISSION_DENIED","details":[{"@type":"type.googleapis.com/google.rpc.ErrorInfo","reason":"SERVICE_DISABLED","domain":"googleapis.com","metadata":{"activationUrl":"https://console.developers.google.com/apis/api/compute.googleapis.com/overview?project=376094928692","consumer":"projects/376094928692","serviceTitle":"Compute Engine API","containerInfo":"376094928692","service":"compute.googleapis.com"}},{"@type":"type.googleapis.com/google.rpc.LocalizedMessage","locale":"en-US","message":"Compute Engine API has not been used in project 376094928692 before or it is disabled. Enable it by visiting https://console.developers.google.com/apis/api/compute.googleapis.com/overview?project=376094928692 then retry. If you enabled this API recently, wait a few minutes for the action to propagate to our systems and retry."},{"@type":"type.googleapis.com/google.rpc.Help","links":[{"description":"Google developers console API activation","url":"https://console.developers.google.com/apis/api/compute.googleapis.com/overview?project=376094928692"}]}]}}
[debug] [2026-08-20T09:50:49.883Z] unable to look up default compute service account. Falling back to 376094928692-compute@developer.gserviceaccount.com. Error: {"name":"FirebaseError","children":[],"context":{"body":{"error":{"code":403,"message":"Compute Engine API has not been used in project 376094928692 before or it is disabled. Enable it by visiting https://console.developers.google.com/apis/api/compute.googleapis.com/overview?project=376094928692 then retry. If you enabled this API recently, wait a few minutes for the action to propagate to our systems and retry.","errors":[{"message":"Compute Engine API has not been used in project 376094928692 before or it is disabled. Enable it by visiting https://console.developers.google.com/apis/api/compute.googleapis.com/overview?project=376094928692 then retry. If you enabled this API recently, wait a few minutes for the action to propagate to our systems and retry.","domain":"usageLimits","reason":"accessNotConfigured","extendedHelp":"https://console.developers.google.com"}],"status":"PERMISSION_DENIED","details":[{"@type":"type.googleapis.com/google.rpc.ErrorInfo","reason":"SERVICE_DISABLED","domain":"googleapis.com","metadata":{"activationUrl":"https://console.developers.google.com/apis/api/compute.googleapis.com/overview?project=376094928692","consumer":"projects/376094928692","serviceTitle":"Compute Engine API","containerInfo":"376094928692","service":"compute.googleapis.com"}},{"@type":"type.googleapis.com/google.rpc.LocalizedMessage","locale":"en-US","message":"Compute Engine API has not been used in project 376094928692 before or it is disabled. Enable it by visiting https://console.developers.google.com/apis/api/compute.googleapis.com/overview?project=376094928692 then retry. If you enabled this API recently, wait a few minutes for the action to propagate to our systems and retry."},{"@type":"type.googleapis.com/google.rpc.Help","links":[{"description":"Google developers console API activation","url":"https://console.developers.google.com/apis/api/compute.googleapis.com/overview?project=376094928692"}]}]}},"response":{"statusCode":403}},"exit":1,"message":"Request to https://compute.googleapis.com/compute/v1/projects/376094928692 had HTTP Error: 403, Compute Engine API has not been used in project 376094928692 before or it is disabled. Enable it by visiting https://console.developers.google.com/apis/api/compute.googleapis.com/overview?project=376094928692 then retry. If you enabled this API recently, wait a few minutes for the action to propagate to our systems and retry.","status":403}
[debug] [2026-08-20T09:50:49.884Z] Checked if tokens are valid: true, expires at: 1787222614580
[debug] [2026-08-20T09:50:49.884Z] Checked if tokens are valid: true, expires at: 1787222614580
[debug] [2026-08-20T09:50:49.884Z] >>> [apiv2][query] GET https://compute.googleapis.com/compute/v1/projects/376094928692 [none]
[debug] [2026-08-20T09:50:50.175Z] <<< [apiv2][status] GET https://compute.googleapis.com/compute/v1/projects/376094928692 403
[debug] [2026-08-20T09:50:50.175Z] <<< [apiv2][body] GET https://compute.googleapis.com/compute/v1/projects/376094928692 {"error":{"code":403,"message":"Compute Engine API has not been used in project 376094928692 before or it is disabled. Enable it by visiting https://console.developers.google.com/apis/api/compute.googleapis.com/overview?project=376094928692 then retry. If you enabled this API recently, wait a few minutes for the action to propagate to our systems and retry.","errors":[{"message":"Compute Engine API has not been used in project 376094928692 before or it is disabled. Enable it by visiting https://console.developers.google.com/apis/api/compute.googleapis.com/overview?project=376094928692 then retry. If you enabled this API recently, wait a few minutes for the action to propagate to our systems and retry.","domain":"usageLimits","reason":"accessNotConfigured","extendedHelp":"https://console.developers.google.com"}],"status":"PERMISSION_DENIED","details":[{"@type":"type.googleapis.com/google.rpc.ErrorInfo","reason":"SERVICE_DISABLED","domain":"googleapis.com","metadata":{"consumer":"projects/376094928692","activationUrl":"https://console.developers.google.com/apis/api/compute.googleapis.com/overview?project=376094928692","serviceTitle":"Compute Engine API","containerInfo":"376094928692","service":"compute.googleapis.com"}},{"@type":"type.googleapis.com/google.rpc.LocalizedMessage","locale":"en-US","message":"Compute Engine API has not been used in project 376094928692 before or it is disabled. Enable it by visiting https://console.developers.google.com/apis/api/compute.googleapis.com/overview?project=376094928692 then retry. If you enabled this API recently, wait a few minutes for the action to propagate to our systems and retry."},{"@type":"type.googleapis.com/google.rpc.Help","links":[{"description":"Google developers console API activation","url":"https://console.developers.google.com/apis/api/compute.googleapis.com/overview?project=376094928692"}]}]}}
[debug] [2026-08-20T09:50:50.176Z] unable to look up default compute service account. Falling back to 376094928692-compute@developer.gserviceaccount.com. Error: {"name":"FirebaseError","children":[],"context":{"body":{"error":{"code":403,"message":"Compute Engine API has not been used in project 376094928692 before or it is disabled. Enable it by visiting https://console.developers.google.com/apis/api/compute.googleapis.com/overview?project=376094928692 then retry. If you enabled this API recently, wait a few minutes for the action to propagate to our systems and retry.","errors":[{"message":"Compute Engine API has not been used in project 376094928692 before or it is disabled. Enable it by visiting https://console.developers.google.com/apis/api/compute.googleapis.com/overview?project=376094928692 then retry. If you enabled this API recently, wait a few minutes for the action to propagate to our systems and retry.","domain":"usageLimits","reason":"accessNotConfigured","extendedHelp":"https://console.developers.google.com"}],"status":"PERMISSION_DENIED","details":[{"@type":"type.googleapis.com/google.rpc.ErrorInfo","reason":"SERVICE_DISABLED","domain":"googleapis.com","metadata":{"consumer":"projects/376094928692","activationUrl":"https://console.developers.google.com/apis/api/compute.googleapis.com/overview?project=376094928692","serviceTitle":"Compute Engine API","containerInfo":"376094928692","service":"compute.googleapis.com"}},{"@type":"type.googleapis.com/google.rpc.LocalizedMessage","locale":"en-US","message":"Compute Engine API has not been used in project 376094928692 before or it is disabled. Enable it by visiting https://console.developers.google.com/apis/api/compute.googleapis.com/overview?project=376094928692 then retry. If you enabled this API recently, wait a few minutes for the action to propagate to our systems and retry."},{"@type":"type.googleapis.com/google.rpc.Help","links":[{"description":"Google developers console API activation","url":"https://console.developers.google.com/apis/api/compute.googleapis.com/overview?project=376094928692"}]}]}},"response":{"statusCode":403}},"exit":1,"message":"Request to https://compute.googleapis.com/compute/v1/projects/376094928692 had HTTP Error: 403, Compute Engine API has not been used in project 376094928692 before or it is disabled. Enable it by visiting https://console.developers.google.com/apis/api/compute.googleapis.com/overview?project=376094928692 then retry. If you enabled this API recently, wait a few minutes for the action to propagate to our systems and retry.","status":403}
[debug] [2026-08-20T09:50:50.176Z] Checked if tokens are valid: true, expires at: 1787222614580
[debug] [2026-08-20T09:50:50.176Z] Checked if tokens are valid: true, expires at: 1787222614580
[debug] [2026-08-20T09:50:50.176Z] >>> [apiv2][query] GET https://compute.googleapis.com/compute/v1/projects/376094928692 [none]
[debug] [2026-08-20T09:50:50.545Z] <<< [apiv2][status] GET https://compute.googleapis.com/compute/v1/projects/376094928692 403
[debug] [2026-08-20T09:50:50.545Z] <<< [apiv2][body] GET https://compute.googleapis.com/compute/v1/projects/376094928692 {"error":{"code":403,"message":"Compute Engine API has not been used in project 376094928692 before or it is disabled. Enable it by visiting https://console.developers.google.com/apis/api/compute.googleapis.com/overview?project=376094928692 then retry. If you enabled this API recently, wait a few minutes for the action to propagate to our systems and retry.","errors":[{"message":"Compute Engine API has not been used in project 376094928692 before or it is disabled. Enable it by visiting https://console.developers.google.com/apis/api/compute.googleapis.com/overview?project=376094928692 then retry. If you enabled this API recently, wait a few minutes for the action to propagate to our systems and retry.","domain":"usageLimits","reason":"accessNotConfigured","extendedHelp":"https://console.developers.google.com"}],"status":"PERMISSION_DENIED","details":[{"@type":"type.googleapis.com/google.rpc.ErrorInfo","reason":"SERVICE_DISABLED","domain":"googleapis.com","metadata":{"activationUrl":"https://console.developers.google.com/apis/api/compute.googleapis.com/overview?project=376094928692","service":"compute.googleapis.com","serviceTitle":"Compute Engine API","consumer":"projects/376094928692","containerInfo":"376094928692"}},{"@type":"type.googleapis.com/google.rpc.LocalizedMessage","locale":"en-US","message":"Compute Engine API has not been used in project 376094928692 before or it is disabled. Enable it by visiting https://console.developers.google.com/apis/api/compute.googleapis.com/overview?project=376094928692 then retry. If you enabled this API recently, wait a few minutes for the action to propagate to our systems and retry."},{"@type":"type.googleapis.com/google.rpc.Help","links":[{"description":"Google developers console API activation","url":"https://console.developers.google.com/apis/api/compute.googleapis.com/overview?project=376094928692"}]}]}}
[debug] [2026-08-20T09:50:50.545Z] unable to look up default compute service account. Falling back to 376094928692-compute@developer.gserviceaccount.com. Error: {"name":"FirebaseError","children":[],"context":{"body":{"error":{"code":403,"message":"Compute Engine API has not been used in project 376094928692 before or it is disabled. Enable it by visiting https://console.developers.google.com/apis/api/compute.googleapis.com/overview?project=376094928692 then retry. If you enabled this API recently, wait a few minutes for the action to propagate to our systems and retry.","errors":[{"message":"Compute Engine API has not been used in project 376094928692 before or it is disabled. Enable it by visiting https://console.developers.google.com/apis/api/compute.googleapis.com/overview?project=376094928692 then retry. If you enabled this API recently, wait a few minutes for the action to propagate to our systems and retry.","domain":"usageLimits","reason":"accessNotConfigured","extendedHelp":"https://console.developers.google.com"}],"status":"PERMISSION_DENIED","details":[{"@type":"type.googleapis.com/google.rpc.ErrorInfo","reason":"SERVICE_DISABLED","domain":"googleapis.com","metadata":{"activationUrl":"https://console.developers.google.com/apis/api/compute.googleapis.com/overview?project=376094928692","service":"compute.googleapis.com","serviceTitle":"Compute Engine API","consumer":"projects/376094928692","containerInfo":"376094928692"}},{"@type":"type.googleapis.com/google.rpc.LocalizedMessage","locale":"en-US","message":"Compute Engine API has not been used in project 376094928692 before or it is disabled. Enable it by visiting https://console.developers.google.com/apis/api/compute.googleapis.com/overview?project=376094928692 then retry. If you enabled this API recently, wait a few minutes for the action to propagate to our systems and retry."},{"@type":"type.googleapis.com/google.rpc.Help","links":[{"description":"Google developers console API activation","url":"https://console.developers.google.com/apis/api/compute.googleapis.com/overview?project=376094928692"}]}]}},"response":{"statusCode":403}},"exit":1,"message":"Request to https://compute.googleapis.com/compute/v1/projects/376094928692 had HTTP Error: 403, Compute Engine API has not been used in project 376094928692 before or it is disabled. Enable it by visiting https://console.developers.google.com/apis/api/compute.googleapis.com/overview?project=376094928692 then retry. If you enabled this API recently, wait a few minutes for the action to propagate to our systems and retry.","status":403}
[info] i  functions: ensuring 376094928692-compute@developer.gserviceaccount.com access to secret ASAAS_API_KEY. 
[debug] [2026-08-20T09:50:50.546Z] Checked if tokens are valid: true, expires at: 1787222614580
[debug] [2026-08-20T09:50:50.546Z] Checked if tokens are valid: true, expires at: 1787222614580
[info] i  functions: ensuring 376094928692-compute@developer.gserviceaccount.com access to secret ASAAS_WEBHOOK_TOKEN. 
[debug] [2026-08-20T09:50:50.546Z] Checked if tokens are valid: true, expires at: 1787222614580
[debug] [2026-08-20T09:50:50.546Z] Checked if tokens are valid: true, expires at: 1787222614580
[debug] [2026-08-20T09:50:50.546Z] >>> [apiv2][query] GET https://secretmanager.googleapis.com/v1/projects/sensei-manager-d64c0/secrets/ASAAS_API_KEY:getIamPolicy [none]
[debug] [2026-08-20T09:50:50.547Z] >>> [apiv2][query] GET https://secretmanager.googleapis.com/v1/projects/sensei-manager-d64c0/secrets/ASAAS_WEBHOOK_TOKEN:getIamPolicy [none]
[debug] [2026-08-20T09:50:51.058Z] <<< [apiv2][status] GET https://secretmanager.googleapis.com/v1/projects/sensei-manager-d64c0/secrets/ASAAS_WEBHOOK_TOKEN:getIamPolicy 200
[debug] [2026-08-20T09:50:51.058Z] <<< [apiv2][body] GET https://secretmanager.googleapis.com/v1/projects/sensei-manager-d64c0/secrets/ASAAS_WEBHOOK_TOKEN:getIamPolicy {"version":1,"etag":"BwZZQf0iqpM=","bindings":[{"role":"roles/secretmanager.secretAccessor","members":["serviceAccount:376094928692-compute@developer.gserviceaccount.com"]}]}
[info] ✔  secretmanager: Granted roles/secretmanager.secretAccessor on projects/sensei-manager-d64c0/secrets/ASAAS_WEBHOOK_TOKEN to 376094928692-compute@developer.gserviceaccount.com 
[info] ✔  functions: ensured 376094928692-compute@developer.gserviceaccount.com access to ASAAS_WEBHOOK_TOKEN. 
[debug] [2026-08-20T09:50:51.113Z] <<< [apiv2][status] GET https://secretmanager.googleapis.com/v1/projects/sensei-manager-d64c0/secrets/ASAAS_API_KEY:getIamPolicy 200
[debug] [2026-08-20T09:50:51.113Z] <<< [apiv2][body] GET https://secretmanager.googleapis.com/v1/projects/sensei-manager-d64c0/secrets/ASAAS_API_KEY:getIamPolicy {"version":1,"etag":"BwZZQf0ing4=","bindings":[{"role":"roles/secretmanager.secretAccessor","members":["serviceAccount:376094928692-compute@developer.gserviceaccount.com"]}]}
[info] ✔  secretmanager: Granted roles/secretmanager.secretAccessor on projects/sensei-manager-d64c0/secrets/ASAAS_API_KEY to 376094928692-compute@developer.gserviceaccount.com 
[info] ✔  functions: ensured 376094928692-compute@developer.gserviceaccount.com access to ASAAS_API_KEY. 
[debug] [2026-08-20T09:50:51.115Z] Checked if tokens are valid: true, expires at: 1787222614580
[debug] [2026-08-20T09:50:51.115Z] Checked if tokens are valid: true, expires at: 1787222614580
[debug] [2026-08-20T09:50:51.115Z] >>> [apiv2][query] GET https://cloudbilling.googleapis.com/v1/projects/sensei-manager-d64c0/billingInfo [none]
[debug] [2026-08-20T09:50:52.248Z] <<< [apiv2][status] GET https://cloudbilling.googleapis.com/v1/projects/sensei-manager-d64c0/billingInfo 200
[debug] [2026-08-20T09:50:52.248Z] <<< [apiv2][body] GET https://cloudbilling.googleapis.com/v1/projects/sensei-manager-d64c0/billingInfo {"name":"projects/sensei-manager-d64c0/billingInfo","projectId":"sensei-manager-d64c0","billingAccountName":"billingAccounts/013649-FF426C-22FCBF","billingEnabled":true}
[debug] [2026-08-20T09:50:52.248Z] Checked if tokens are valid: true, expires at: 1787222614580
[debug] [2026-08-20T09:50:52.248Z] Checked if tokens are valid: true, expires at: 1787222614580
[debug] [2026-08-20T09:50:52.248Z] >>> [apiv2][query] POST https://cloudfunctions.googleapis.com/v2/projects/sensei-manager-d64c0/locations/us-central1/functions:generateUploadUrl [none]
[debug] [2026-08-20T09:50:53.418Z] <<< [apiv2][status] POST https://cloudfunctions.googleapis.com/v2/projects/sensei-manager-d64c0/locations/us-central1/functions:generateUploadUrl 200
[debug] [2026-08-20T09:50:53.418Z] <<< [apiv2][body] POST https://cloudfunctions.googleapis.com/v2/projects/sensei-manager-d64c0/locations/us-central1/functions:generateUploadUrl {"uploadUrl":"https://storage.googleapis.com/gcf-v2-uploads-376094928692.us-central1.cloudfunctions.appspot.com/9d7782be-2699-472e-9745-6963ad9e6283.zip?GoogleAccessId=service-376094928692@gcf-admin-robot.iam.gserviceaccount.com&Expires=1787221253&Signature=UAfK6IVDV5vYaO3cMboGLg0oscff0gMMS%2BdQPqOmM%2BVU7Wk0xC%2FC1Lwec8KRJxxREI%2F9e5zqeHFy8YP00eNAXR2CiW%2B6cW5jhAvQupiwEEkEnewmNntaXkoHnIxGFGteF6eZPrO0mZgrKJUC6gCknK8HenHNanjaL%2BpQ1nbp4EDdpEe1pvfo2RmOv739hI5F6vOIukwqTVxdzVMqFo%2FrATsYrbQQC%2BJqNEyCsfucdUSgsQn70MHfTZ6BeWqOeLOrtOVv5ocuhab4vOHNZ%2FYJHG2prTzin04%2BPu0ME2GpyqaDS3V6ZyeVx17YtQPI%2FV2Yp5YEEUIE7xCz1dKnAHoM4Q%3D%3D","storageSource":{"bucket":"gcf-v2-uploads-376094928692.us-central1.cloudfunctions.appspot.com","object":"9d7782be-2699-472e-9745-6963ad9e6283.zip"}}
[debug] [2026-08-20T09:50:53.419Z] >>> [apiv2][query] PUT https://storage.googleapis.com/gcf-v2-uploads-376094928692.us-central1.cloudfunctions.appspot.com/9d7782be-2699-472e-9745-6963ad9e6283.zip GoogleAccessId=service-376094928692%40gcf-admin-robot.iam.gserviceaccount.com&Expires=1787221253&Signature=UAfK6IVDV5vYaO3cMboGLg0oscff0gMMS%2BdQPqOmM%2BVU7Wk0xC%2FC1Lwec8KRJxxREI%2F9e5zqeHFy8YP00eNAXR2CiW%2B6cW5jhAvQupiwEEkEnewmNntaXkoHnIxGFGteF6eZPrO0mZgrKJUC6gCknK8HenHNanjaL%2BpQ1nbp4EDdpEe1pvfo2RmOv739hI5F6vOIukwqTVxdzVMqFo%2FrATsYrbQQC%2BJqNEyCsfucdUSgsQn70MHfTZ6BeWqOeLOrtOVv5ocuhab4vOHNZ%2FYJHG2prTzin04%2BPu0ME2GpyqaDS3V6ZyeVx17YtQPI%2FV2Yp5YEEUIE7xCz1dKnAHoM4Q%3D%3D
[debug] [2026-08-20T09:50:53.419Z] >>> [apiv2][body] PUT https://storage.googleapis.com/gcf-v2-uploads-376094928692.us-central1.cloudfunctions.appspot.com/9d7782be-2699-472e-9745-6963ad9e6283.zip [stream]
[debug] [2026-08-20T09:50:54.093Z] <<< [apiv2][status] PUT https://storage.googleapis.com/gcf-v2-uploads-376094928692.us-central1.cloudfunctions.appspot.com/9d7782be-2699-472e-9745-6963ad9e6283.zip 200
[debug] [2026-08-20T09:50:54.094Z] <<< [apiv2][body] PUT https://storage.googleapis.com/gcf-v2-uploads-376094928692.us-central1.cloudfunctions.appspot.com/9d7782be-2699-472e-9745-6963ad9e6283.zip [omitted]
[info] ✔  functions: functions source uploaded successfully 
[info] i  functions: updating Node.js 20 (2nd Gen) function criarSubcontaAcademia(us-central1)... 
[info] i  functions: updating Node.js 20 (2nd Gen) function verificarStatusAsaas(us-central1)... 
[info] i  functions: updating Node.js 20 (2nd Gen) function criarCobrancaPix(us-central1)... 
[info] i  functions: updating Node.js 20 (2nd Gen) function webhookAsaas(us-central1)... 
[debug] [2026-08-20T09:50:54.097Z] Checked if tokens are valid: true, expires at: 1787222614580
[debug] [2026-08-20T09:50:54.097Z] Checked if tokens are valid: true, expires at: 1787222614580
[debug] [2026-08-20T09:50:54.097Z] >>> [apiv2][query] PATCH https://cloudfunctions.googleapis.com/v2/projects/sensei-manager-d64c0/locations/us-central1/functions/criarSubcontaAcademia updateMask=name%2CbuildConfig.runtime%2CbuildConfig.entryPoint%2CbuildConfig.source.storageSource.bucket%2CbuildConfig.source.storageSource.object%2CbuildConfig.environmentVariables%2CbuildConfig.sourceToken%2CserviceConfig.environmentVariables%2CserviceConfig.secretEnvironmentVariables%2CserviceConfig.ingressSettings%2CserviceConfig.timeoutSeconds%2CserviceConfig.serviceAccountEmail%2CserviceConfig.availableMemory%2CserviceConfig.minInstanceCount%2CserviceConfig.maxInstanceCount%2CserviceConfig.maxInstanceRequestConcurrency%2CserviceConfig.availableCpu%2CserviceConfig.vpcConnector%2CserviceConfig.vpcConnectorEgressSettings%2CserviceConfig.directVpcNetworkInterface%2CserviceConfig.directVpcEgress%2Clabels
[debug] [2026-08-20T09:50:54.097Z] >>> [apiv2][body] PATCH https://cloudfunctions.googleapis.com/v2/projects/sensei-manager-d64c0/locations/us-central1/functions/criarSubcontaAcademia {"name":"projects/sensei-manager-d64c0/locations/us-central1/functions/criarSubcontaAcademia","buildConfig":{"runtime":"nodejs20","entryPoint":"criarSubcontaAcademia","source":{"storageSource":{"bucket":"gcf-v2-uploads-376094928692.us-central1.cloudfunctions.appspot.com","object":"9d7782be-2699-472e-9745-6963ad9e6283.zip"}},"environmentVariables":{"GOOGLE_NODE_RUN_SCRIPTS":""}},"serviceConfig":{"environmentVariables":{"FIREBASE_CONFIG":"{\"projectId\":\"sensei-manager-d64c0\",\"storageBucket\":\"sensei-manager-d64c0.firebasestorage.app\"}","GCLOUD_PROJECT":"sensei-manager-d64c0","EVENTARC_CLOUD_EVENT_SOURCE":"projects/sensei-manager-d64c0/locations/us-central1/services/criarSubcontaAcademia","FUNCTION_TARGET":"criarSubcontaAcademia","LOG_EXECUTION_ID":"true"},"secretEnvironmentVariables":[{"key":"ASAAS_API_KEY","secret":"ASAAS_API_KEY","projectId":"sensei-manager-d64c0","version":"1"}],"ingressSettings":null,"timeoutSeconds":null,"serviceAccountEmail":null,"availableMemory":"256Mi","minInstanceCount":null,"maxInstanceCount":null,"maxInstanceRequestConcurrency":80,"availableCpu":"1","vpcConnector":null,"vpcConnectorEgressSettings":null,"directVpcNetworkInterface":null,"directVpcEgress":null},"labels":{"deployment-tool":"cli-firebase","deployment-callable":"true","firebase-functions-hash":"bbc2f0e50f837243b6332780cdd9814ce9042c3a"}}
[debug] [2026-08-20T09:50:56.279Z] <<< [apiv2][status] PATCH https://cloudfunctions.googleapis.com/v2/projects/sensei-manager-d64c0/locations/us-central1/functions/criarSubcontaAcademia 200
[debug] [2026-08-20T09:50:56.279Z] <<< [apiv2][body] PATCH https://cloudfunctions.googleapis.com/v2/projects/sensei-manager-d64c0/locations/us-central1/functions/criarSubcontaAcademia {"name":"projects/sensei-manager-d64c0/locations/us-central1/operations/operation-1787219455028-6597774c0ac91-8fb8cb87-064d4849","metadata":{"@type":"type.googleapis.com/google.cloud.functions.v2.OperationMetadata","createTime":"2026-08-20T09:50:56.178208135Z","target":"projects/sensei-manager-d64c0/locations/us-central1/functions/criarSubcontaAcademia","verb":"update","cancelRequested":false,"apiVersion":"v2"},"done":false}
[debug] [2026-08-20T09:50:56.280Z] Checked if tokens are valid: true, expires at: 1787222614580
[debug] [2026-08-20T09:50:56.280Z] Checked if tokens are valid: true, expires at: 1787222614580
[debug] [2026-08-20T09:50:56.281Z] >>> [apiv2][query] GET https://cloudfunctions.googleapis.com/v2/projects/sensei-manager-d64c0/locations/us-central1/operations/operation-1787219455028-6597774c0ac91-8fb8cb87-064d4849 [none]
[debug] [2026-08-20T09:50:57.374Z] <<< [apiv2][status] GET https://cloudfunctions.googleapis.com/v2/projects/sensei-manager-d64c0/locations/us-central1/operations/operation-1787219455028-6597774c0ac91-8fb8cb87-064d4849 200
[debug] [2026-08-20T09:50:57.374Z] <<< [apiv2][body] GET https://cloudfunctions.googleapis.com/v2/projects/sensei-manager-d64c0/locations/us-central1/operations/operation-1787219455028-6597774c0ac91-8fb8cb87-064d4849 {"name":"projects/sensei-manager-d64c0/locations/us-central1/operations/operation-1787219455028-6597774c0ac91-8fb8cb87-064d4849","metadata":{"@type":"type.googleapis.com/google.cloud.functions.v2.OperationMetadata","createTime":"2026-08-20T09:50:56.178208135Z","target":"projects/sensei-manager-d64c0/locations/us-central1/functions/criarSubcontaAcademia","verb":"update","cancelRequested":false,"apiVersion":"v2","requestResource":{"@type":"type.googleapis.com/google.cloud.functions.v2.Function","name":"projects/sensei-manager-d64c0/locations/us-central1/functions/criarSubcontaAcademia","buildConfig":{"runtime":"nodejs20","entryPoint":"criarSubcontaAcademia","source":{"storageSource":{"bucket":"gcf-v2-sources-376094928692-us-central1","object":"criarSubcontaAcademia/function-source.zip","generation":"1787219456106494"}},"environmentVariables":{"GOOGLE_NODE_RUN_SCRIPTS":""},"dockerRepository":"projects/sensei-manager-d64c0/locations/us-central1/repositories/gcf-artifacts","sourceProvenance":{"resolvedStorageSource":{"bucket":"gcf-v2-sources-376094928692-us-central1","object":"criarSubcontaAcademia/function-source.zip","generation":"1786989821676536"}},"dockerRegistry":"ARTIFACT_REGISTRY","serviceAccount":"projects/sensei-manager-d64c0/serviceAccounts/376094928692-compute@developer.gserviceaccount.com","automaticUpdatePolicy":{}},"serviceConfig":{"service":"projects/sensei-manager-d64c0/locations/us-central1/services/criarsubcontaacademia","timeoutSeconds":60,"environmentVariables":{"FIREBASE_CONFIG":"{\"projectId\":\"sensei-manager-d64c0\",\"storageBucket\":\"sensei-manager-d64c0.firebasestorage.app\"}","GCLOUD_PROJECT":"sensei-manager-d64c0","EVENTARC_CLOUD_EVENT_SOURCE":"projects/sensei-manager-d64c0/locations/us-central1/services/criarSubcontaAcademia","FUNCTION_TARGET":"criarSubcontaAcademia","LOG_EXECUTION_ID":"true"},"ingressSettings":"ALLOW_ALL","serviceAccountEmail":"376094928692-compute@developer.gserviceaccount.com","availableMemory":"256Mi","secretEnvironmentVariables":[{"key":"ASAAS_API_KEY","projectId":"sensei-manager-d64c0","secret":"ASAAS_API_KEY","version":"1"}],"maxInstanceRequestConcurrency":80,"availableCpu":"1"},"state":"UNKNOWN","labels":{"deployment-callable":"true","firebase-functions-hash":"bbc2f0e50f837243b6332780cdd9814ce9042c3a"},"stateMessages":[{"severity":"ERROR","type":"CloudRunServiceNotFound","message":"Cloud Run service projects/sensei-manager-d64c0/locations/us-central1/services/criarsubcontaacademia for the function was not found. The function will not work correctly. Please redeploy."}],"environment":"GEN_2","url":"https://us-central1-sensei-manager-d64c0.cloudfunctions.net/criarSubcontaAcademia","satisfiesPzi":true},"stages":[{"name":"BUILD","message":"Build in progress","state":"IN_PROGRESS","resource":"projects/376094928692/locations/us-central1/builds/eee735a2-9045-47d3-8a26-83155d0e72b4","resourceUri":"https://console.cloud.google.com/cloud-build/builds;region=us-central1/eee735a2-9045-47d3-8a26-83155d0e72b4?project=376094928692"},{"name":"SERVICE","state":"NOT_STARTED"}],"operationType":"UPDATE_FUNCTION","buildName":"projects/376094928692/locations/us-central1/builds/eee735a2-9045-47d3-8a26-83155d0e72b4"},"done":false}
[debug] [2026-08-20T09:50:57.876Z] [update-default-us-central1-criarSubcontaAcademia] Retrying task index 0
[debug] [2026-08-20T09:50:57.876Z] Checked if tokens are valid: true, expires at: 1787222614580
[debug] [2026-08-20T09:50:57.876Z] Checked if tokens are valid: true, expires at: 1787222614580
[debug] [2026-08-20T09:50:57.877Z] >>> [apiv2][query] GET https://cloudfunctions.googleapis.com/v2/projects/sensei-manager-d64c0/locations/us-central1/operations/operation-1787219455028-6597774c0ac91-8fb8cb87-064d4849 [none]
[debug] [2026-08-20T09:50:58.944Z] <<< [apiv2][status] GET https://cloudfunctions.googleapis.com/v2/projects/sensei-manager-d64c0/locations/us-central1/operations/operation-1787219455028-6597774c0ac91-8fb8cb87-064d4849 200
[debug] [2026-08-20T09:50:58.944Z] <<< [apiv2][body] GET https://cloudfunctions.googleapis.com/v2/projects/sensei-manager-d64c0/locations/us-central1/operations/operation-1787219455028-6597774c0ac91-8fb8cb87-064d4849 {"name":"projects/sensei-manager-d64c0/locations/us-central1/operations/operation-1787219455028-6597774c0ac91-8fb8cb87-064d4849","metadata":{"@type":"type.googleapis.com/google.cloud.functions.v2.OperationMetadata","createTime":"2026-08-20T09:50:56.178208135Z","target":"projects/sensei-manager-d64c0/locations/us-central1/functions/criarSubcontaAcademia","verb":"update","cancelRequested":false,"apiVersion":"v2","requestResource":{"@type":"type.googleapis.com/google.cloud.functions.v2.Function","name":"projects/sensei-manager-d64c0/locations/us-central1/functions/criarSubcontaAcademia","buildConfig":{"runtime":"nodejs20","entryPoint":"criarSubcontaAcademia","source":{"storageSource":{"bucket":"gcf-v2-sources-376094928692-us-central1","object":"criarSubcontaAcademia/function-source.zip","generation":"1787219456106494"}},"environmentVariables":{"GOOGLE_NODE_RUN_SCRIPTS":""},"dockerRepository":"projects/sensei-manager-d64c0/locations/us-central1/repositories/gcf-artifacts","sourceProvenance":{"resolvedStorageSource":{"bucket":"gcf-v2-sources-376094928692-us-central1","object":"criarSubcontaAcademia/function-source.zip","generation":"1786989821676536"}},"dockerRegistry":"ARTIFACT_REGISTRY","serviceAccount":"projects/sensei-manager-d64c0/serviceAccounts/376094928692-compute@developer.gserviceaccount.com","automaticUpdatePolicy":{}},"serviceConfig":{"service":"projects/sensei-manager-d64c0/locations/us-central1/services/criarsubcontaacademia","timeoutSeconds":60,"environmentVariables":{"FIREBASE_CONFIG":"{\"projectId\":\"sensei-manager-d64c0\",\"storageBucket\":\"sensei-manager-d64c0.firebasestorage.app\"}","GCLOUD_PROJECT":"sensei-manager-d64c0","EVENTARC_CLOUD_EVENT_SOURCE":"projects/sensei-manager-d64c0/locations/us-central1/services/criarSubcontaAcademia","FUNCTION_TARGET":"criarSubcontaAcademia","LOG_EXECUTION_ID":"true"},"ingressSettings":"ALLOW_ALL","serviceAccountEmail":"376094928692-compute@developer.gserviceaccount.com","availableMemory":"256Mi","secretEnvironmentVariables":[{"key":"ASAAS_API_KEY","projectId":"sensei-manager-d64c0","secret":"ASAAS_API_KEY","version":"1"}],"maxInstanceRequestConcurrency":80,"availableCpu":"1"},"state":"UNKNOWN","labels":{"deployment-callable":"true","firebase-functions-hash":"bbc2f0e50f837243b6332780cdd9814ce9042c3a"},"stateMessages":[{"severity":"ERROR","type":"CloudRunServiceNotFound","message":"Cloud Run service projects/sensei-manager-d64c0/locations/us-central1/services/criarsubcontaacademia for the function was not found. The function will not work correctly. Please redeploy."}],"environment":"GEN_2","url":"https://us-central1-sensei-manager-d64c0.cloudfunctions.net/criarSubcontaAcademia","satisfiesPzi":true},"stages":[{"name":"BUILD","message":"Build in progress","state":"IN_PROGRESS","resource":"projects/376094928692/locations/us-central1/builds/eee735a2-9045-47d3-8a26-83155d0e72b4","resourceUri":"https://console.cloud.google.com/cloud-build/builds;region=us-central1/eee735a2-9045-47d3-8a26-83155d0e72b4?project=376094928692"},{"name":"SERVICE","state":"NOT_STARTED"}],"operationType":"UPDATE_FUNCTION","buildName":"projects/376094928692/locations/us-central1/builds/eee735a2-9045-47d3-8a26-83155d0e72b4"},"done":false}
[debug] [2026-08-20T09:50:59.945Z] [update-default-us-central1-criarSubcontaAcademia] Retrying task index 0
[debug] [2026-08-20T09:50:59.945Z] Checked if tokens are valid: true, expires at: 1787222614580
[debug] [2026-08-20T09:50:59.946Z] Checked if tokens are valid: true, expires at: 1787222614580
[debug] [2026-08-20T09:50:59.946Z] >>> [apiv2][query] GET https://cloudfunctions.googleapis.com/v2/projects/sensei-manager-d64c0/locations/us-central1/operations/operation-1787219455028-6597774c0ac91-8fb8cb87-064d4849 [none]
[debug] [2026-08-20T09:51:00.995Z] <<< [apiv2][status] GET https://cloudfunctions.googleapis.com/v2/projects/sensei-manager-d64c0/locations/us-central1/operations/operation-1787219455028-6597774c0ac91-8fb8cb87-064d4849 200
[debug] [2026-08-20T09:51:00.996Z] <<< [apiv2][body] GET https://cloudfunctions.googleapis.com/v2/projects/sensei-manager-d64c0/locations/us-central1/operations/operation-1787219455028-6597774c0ac91-8fb8cb87-064d4849 {"name":"projects/sensei-manager-d64c0/locations/us-central1/operations/operation-1787219455028-6597774c0ac91-8fb8cb87-064d4849","metadata":{"@type":"type.googleapis.com/google.cloud.functions.v2.OperationMetadata","createTime":"2026-08-20T09:50:56.178208135Z","target":"projects/sensei-manager-d64c0/locations/us-central1/functions/criarSubcontaAcademia","verb":"update","cancelRequested":false,"apiVersion":"v2","requestResource":{"@type":"type.googleapis.com/google.cloud.functions.v2.Function","name":"projects/sensei-manager-d64c0/locations/us-central1/functions/criarSubcontaAcademia","buildConfig":{"runtime":"nodejs20","entryPoint":"criarSubcontaAcademia","source":{"storageSource":{"bucket":"gcf-v2-sources-376094928692-us-central1","object":"criarSubcontaAcademia/function-source.zip","generation":"1787219456106494"}},"environmentVariables":{"GOOGLE_NODE_RUN_SCRIPTS":""},"dockerRepository":"projects/sensei-manager-d64c0/locations/us-central1/repositories/gcf-artifacts","sourceProvenance":{"resolvedStorageSource":{"bucket":"gcf-v2-sources-376094928692-us-central1","object":"criarSubcontaAcademia/function-source.zip","generation":"1786989821676536"}},"dockerRegistry":"ARTIFACT_REGISTRY","serviceAccount":"projects/sensei-manager-d64c0/serviceAccounts/376094928692-compute@developer.gserviceaccount.com","automaticUpdatePolicy":{}},"serviceConfig":{"service":"projects/sensei-manager-d64c0/locations/us-central1/services/criarsubcontaacademia","timeoutSeconds":60,"environmentVariables":{"FIREBASE_CONFIG":"{\"projectId\":\"sensei-manager-d64c0\",\"storageBucket\":\"sensei-manager-d64c0.firebasestorage.app\"}","GCLOUD_PROJECT":"sensei-manager-d64c0","EVENTARC_CLOUD_EVENT_SOURCE":"projects/sensei-manager-d64c0/locations/us-central1/services/criarSubcontaAcademia","FUNCTION_TARGET":"criarSubcontaAcademia","LOG_EXECUTION_ID":"true"},"ingressSettings":"ALLOW_ALL","serviceAccountEmail":"376094928692-compute@developer.gserviceaccount.com","availableMemory":"256Mi","secretEnvironmentVariables":[{"key":"ASAAS_API_KEY","projectId":"sensei-manager-d64c0","secret":"ASAAS_API_KEY","version":"1"}],"maxInstanceRequestConcurrency":80,"availableCpu":"1"},"state":"UNKNOWN","labels":{"deployment-callable":"true","firebase-functions-hash":"bbc2f0e50f837243b6332780cdd9814ce9042c3a"},"stateMessages":[{"severity":"ERROR","type":"CloudRunServiceNotFound","message":"Cloud Run service projects/sensei-manager-d64c0/locations/us-central1/services/criarsubcontaacademia for the function was not found. The function will not work correctly. Please redeploy."}],"environment":"GEN_2","url":"https://us-central1-sensei-manager-d64c0.cloudfunctions.net/criarSubcontaAcademia","satisfiesPzi":true},"stages":[{"name":"BUILD","message":"Build in progress","state":"IN_PROGRESS","resource":"projects/376094928692/locations/us-central1/builds/eee735a2-9045-47d3-8a26-83155d0e72b4","resourceUri":"https://console.cloud.google.com/cloud-build/builds;region=us-central1/eee735a2-9045-47d3-8a26-83155d0e72b4?project=376094928692"},{"name":"SERVICE","state":"NOT_STARTED"}],"operationType":"UPDATE_FUNCTION","buildName":"projects/376094928692/locations/us-central1/builds/eee735a2-9045-47d3-8a26-83155d0e72b4"},"done":false}
[debug] [2026-08-20T09:51:02.997Z] [update-default-us-central1-criarSubcontaAcademia] Retrying task index 0
[debug] [2026-08-20T09:51:02.997Z] Checked if tokens are valid: true, expires at: 1787222614580
[debug] [2026-08-20T09:51:02.997Z] Checked if tokens are valid: true, expires at: 1787222614580
[debug] [2026-08-20T09:51:02.998Z] >>> [apiv2][query] GET https://cloudfunctions.googleapis.com/v2/projects/sensei-manager-d64c0/locations/us-central1/operations/operation-1787219455028-6597774c0ac91-8fb8cb87-064d4849 [none]
[debug] [2026-08-20T09:51:03.966Z] <<< [apiv2][status] GET https://cloudfunctions.googleapis.com/v2/projects/sensei-manager-d64c0/locations/us-central1/operations/operation-1787219455028-6597774c0ac91-8fb8cb87-064d4849 200
[debug] [2026-08-20T09:51:03.966Z] <<< [apiv2][body] GET https://cloudfunctions.googleapis.com/v2/projects/sensei-manager-d64c0/locations/us-central1/operations/operation-1787219455028-6597774c0ac91-8fb8cb87-064d4849 {"name":"projects/sensei-manager-d64c0/locations/us-central1/operations/operation-1787219455028-6597774c0ac91-8fb8cb87-064d4849","metadata":{"@type":"type.googleapis.com/google.cloud.functions.v2.OperationMetadata","createTime":"2026-08-20T09:50:56.178208135Z","target":"projects/sensei-manager-d64c0/locations/us-central1/functions/criarSubcontaAcademia","verb":"update","cancelRequested":false,"apiVersion":"v2","requestResource":{"@type":"type.googleapis.com/google.cloud.functions.v2.Function","name":"projects/sensei-manager-d64c0/locations/us-central1/functions/criarSubcontaAcademia","buildConfig":{"runtime":"nodejs20","entryPoint":"criarSubcontaAcademia","source":{"storageSource":{"bucket":"gcf-v2-sources-376094928692-us-central1","object":"criarSubcontaAcademia/function-source.zip","generation":"1787219456106494"}},"environmentVariables":{"GOOGLE_NODE_RUN_SCRIPTS":""},"dockerRepository":"projects/sensei-manager-d64c0/locations/us-central1/repositories/gcf-artifacts","sourceProvenance":{"resolvedStorageSource":{"bucket":"gcf-v2-sources-376094928692-us-central1","object":"criarSubcontaAcademia/function-source.zip","generation":"1786989821676536"}},"dockerRegistry":"ARTIFACT_REGISTRY","serviceAccount":"projects/sensei-manager-d64c0/serviceAccounts/376094928692-compute@developer.gserviceaccount.com","automaticUpdatePolicy":{}},"serviceConfig":{"service":"projects/sensei-manager-d64c0/locations/us-central1/services/criarsubcontaacademia","timeoutSeconds":60,"environmentVariables":{"FIREBASE_CONFIG":"{\"projectId\":\"sensei-manager-d64c0\",\"storageBucket\":\"sensei-manager-d64c0.firebasestorage.app\"}","GCLOUD_PROJECT":"sensei-manager-d64c0","EVENTARC_CLOUD_EVENT_SOURCE":"projects/sensei-manager-d64c0/locations/us-central1/services/criarSubcontaAcademia","FUNCTION_TARGET":"criarSubcontaAcademia","LOG_EXECUTION_ID":"true"},"ingressSettings":"ALLOW_ALL","serviceAccountEmail":"376094928692-compute@developer.gserviceaccount.com","availableMemory":"256Mi","secretEnvironmentVariables":[{"key":"ASAAS_API_KEY","projectId":"sensei-manager-d64c0","secret":"ASAAS_API_KEY","version":"1"}],"maxInstanceRequestConcurrency":80,"availableCpu":"1"},"state":"UNKNOWN","labels":{"deployment-callable":"true","firebase-functions-hash":"bbc2f0e50f837243b6332780cdd9814ce9042c3a"},"stateMessages":[{"severity":"ERROR","type":"CloudRunServiceNotFound","message":"Cloud Run service projects/sensei-manager-d64c0/locations/us-central1/services/criarsubcontaacademia for the function was not found. The function will not work correctly. Please redeploy."}],"environment":"GEN_2","url":"https://us-central1-sensei-manager-d64c0.cloudfunctions.net/criarSubcontaAcademia","satisfiesPzi":true},"stages":[{"name":"BUILD","message":"Build in progress","state":"IN_PROGRESS","resource":"projects/376094928692/locations/us-central1/builds/eee735a2-9045-47d3-8a26-83155d0e72b4","resourceUri":"https://console.cloud.google.com/cloud-build/builds;region=us-central1/eee735a2-9045-47d3-8a26-83155d0e72b4?project=376094928692"},{"name":"SERVICE","state":"NOT_STARTED"}],"operationType":"UPDATE_FUNCTION","buildName":"projects/376094928692/locations/us-central1/builds/eee735a2-9045-47d3-8a26-83155d0e72b4"},"done":false}
[debug] [2026-08-20T09:51:07.967Z] [update-default-us-central1-criarSubcontaAcademia] Retrying task index 0
[debug] [2026-08-20T09:51:07.968Z] Checked if tokens are valid: true, expires at: 1787222614580
[debug] [2026-08-20T09:51:07.968Z] Checked if tokens are valid: true, expires at: 1787222614580
[debug] [2026-08-20T09:51:07.968Z] >>> [apiv2][query] GET https://cloudfunctions.googleapis.com/v2/projects/sensei-manager-d64c0/locations/us-central1/operations/operation-1787219455028-6597774c0ac91-8fb8cb87-064d4849 [none]
[debug] [2026-08-20T09:51:08.908Z] <<< [apiv2][status] GET https://cloudfunctions.googleapis.com/v2/projects/sensei-manager-d64c0/locations/us-central1/operations/operation-1787219455028-6597774c0ac91-8fb8cb87-064d4849 200
[debug] [2026-08-20T09:51:08.909Z] <<< [apiv2][body] GET https://cloudfunctions.googleapis.com/v2/projects/sensei-manager-d64c0/locations/us-central1/operations/operation-1787219455028-6597774c0ac91-8fb8cb87-064d4849 {"name":"projects/sensei-manager-d64c0/locations/us-central1/operations/operation-1787219455028-6597774c0ac91-8fb8cb87-064d4849","metadata":{"@type":"type.googleapis.com/google.cloud.functions.v2.OperationMetadata","createTime":"2026-08-20T09:50:56.178208135Z","target":"projects/sensei-manager-d64c0/locations/us-central1/functions/criarSubcontaAcademia","verb":"update","cancelRequested":false,"apiVersion":"v2","requestResource":{"@type":"type.googleapis.com/google.cloud.functions.v2.Function","name":"projects/sensei-manager-d64c0/locations/us-central1/functions/criarSubcontaAcademia","buildConfig":{"runtime":"nodejs20","entryPoint":"criarSubcontaAcademia","source":{"storageSource":{"bucket":"gcf-v2-sources-376094928692-us-central1","object":"criarSubcontaAcademia/function-source.zip","generation":"1787219456106494"}},"environmentVariables":{"GOOGLE_NODE_RUN_SCRIPTS":""},"dockerRepository":"projects/sensei-manager-d64c0/locations/us-central1/repositories/gcf-artifacts","sourceProvenance":{"resolvedStorageSource":{"bucket":"gcf-v2-sources-376094928692-us-central1","object":"criarSubcontaAcademia/function-source.zip","generation":"1786989821676536"}},"dockerRegistry":"ARTIFACT_REGISTRY","serviceAccount":"projects/sensei-manager-d64c0/serviceAccounts/376094928692-compute@developer.gserviceaccount.com","automaticUpdatePolicy":{}},"serviceConfig":{"service":"projects/sensei-manager-d64c0/locations/us-central1/services/criarsubcontaacademia","timeoutSeconds":60,"environmentVariables":{"FIREBASE_CONFIG":"{\"projectId\":\"sensei-manager-d64c0\",\"storageBucket\":\"sensei-manager-d64c0.firebasestorage.app\"}","GCLOUD_PROJECT":"sensei-manager-d64c0","EVENTARC_CLOUD_EVENT_SOURCE":"projects/sensei-manager-d64c0/locations/us-central1/services/criarSubcontaAcademia","FUNCTION_TARGET":"criarSubcontaAcademia","LOG_EXECUTION_ID":"true"},"ingressSettings":"ALLOW_ALL","serviceAccountEmail":"376094928692-compute@developer.gserviceaccount.com","availableMemory":"256Mi","secretEnvironmentVariables":[{"key":"ASAAS_API_KEY","projectId":"sensei-manager-d64c0","secret":"ASAAS_API_KEY","version":"1"}],"maxInstanceRequestConcurrency":80,"availableCpu":"1"},"state":"UNKNOWN","labels":{"deployment-callable":"true","firebase-functions-hash":"bbc2f0e50f837243b6332780cdd9814ce9042c3a"},"stateMessages":[{"severity":"ERROR","type":"CloudRunServiceNotFound","message":"Cloud Run service projects/sensei-manager-d64c0/locations/us-central1/services/criarsubcontaacademia for the function was not found. The function will not work correctly. Please redeploy."}],"environment":"GEN_2","url":"https://us-central1-sensei-manager-d64c0.cloudfunctions.net/criarSubcontaAcademia","satisfiesPzi":true},"stages":[{"name":"BUILD","message":"Build in progress","state":"IN_PROGRESS","resource":"projects/376094928692/locations/us-central1/builds/eee735a2-9045-47d3-8a26-83155d0e72b4","resourceUri":"https://console.cloud.google.com/cloud-build/builds;region=us-central1/eee735a2-9045-47d3-8a26-83155d0e72b4?project=376094928692"},{"name":"SERVICE","state":"NOT_STARTED"}],"operationType":"UPDATE_FUNCTION","buildName":"projects/376094928692/locations/us-central1/builds/eee735a2-9045-47d3-8a26-83155d0e72b4"},"done":false}
[debug] [2026-08-20T09:51:16.910Z] [update-default-us-central1-criarSubcontaAcademia] Retrying task index 0
[debug] [2026-08-20T09:51:16.911Z] Checked if tokens are valid: true, expires at: 1787222614580
[debug] [2026-08-20T09:51:16.911Z] Checked if tokens are valid: true, expires at: 1787222614580
[debug] [2026-08-20T09:51:16.911Z] >>> [apiv2][query] GET https://cloudfunctions.googleapis.com/v2/projects/sensei-manager-d64c0/locations/us-central1/operations/operation-1787219455028-6597774c0ac91-8fb8cb87-064d4849 [none]
[debug] [2026-08-20T09:51:17.980Z] <<< [apiv2][status] GET https://cloudfunctions.googleapis.com/v2/projects/sensei-manager-d64c0/locations/us-central1/operations/operation-1787219455028-6597774c0ac91-8fb8cb87-064d4849 200
[debug] [2026-08-20T09:51:17.981Z] <<< [apiv2][body] GET https://cloudfunctions.googleapis.com/v2/projects/sensei-manager-d64c0/locations/us-central1/operations/operation-1787219455028-6597774c0ac91-8fb8cb87-064d4849 {"name":"projects/sensei-manager-d64c0/locations/us-central1/operations/operation-1787219455028-6597774c0ac91-8fb8cb87-064d4849","metadata":{"@type":"type.googleapis.com/google.cloud.functions.v2.OperationMetadata","createTime":"2026-08-20T09:50:56.178208135Z","target":"projects/sensei-manager-d64c0/locations/us-central1/functions/criarSubcontaAcademia","verb":"update","cancelRequested":false,"apiVersion":"v2","requestResource":{"@type":"type.googleapis.com/google.cloud.functions.v2.Function","name":"projects/sensei-manager-d64c0/locations/us-central1/functions/criarSubcontaAcademia","buildConfig":{"runtime":"nodejs20","entryPoint":"criarSubcontaAcademia","source":{"storageSource":{"bucket":"gcf-v2-sources-376094928692-us-central1","object":"criarSubcontaAcademia/function-source.zip","generation":"1787219456106494"}},"environmentVariables":{"GOOGLE_NODE_RUN_SCRIPTS":""},"dockerRepository":"projects/sensei-manager-d64c0/locations/us-central1/repositories/gcf-artifacts","sourceProvenance":{"resolvedStorageSource":{"bucket":"gcf-v2-sources-376094928692-us-central1","object":"criarSubcontaAcademia/function-source.zip","generation":"1786989821676536"}},"dockerRegistry":"ARTIFACT_REGISTRY","serviceAccount":"projects/sensei-manager-d64c0/serviceAccounts/376094928692-compute@developer.gserviceaccount.com","automaticUpdatePolicy":{}},"serviceConfig":{"service":"projects/sensei-manager-d64c0/locations/us-central1/services/criarsubcontaacademia","timeoutSeconds":60,"environmentVariables":{"FIREBASE_CONFIG":"{\"projectId\":\"sensei-manager-d64c0\",\"storageBucket\":\"sensei-manager-d64c0.firebasestorage.app\"}","GCLOUD_PROJECT":"sensei-manager-d64c0","EVENTARC_CLOUD_EVENT_SOURCE":"projects/sensei-manager-d64c0/locations/us-central1/services/criarSubcontaAcademia","FUNCTION_TARGET":"criarSubcontaAcademia","LOG_EXECUTION_ID":"true"},"ingressSettings":"ALLOW_ALL","serviceAccountEmail":"376094928692-compute@developer.gserviceaccount.com","availableMemory":"256Mi","secretEnvironmentVariables":[{"key":"ASAAS_API_KEY","projectId":"sensei-manager-d64c0","secret":"ASAAS_API_KEY","version":"1"}],"maxInstanceRequestConcurrency":80,"availableCpu":"1"},"state":"UNKNOWN","labels":{"deployment-callable":"true","firebase-functions-hash":"bbc2f0e50f837243b6332780cdd9814ce9042c3a"},"stateMessages":[{"severity":"ERROR","type":"CloudRunServiceNotFound","message":"Cloud Run service projects/sensei-manager-d64c0/locations/us-central1/services/criarsubcontaacademia for the function was not found. The function will not work correctly. Please redeploy."}],"environment":"GEN_2","url":"https://us-central1-sensei-manager-d64c0.cloudfunctions.net/criarSubcontaAcademia","satisfiesPzi":true},"stages":[{"name":"BUILD","message":"Build in progress","state":"IN_PROGRESS","resource":"projects/376094928692/locations/us-central1/builds/eee735a2-9045-47d3-8a26-83155d0e72b4","resourceUri":"https://console.cloud.google.com/cloud-build/builds;region=us-central1/eee735a2-9045-47d3-8a26-83155d0e72b4?project=376094928692"},{"name":"SERVICE","state":"NOT_STARTED"}],"operationType":"UPDATE_FUNCTION","buildName":"projects/376094928692/locations/us-central1/builds/eee735a2-9045-47d3-8a26-83155d0e72b4"},"done":false}
[debug] [2026-08-20T09:51:27.982Z] [update-default-us-central1-criarSubcontaAcademia] Retrying task index 0
[debug] [2026-08-20T09:51:27.983Z] Checked if tokens are valid: true, expires at: 1787222614580
[debug] [2026-08-20T09:51:27.983Z] Checked if tokens are valid: true, expires at: 1787222614580
[debug] [2026-08-20T09:51:27.983Z] >>> [apiv2][query] GET https://cloudfunctions.googleapis.com/v2/projects/sensei-manager-d64c0/locations/us-central1/operations/operation-1787219455028-6597774c0ac91-8fb8cb87-064d4849 [none]
[debug] [2026-08-20T09:51:29.031Z] <<< [apiv2][status] GET https://cloudfunctions.googleapis.com/v2/projects/sensei-manager-d64c0/locations/us-central1/operations/operation-1787219455028-6597774c0ac91-8fb8cb87-064d4849 200
[debug] [2026-08-20T09:51:29.032Z] <<< [apiv2][body] GET https://cloudfunctions.googleapis.com/v2/projects/sensei-manager-d64c0/locations/us-central1/operations/operation-1787219455028-6597774c0ac91-8fb8cb87-064d4849 {"name":"projects/sensei-manager-d64c0/locations/us-central1/operations/operation-1787219455028-6597774c0ac91-8fb8cb87-064d4849","metadata":{"@type":"type.googleapis.com/google.cloud.functions.v2.OperationMetadata","createTime":"2026-08-20T09:50:56.178208135Z","endTime":"2026-08-20T09:51:27.910436283Z","target":"projects/sensei-manager-d64c0/locations/us-central1/functions/criarSubcontaAcademia","verb":"update","cancelRequested":false,"apiVersion":"v2","requestResource":{"@type":"type.googleapis.com/google.cloud.functions.v2.Function","name":"projects/sensei-manager-d64c0/locations/us-central1/functions/criarSubcontaAcademia","buildConfig":{"runtime":"nodejs20","entryPoint":"criarSubcontaAcademia","source":{"storageSource":{"bucket":"gcf-v2-sources-376094928692-us-central1","object":"criarSubcontaAcademia/function-source.zip","generation":"1787219456106494"}},"environmentVariables":{"GOOGLE_NODE_RUN_SCRIPTS":""},"dockerRepository":"projects/sensei-manager-d64c0/locations/us-central1/repositories/gcf-artifacts","sourceProvenance":{"resolvedStorageSource":{"bucket":"gcf-v2-sources-376094928692-us-central1","object":"criarSubcontaAcademia/function-source.zip","generation":"1786989821676536"}},"dockerRegistry":"ARTIFACT_REGISTRY","serviceAccount":"projects/sensei-manager-d64c0/serviceAccounts/376094928692-compute@developer.gserviceaccount.com","automaticUpdatePolicy":{}},"serviceConfig":{"service":"projects/sensei-manager-d64c0/locations/us-central1/services/criarsubcontaacademia","timeoutSeconds":60,"environmentVariables":{"FIREBASE_CONFIG":"{\"projectId\":\"sensei-manager-d64c0\",\"storageBucket\":\"sensei-manager-d64c0.firebasestorage.app\"}","GCLOUD_PROJECT":"sensei-manager-d64c0","EVENTARC_CLOUD_EVENT_SOURCE":"projects/sensei-manager-d64c0/locations/us-central1/services/criarSubcontaAcademia","FUNCTION_TARGET":"criarSubcontaAcademia","LOG_EXECUTION_ID":"true"},"ingressSettings":"ALLOW_ALL","serviceAccountEmail":"376094928692-compute@developer.gserviceaccount.com","availableMemory":"256Mi","secretEnvironmentVariables":[{"key":"ASAAS_API_KEY","projectId":"sensei-manager-d64c0","secret":"ASAAS_API_KEY","version":"1"}],"maxInstanceRequestConcurrency":80,"availableCpu":"1"},"state":"UNKNOWN","labels":{"deployment-callable":"true","firebase-functions-hash":"bbc2f0e50f837243b6332780cdd9814ce9042c3a"},"stateMessages":[{"severity":"ERROR","type":"CloudRunServiceNotFound","message":"Cloud Run service projects/sensei-manager-d64c0/locations/us-central1/services/criarsubcontaacademia for the function was not found. The function will not work correctly. Please redeploy."}],"environment":"GEN_2","url":"https://us-central1-sensei-manager-d64c0.cloudfunctions.net/criarSubcontaAcademia","satisfiesPzi":true},"stages":[{"name":"SERVICE","state":"NOT_STARTED"}],"operationType":"UPDATE_FUNCTION"},"done":true,"error":{"code":3,"message":"Build failed with status: FAILURE. Could not build the function due to a missing permission on the build service account. If you didn't revoke that permission explicitly, this could be caused by a change in the organization policies. Please refer to the following documentation for more details and resolution: https://cloud.google.com/functions/docs/troubleshooting#build-service-account\n You can also view the logs at https://console.cloud.google.com/cloud-build/builds;region=us-central1/eee735a2-9045-47d3-8a26-83155d0e72b4?project=376094928692.\n"}}
[debug] [2026-08-20T09:51:29.032Z] Got source token undefined for region us-central1
[debug] [2026-08-20T09:51:29.032Z] Checked if tokens are valid: true, expires at: 1787222614580
[debug] [2026-08-20T09:51:29.032Z] Checked if tokens are valid: true, expires at: 1787222614580
[debug] [2026-08-20T09:51:29.032Z] Checked if tokens are valid: true, expires at: 1787222614580
[debug] [2026-08-20T09:51:29.032Z] Checked if tokens are valid: true, expires at: 1787222614580
[debug] [2026-08-20T09:51:29.032Z] Checked if tokens are valid: true, expires at: 1787222614580
[debug] [2026-08-20T09:51:29.032Z] Checked if tokens are valid: true, expires at: 1787222614580
[debug] [2026-08-20T09:51:29.032Z] >>> [apiv2][query] PATCH https://cloudfunctions.googleapis.com/v2/projects/sensei-manager-d64c0/locations/us-central1/functions/verificarStatusAsaas updateMask=name%2CbuildConfig.runtime%2CbuildConfig.entryPoint%2CbuildConfig.source.storageSource.bucket%2CbuildConfig.source.storageSource.object%2CbuildConfig.environmentVariables%2CbuildConfig.sourceToken%2CserviceConfig.environmentVariables%2CserviceConfig.secretEnvironmentVariables%2CserviceConfig.ingressSettings%2CserviceConfig.timeoutSeconds%2CserviceConfig.serviceAccountEmail%2CserviceConfig.availableMemory%2CserviceConfig.minInstanceCount%2CserviceConfig.maxInstanceCount%2CserviceConfig.maxInstanceRequestConcurrency%2CserviceConfig.availableCpu%2CserviceConfig.vpcConnector%2CserviceConfig.vpcConnectorEgressSettings%2CserviceConfig.directVpcNetworkInterface%2CserviceConfig.directVpcEgress%2Clabels
[debug] [2026-08-20T09:51:29.032Z] >>> [apiv2][body] PATCH https://cloudfunctions.googleapis.com/v2/projects/sensei-manager-d64c0/locations/us-central1/functions/verificarStatusAsaas {"name":"projects/sensei-manager-d64c0/locations/us-central1/functions/verificarStatusAsaas","buildConfig":{"runtime":"nodejs20","entryPoint":"verificarStatusAsaas","source":{"storageSource":{"bucket":"gcf-v2-uploads-376094928692.us-central1.cloudfunctions.appspot.com","object":"9d7782be-2699-472e-9745-6963ad9e6283.zip"}},"environmentVariables":{"GOOGLE_NODE_RUN_SCRIPTS":""}},"serviceConfig":{"environmentVariables":{"FIREBASE_CONFIG":"{\"projectId\":\"sensei-manager-d64c0\",\"storageBucket\":\"sensei-manager-d64c0.firebasestorage.app\"}","GCLOUD_PROJECT":"sensei-manager-d64c0","EVENTARC_CLOUD_EVENT_SOURCE":"projects/sensei-manager-d64c0/locations/us-central1/services/verificarStatusAsaas","FUNCTION_TARGET":"verificarStatusAsaas","LOG_EXECUTION_ID":"true"},"secretEnvironmentVariables":[{"key":"ASAAS_API_KEY","secret":"ASAAS_API_KEY","projectId":"sensei-manager-d64c0","version":"1"}],"ingressSettings":null,"timeoutSeconds":null,"serviceAccountEmail":null,"availableMemory":"256Mi","minInstanceCount":null,"maxInstanceCount":null,"maxInstanceRequestConcurrency":80,"availableCpu":"1","vpcConnector":null,"vpcConnectorEgressSettings":null,"directVpcNetworkInterface":null,"directVpcEgress":null},"labels":{"deployment-tool":"cli-firebase","deployment-callable":"true","firebase-functions-hash":"bbc2f0e50f837243b6332780cdd9814ce9042c3a"}}
[debug] [2026-08-20T09:51:29.033Z] >>> [apiv2][query] PATCH https://cloudfunctions.googleapis.com/v2/projects/sensei-manager-d64c0/locations/us-central1/functions/criarCobrancaPix updateMask=name%2CbuildConfig.runtime%2CbuildConfig.entryPoint%2CbuildConfig.source.storageSource.bucket%2CbuildConfig.source.storageSource.object%2CbuildConfig.environmentVariables%2CbuildConfig.sourceToken%2CserviceConfig.environmentVariables%2CserviceConfig.secretEnvironmentVariables%2CserviceConfig.ingressSettings%2CserviceConfig.timeoutSeconds%2CserviceConfig.serviceAccountEmail%2CserviceConfig.availableMemory%2CserviceConfig.minInstanceCount%2CserviceConfig.maxInstanceCount%2CserviceConfig.maxInstanceRequestConcurrency%2CserviceConfig.availableCpu%2CserviceConfig.vpcConnector%2CserviceConfig.vpcConnectorEgressSettings%2CserviceConfig.directVpcNetworkInterface%2CserviceConfig.directVpcEgress%2Clabels
[debug] [2026-08-20T09:51:29.033Z] >>> [apiv2][body] PATCH https://cloudfunctions.googleapis.com/v2/projects/sensei-manager-d64c0/locations/us-central1/functions/criarCobrancaPix {"name":"projects/sensei-manager-d64c0/locations/us-central1/functions/criarCobrancaPix","buildConfig":{"runtime":"nodejs20","entryPoint":"criarCobrancaPix","source":{"storageSource":{"bucket":"gcf-v2-uploads-376094928692.us-central1.cloudfunctions.appspot.com","object":"9d7782be-2699-472e-9745-6963ad9e6283.zip"}},"environmentVariables":{"GOOGLE_NODE_RUN_SCRIPTS":""}},"serviceConfig":{"environmentVariables":{"FIREBASE_CONFIG":"{\"projectId\":\"sensei-manager-d64c0\",\"storageBucket\":\"sensei-manager-d64c0.firebasestorage.app\"}","GCLOUD_PROJECT":"sensei-manager-d64c0","EVENTARC_CLOUD_EVENT_SOURCE":"projects/sensei-manager-d64c0/locations/us-central1/services/criarCobrancaPix","FUNCTION_TARGET":"criarCobrancaPix","LOG_EXECUTION_ID":"true"},"secretEnvironmentVariables":[{"key":"ASAAS_API_KEY","secret":"ASAAS_API_KEY","projectId":"sensei-manager-d64c0","version":"1"}],"ingressSettings":null,"timeoutSeconds":null,"serviceAccountEmail":null,"availableMemory":"256Mi","minInstanceCount":null,"maxInstanceCount":null,"maxInstanceRequestConcurrency":80,"availableCpu":"1","vpcConnector":null,"vpcConnectorEgressSettings":null,"directVpcNetworkInterface":null,"directVpcEgress":null},"labels":{"deployment-tool":"cli-firebase","deployment-callable":"true","firebase-functions-hash":"bbc2f0e50f837243b6332780cdd9814ce9042c3a"}}
[debug] [2026-08-20T09:51:29.034Z] >>> [apiv2][query] PATCH https://cloudfunctions.googleapis.com/v2/projects/sensei-manager-d64c0/locations/us-central1/functions/webhookAsaas updateMask=name%2CbuildConfig.runtime%2CbuildConfig.entryPoint%2CbuildConfig.source.storageSource.bucket%2CbuildConfig.source.storageSource.object%2CbuildConfig.environmentVariables%2CbuildConfig.sourceToken%2CserviceConfig.environmentVariables%2CserviceConfig.secretEnvironmentVariables%2CserviceConfig.ingressSettings%2CserviceConfig.timeoutSeconds%2CserviceConfig.serviceAccountEmail%2CserviceConfig.availableMemory%2CserviceConfig.minInstanceCount%2CserviceConfig.maxInstanceCount%2CserviceConfig.maxInstanceRequestConcurrency%2CserviceConfig.availableCpu%2CserviceConfig.vpcConnector%2CserviceConfig.vpcConnectorEgressSettings%2CserviceConfig.directVpcNetworkInterface%2CserviceConfig.directVpcEgress%2Clabels
[debug] [2026-08-20T09:51:29.034Z] >>> [apiv2][body] PATCH https://cloudfunctions.googleapis.com/v2/projects/sensei-manager-d64c0/locations/us-central1/functions/webhookAsaas {"name":"projects/sensei-manager-d64c0/locations/us-central1/functions/webhookAsaas","buildConfig":{"runtime":"nodejs20","entryPoint":"webhookAsaas","source":{"storageSource":{"bucket":"gcf-v2-uploads-376094928692.us-central1.cloudfunctions.appspot.com","object":"9d7782be-2699-472e-9745-6963ad9e6283.zip"}},"environmentVariables":{"GOOGLE_NODE_RUN_SCRIPTS":""}},"serviceConfig":{"environmentVariables":{"FIREBASE_CONFIG":"{\"projectId\":\"sensei-manager-d64c0\",\"storageBucket\":\"sensei-manager-d64c0.firebasestorage.app\"}","GCLOUD_PROJECT":"sensei-manager-d64c0","EVENTARC_CLOUD_EVENT_SOURCE":"projects/sensei-manager-d64c0/locations/us-central1/services/webhookAsaas","FUNCTION_TARGET":"webhookAsaas","LOG_EXECUTION_ID":"true"},"secretEnvironmentVariables":[{"key":"ASAAS_WEBHOOK_TOKEN","secret":"ASAAS_WEBHOOK_TOKEN","projectId":"sensei-manager-d64c0","version":"1"}],"ingressSettings":null,"timeoutSeconds":null,"serviceAccountEmail":null,"availableMemory":"256Mi","minInstanceCount":null,"maxInstanceCount":null,"maxInstanceRequestConcurrency":80,"availableCpu":"1","vpcConnector":null,"vpcConnectorEgressSettings":null,"directVpcNetworkInterface":null,"directVpcEgress":null},"labels":{"deployment-tool":"cli-firebase","firebase-functions-hash":"57636b5a224fd2a5e0f1d825b2658881cd8fdb30"}}
[error] Build failed with status: FAILURE. Could not build the function due to a missing permission on the build service account. If you didn't revoke that permission explicitly, this could be caused by a change in the organization policies. Please refer to the following documentation for more details and resolution: https://cloud.google.com/functions/docs/troubleshooting#build-service-account
 You can also view the logs at https://console.cloud.google.com/cloud-build/builds;region=us-central1/eee735a2-9045-47d3-8a26-83155d0e72b4?project=376094928692.

[debug] [2026-08-20T09:51:31.012Z] <<< [apiv2][status] PATCH https://cloudfunctions.googleapis.com/v2/projects/sensei-manager-d64c0/locations/us-central1/functions/webhookAsaas 200
[debug] [2026-08-20T09:51:31.012Z] <<< [apiv2][body] PATCH https://cloudfunctions.googleapis.com/v2/projects/sensei-manager-d64c0/locations/us-central1/functions/webhookAsaas {"name":"projects/sensei-manager-d64c0/locations/us-central1/operations/operation-1787219490013-6597776d68016-1ff2614c-ba54739a","metadata":{"@type":"type.googleapis.com/google.cloud.functions.v2.OperationMetadata","createTime":"2026-08-20T09:51:30.904609090Z","target":"projects/sensei-manager-d64c0/locations/us-central1/functions/webhookAsaas","verb":"update","cancelRequested":false,"apiVersion":"v2"},"done":false}
[debug] [2026-08-20T09:51:31.013Z] Checked if tokens are valid: true, expires at: 1787222614580
[debug] [2026-08-20T09:51:31.013Z] Checked if tokens are valid: true, expires at: 1787222614580
[debug] [2026-08-20T09:51:31.013Z] >>> [apiv2][query] GET https://cloudfunctions.googleapis.com/v2/projects/sensei-manager-d64c0/locations/us-central1/operations/operation-1787219490013-6597776d68016-1ff2614c-ba54739a [none]
[debug] [2026-08-20T09:51:31.032Z] <<< [apiv2][status] PATCH https://cloudfunctions.googleapis.com/v2/projects/sensei-manager-d64c0/locations/us-central1/functions/verificarStatusAsaas 200
[debug] [2026-08-20T09:51:31.032Z] <<< [apiv2][body] PATCH https://cloudfunctions.googleapis.com/v2/projects/sensei-manager-d64c0/locations/us-central1/functions/verificarStatusAsaas {"name":"projects/sensei-manager-d64c0/locations/us-central1/operations/operation-1787219490001-6597776d650b0-ad9399bb-0165f73f","metadata":{"@type":"type.googleapis.com/google.cloud.functions.v2.OperationMetadata","createTime":"2026-08-20T09:51:30.918529264Z","target":"projects/sensei-manager-d64c0/locations/us-central1/functions/verificarStatusAsaas","verb":"update","cancelRequested":false,"apiVersion":"v2"},"done":false}
[debug] [2026-08-20T09:51:31.032Z] Checked if tokens are valid: true, expires at: 1787222614580
[debug] [2026-08-20T09:51:31.032Z] Checked if tokens are valid: true, expires at: 1787222614580
[debug] [2026-08-20T09:51:31.033Z] >>> [apiv2][query] GET https://cloudfunctions.googleapis.com/v2/projects/sensei-manager-d64c0/locations/us-central1/operations/operation-1787219490001-6597776d650b0-ad9399bb-0165f73f [none]
[debug] [2026-08-20T09:51:31.168Z] <<< [apiv2][status] PATCH https://cloudfunctions.googleapis.com/v2/projects/sensei-manager-d64c0/locations/us-central1/functions/criarCobrancaPix 200
[debug] [2026-08-20T09:51:31.169Z] <<< [apiv2][body] PATCH https://cloudfunctions.googleapis.com/v2/projects/sensei-manager-d64c0/locations/us-central1/functions/criarCobrancaPix {"name":"projects/sensei-manager-d64c0/locations/us-central1/operations/operation-1787219489957-6597776d5a78d-f88708f0-3dec7ebd","metadata":{"@type":"type.googleapis.com/google.cloud.functions.v2.OperationMetadata","createTime":"2026-08-20T09:51:31.049983624Z","target":"projects/sensei-manager-d64c0/locations/us-central1/functions/criarCobrancaPix","verb":"update","cancelRequested":false,"apiVersion":"v2"},"done":false}
[debug] [2026-08-20T09:51:31.169Z] Checked if tokens are valid: true, expires at: 1787222614580
[debug] [2026-08-20T09:51:31.169Z] Checked if tokens are valid: true, expires at: 1787222614580
[debug] [2026-08-20T09:51:31.169Z] >>> [apiv2][query] GET https://cloudfunctions.googleapis.com/v2/projects/sensei-manager-d64c0/locations/us-central1/operations/operation-1787219489957-6597776d5a78d-f88708f0-3dec7ebd [none]
[debug] [2026-08-20T09:51:32.021Z] <<< [apiv2][status] GET https://cloudfunctions.googleapis.com/v2/projects/sensei-manager-d64c0/locations/us-central1/operations/operation-1787219490001-6597776d650b0-ad9399bb-0165f73f 200
[debug] [2026-08-20T09:51:32.022Z] <<< [apiv2][body] GET https://cloudfunctions.googleapis.com/v2/projects/sensei-manager-d64c0/locations/us-central1/operations/operation-1787219490001-6597776d650b0-ad9399bb-0165f73f {"name":"projects/sensei-manager-d64c0/locations/us-central1/operations/operation-1787219490001-6597776d650b0-ad9399bb-0165f73f","metadata":{"@type":"type.googleapis.com/google.cloud.functions.v2.OperationMetadata","createTime":"2026-08-20T09:51:30.918529264Z","target":"projects/sensei-manager-d64c0/locations/us-central1/functions/verificarStatusAsaas","verb":"update","cancelRequested":false,"apiVersion":"v2","requestResource":{"@type":"type.googleapis.com/google.cloud.functions.v2.Function","name":"projects/sensei-manager-d64c0/locations/us-central1/functions/verificarStatusAsaas","buildConfig":{"runtime":"nodejs20","entryPoint":"verificarStatusAsaas","source":{"storageSource":{"bucket":"gcf-v2-sources-376094928692-us-central1","object":"verificarStatusAsaas/function-source.zip","generation":"1787219490860211"}},"environmentVariables":{"GOOGLE_NODE_RUN_SCRIPTS":""},"dockerRepository":"projects/sensei-manager-d64c0/locations/us-central1/repositories/gcf-artifacts","sourceProvenance":{"resolvedStorageSource":{"bucket":"gcf-v2-sources-376094928692-us-central1","object":"verificarStatusAsaas/function-source.zip","generation":"1786989866286603"}},"dockerRegistry":"ARTIFACT_REGISTRY","serviceAccount":"projects/sensei-manager-d64c0/serviceAccounts/376094928692-compute@developer.gserviceaccount.com","automaticUpdatePolicy":{}},"serviceConfig":{"service":"projects/sensei-manager-d64c0/locations/us-central1/services/verificarstatusasaas","timeoutSeconds":60,"environmentVariables":{"FIREBASE_CONFIG":"{\"projectId\":\"sensei-manager-d64c0\",\"storageBucket\":\"sensei-manager-d64c0.firebasestorage.app\"}","GCLOUD_PROJECT":"sensei-manager-d64c0","EVENTARC_CLOUD_EVENT_SOURCE":"projects/sensei-manager-d64c0/locations/us-central1/services/verificarStatusAsaas","FUNCTION_TARGET":"verificarStatusAsaas","LOG_EXECUTION_ID":"true"},"ingressSettings":"ALLOW_ALL","serviceAccountEmail":"376094928692-compute@developer.gserviceaccount.com","availableMemory":"256Mi","secretEnvironmentVariables":[{"key":"ASAAS_API_KEY","projectId":"sensei-manager-d64c0","secret":"ASAAS_API_KEY","version":"1"}],"maxInstanceRequestConcurrency":80,"availableCpu":"1"},"state":"UNKNOWN","labels":{"deployment-callable":"true","firebase-functions-hash":"bbc2f0e50f837243b6332780cdd9814ce9042c3a"},"stateMessages":[{"severity":"ERROR","type":"CloudRunServiceNotFound","message":"Cloud Run service projects/sensei-manager-d64c0/locations/us-central1/services/verificarstatusasaas for the function was not found. The function will not work correctly. Please redeploy."}],"environment":"GEN_2","url":"https://us-central1-sensei-manager-d64c0.cloudfunctions.net/verificarStatusAsaas","satisfiesPzi":true},"stages":[{"name":"BUILD","message":"Creating build","state":"IN_PROGRESS","resource":"projects/376094928692/locations/us-central1/builds/c531c28f-e364-479e-85ae-2eff3952501a","resourceUri":"https://console.cloud.google.com/cloud-build/builds;region=us-central1/c531c28f-e364-479e-85ae-2eff3952501a?project=376094928692"},{"name":"SERVICE","state":"NOT_STARTED"}],"operationType":"UPDATE_FUNCTION","buildName":"projects/376094928692/locations/us-central1/builds/c531c28f-e364-479e-85ae-2eff3952501a"},"done":false}
[debug] [2026-08-20T09:51:32.022Z] <<< [apiv2][status] GET https://cloudfunctions.googleapis.com/v2/projects/sensei-manager-d64c0/locations/us-central1/operations/operation-1787219490013-6597776d68016-1ff2614c-ba54739a 200
[debug] [2026-08-20T09:51:32.022Z] <<< [apiv2][body] GET https://cloudfunctions.googleapis.com/v2/projects/sensei-manager-d64c0/locations/us-central1/operations/operation-1787219490013-6597776d68016-1ff2614c-ba54739a {"name":"projects/sensei-manager-d64c0/locations/us-central1/operations/operation-1787219490013-6597776d68016-1ff2614c-ba54739a","metadata":{"@type":"type.googleapis.com/google.cloud.functions.v2.OperationMetadata","createTime":"2026-08-20T09:51:30.904609090Z","target":"projects/sensei-manager-d64c0/locations/us-central1/functions/webhookAsaas","verb":"update","cancelRequested":false,"apiVersion":"v2","requestResource":{"@type":"type.googleapis.com/google.cloud.functions.v2.Function","name":"projects/sensei-manager-d64c0/locations/us-central1/functions/webhookAsaas","buildConfig":{"runtime":"nodejs20","entryPoint":"webhookAsaas","source":{"storageSource":{"bucket":"gcf-v2-sources-376094928692-us-central1","object":"webhookAsaas/function-source.zip","generation":"1787219490841082"}},"environmentVariables":{"GOOGLE_NODE_RUN_SCRIPTS":""},"dockerRepository":"projects/sensei-manager-d64c0/locations/us-central1/repositories/gcf-artifacts","sourceProvenance":{"resolvedStorageSource":{"bucket":"gcf-v2-sources-376094928692-us-central1","object":"webhookAsaas/function-source.zip","generation":"1786989867148965"}},"dockerRegistry":"ARTIFACT_REGISTRY","serviceAccount":"projects/sensei-manager-d64c0/serviceAccounts/376094928692-compute@developer.gserviceaccount.com","automaticUpdatePolicy":{}},"serviceConfig":{"service":"projects/sensei-manager-d64c0/locations/us-central1/services/webhookasaas","timeoutSeconds":60,"environmentVariables":{"FIREBASE_CONFIG":"{\"projectId\":\"sensei-manager-d64c0\",\"storageBucket\":\"sensei-manager-d64c0.firebasestorage.app\"}","GCLOUD_PROJECT":"sensei-manager-d64c0","EVENTARC_CLOUD_EVENT_SOURCE":"projects/sensei-manager-d64c0/locations/us-central1/services/webhookAsaas","FUNCTION_TARGET":"webhookAsaas","LOG_EXECUTION_ID":"true"},"ingressSettings":"ALLOW_ALL","serviceAccountEmail":"376094928692-compute@developer.gserviceaccount.com","availableMemory":"256Mi","secretEnvironmentVariables":[{"key":"ASAAS_WEBHOOK_TOKEN","projectId":"sensei-manager-d64c0","secret":"ASAAS_WEBHOOK_TOKEN","version":"1"}],"maxInstanceRequestConcurrency":80,"availableCpu":"1"},"state":"UNKNOWN","labels":{"firebase-functions-hash":"57636b5a224fd2a5e0f1d825b2658881cd8fdb30"},"stateMessages":[{"severity":"ERROR","type":"CloudRunServiceNotFound","message":"Cloud Run service projects/sensei-manager-d64c0/locations/us-central1/services/webhookasaas for the function was not found. The function will not work correctly. Please redeploy."}],"environment":"GEN_2","url":"https://us-central1-sensei-manager-d64c0.cloudfunctions.net/webhookAsaas","satisfiesPzi":true},"stages":[{"name":"BUILD","message":"Creating build","state":"IN_PROGRESS","resource":"projects/376094928692/locations/us-central1/builds/cfe3e795-3ae8-4278-b68d-5325677e5006","resourceUri":"https://console.cloud.google.com/cloud-build/builds;region=us-central1/cfe3e795-3ae8-4278-b68d-5325677e5006?project=376094928692"},{"name":"SERVICE","state":"NOT_STARTED"}],"operationType":"UPDATE_FUNCTION","buildName":"projects/376094928692/locations/us-central1/builds/cfe3e795-3ae8-4278-b68d-5325677e5006"},"done":false}
[debug] [2026-08-20T09:51:32.161Z] <<< [apiv2][status] GET https://cloudfunctions.googleapis.com/v2/projects/sensei-manager-d64c0/locations/us-central1/operations/operation-1787219489957-6597776d5a78d-f88708f0-3dec7ebd 200
[debug] [2026-08-20T09:51:32.161Z] <<< [apiv2][body] GET https://cloudfunctions.googleapis.com/v2/projects/sensei-manager-d64c0/locations/us-central1/operations/operation-1787219489957-6597776d5a78d-f88708f0-3dec7ebd {"name":"projects/sensei-manager-d64c0/locations/us-central1/operations/operation-1787219489957-6597776d5a78d-f88708f0-3dec7ebd","metadata":{"@type":"type.googleapis.com/google.cloud.functions.v2.OperationMetadata","createTime":"2026-08-20T09:51:31.049983624Z","target":"projects/sensei-manager-d64c0/locations/us-central1/functions/criarCobrancaPix","verb":"update","cancelRequested":false,"apiVersion":"v2","requestResource":{"@type":"type.googleapis.com/google.cloud.functions.v2.Function","name":"projects/sensei-manager-d64c0/locations/us-central1/functions/criarCobrancaPix","buildConfig":{"runtime":"nodejs20","entryPoint":"criarCobrancaPix","source":{"storageSource":{"bucket":"gcf-v2-sources-376094928692-us-central1","object":"criarCobrancaPix/function-source.zip","generation":"1787219490991574"}},"environmentVariables":{"GOOGLE_NODE_RUN_SCRIPTS":""},"dockerRepository":"projects/sensei-manager-d64c0/locations/us-central1/repositories/gcf-artifacts","sourceProvenance":{"resolvedStorageSource":{"bucket":"gcf-v2-sources-376094928692-us-central1","object":"criarCobrancaPix/function-source.zip","generation":"1786989867112722"}},"dockerRegistry":"ARTIFACT_REGISTRY","serviceAccount":"projects/sensei-manager-d64c0/serviceAccounts/376094928692-compute@developer.gserviceaccount.com","automaticUpdatePolicy":{}},"serviceConfig":{"service":"projects/sensei-manager-d64c0/locations/us-central1/services/criarcobrancapix","timeoutSeconds":60,"environmentVariables":{"FIREBASE_CONFIG":"{\"projectId\":\"sensei-manager-d64c0\",\"storageBucket\":\"sensei-manager-d64c0.firebasestorage.app\"}","GCLOUD_PROJECT":"sensei-manager-d64c0","EVENTARC_CLOUD_EVENT_SOURCE":"projects/sensei-manager-d64c0/locations/us-central1/services/criarCobrancaPix","FUNCTION_TARGET":"criarCobrancaPix","LOG_EXECUTION_ID":"true"},"ingressSettings":"ALLOW_ALL","serviceAccountEmail":"376094928692-compute@developer.gserviceaccount.com","availableMemory":"256Mi","secretEnvironmentVariables":[{"key":"ASAAS_API_KEY","projectId":"sensei-manager-d64c0","secret":"ASAAS_API_KEY","version":"1"}],"maxInstanceRequestConcurrency":80,"availableCpu":"1"},"state":"UNKNOWN","labels":{"deployment-callable":"true","firebase-functions-hash":"bbc2f0e50f837243b6332780cdd9814ce9042c3a"},"stateMessages":[{"severity":"ERROR","type":"CloudRunServiceNotFound","message":"Cloud Run service projects/sensei-manager-d64c0/locations/us-central1/services/criarcobrancapix for the function was not found. The function will not work correctly. Please redeploy."}],"environment":"GEN_2","url":"https://us-central1-sensei-manager-d64c0.cloudfunctions.net/criarCobrancaPix","satisfiesPzi":true},"stages":[{"name":"BUILD","message":"Build in progress","state":"IN_PROGRESS","resource":"projects/376094928692/locations/us-central1/builds/e253aaa2-5a38-4674-ab1a-3a3752f5b020","resourceUri":"https://console.cloud.google.com/cloud-build/builds;region=us-central1/e253aaa2-5a38-4674-ab1a-3a3752f5b020?project=376094928692"},{"name":"SERVICE","state":"NOT_STARTED"}],"operationType":"UPDATE_FUNCTION","buildName":"projects/376094928692/locations/us-central1/builds/e253aaa2-5a38-4674-ab1a-3a3752f5b020"},"done":false}
[debug] [2026-08-20T09:51:32.523Z] [update-default-us-central1-verificarStatusAsaas] Retrying task index 0
[debug] [2026-08-20T09:51:32.524Z] Checked if tokens are valid: true, expires at: 1787222614580
[debug] [2026-08-20T09:51:32.524Z] Checked if tokens are valid: true, expires at: 1787222614580
[debug] [2026-08-20T09:51:32.524Z] >>> [apiv2][query] GET https://cloudfunctions.googleapis.com/v2/projects/sensei-manager-d64c0/locations/us-central1/operations/operation-1787219490001-6597776d650b0-ad9399bb-0165f73f [none]
[debug] [2026-08-20T09:51:32.525Z] [update-default-us-central1-webhookAsaas] Retrying task index 0
[debug] [2026-08-20T09:51:32.525Z] Checked if tokens are valid: true, expires at: 1787222614580
[debug] [2026-08-20T09:51:32.525Z] Checked if tokens are valid: true, expires at: 1787222614580
[debug] [2026-08-20T09:51:32.525Z] >>> [apiv2][query] GET https://cloudfunctions.googleapis.com/v2/projects/sensei-manager-d64c0/locations/us-central1/operations/operation-1787219490013-6597776d68016-1ff2614c-ba54739a [none]
[debug] [2026-08-20T09:51:32.662Z] [update-default-us-central1-criarCobrancaPix] Retrying task index 0
[debug] [2026-08-20T09:51:32.663Z] Checked if tokens are valid: true, expires at: 1787222614580
[debug] [2026-08-20T09:51:32.663Z] Checked if tokens are valid: true, expires at: 1787222614580
[debug] [2026-08-20T09:51:32.663Z] >>> [apiv2][query] GET https://cloudfunctions.googleapis.com/v2/projects/sensei-manager-d64c0/locations/us-central1/operations/operation-1787219489957-6597776d5a78d-f88708f0-3dec7ebd [none]
[debug] [2026-08-20T09:51:33.564Z] <<< [apiv2][status] GET https://cloudfunctions.googleapis.com/v2/projects/sensei-manager-d64c0/locations/us-central1/operations/operation-1787219490001-6597776d650b0-ad9399bb-0165f73f 200
[debug] [2026-08-20T09:51:33.564Z] <<< [apiv2][body] GET https://cloudfunctions.googleapis.com/v2/projects/sensei-manager-d64c0/locations/us-central1/operations/operation-1787219490001-6597776d650b0-ad9399bb-0165f73f {"name":"projects/sensei-manager-d64c0/locations/us-central1/operations/operation-1787219490001-6597776d650b0-ad9399bb-0165f73f","metadata":{"@type":"type.googleapis.com/google.cloud.functions.v2.OperationMetadata","createTime":"2026-08-20T09:51:30.918529264Z","target":"projects/sensei-manager-d64c0/locations/us-central1/functions/verificarStatusAsaas","verb":"update","cancelRequested":false,"apiVersion":"v2","requestResource":{"@type":"type.googleapis.com/google.cloud.functions.v2.Function","name":"projects/sensei-manager-d64c0/locations/us-central1/functions/verificarStatusAsaas","buildConfig":{"runtime":"nodejs20","entryPoint":"verificarStatusAsaas","source":{"storageSource":{"bucket":"gcf-v2-sources-376094928692-us-central1","object":"verificarStatusAsaas/function-source.zip","generation":"1787219490860211"}},"environmentVariables":{"GOOGLE_NODE_RUN_SCRIPTS":""},"dockerRepository":"projects/sensei-manager-d64c0/locations/us-central1/repositories/gcf-artifacts","sourceProvenance":{"resolvedStorageSource":{"bucket":"gcf-v2-sources-376094928692-us-central1","object":"verificarStatusAsaas/function-source.zip","generation":"1786989866286603"}},"dockerRegistry":"ARTIFACT_REGISTRY","serviceAccount":"projects/sensei-manager-d64c0/serviceAccounts/376094928692-compute@developer.gserviceaccount.com","automaticUpdatePolicy":{}},"serviceConfig":{"service":"projects/sensei-manager-d64c0/locations/us-central1/services/verificarstatusasaas","timeoutSeconds":60,"environmentVariables":{"FIREBASE_CONFIG":"{\"projectId\":\"sensei-manager-d64c0\",\"storageBucket\":\"sensei-manager-d64c0.firebasestorage.app\"}","GCLOUD_PROJECT":"sensei-manager-d64c0","EVENTARC_CLOUD_EVENT_SOURCE":"projects/sensei-manager-d64c0/locations/us-central1/services/verificarStatusAsaas","FUNCTION_TARGET":"verificarStatusAsaas","LOG_EXECUTION_ID":"true"},"ingressSettings":"ALLOW_ALL","serviceAccountEmail":"376094928692-compute@developer.gserviceaccount.com","availableMemory":"256Mi","secretEnvironmentVariables":[{"key":"ASAAS_API_KEY","projectId":"sensei-manager-d64c0","secret":"ASAAS_API_KEY","version":"1"}],"maxInstanceRequestConcurrency":80,"availableCpu":"1"},"state":"UNKNOWN","labels":{"deployment-callable":"true","firebase-functions-hash":"bbc2f0e50f837243b6332780cdd9814ce9042c3a"},"stateMessages":[{"severity":"ERROR","type":"CloudRunServiceNotFound","message":"Cloud Run service projects/sensei-manager-d64c0/locations/us-central1/services/verificarstatusasaas for the function was not found. The function will not work correctly. Please redeploy."}],"environment":"GEN_2","url":"https://us-central1-sensei-manager-d64c0.cloudfunctions.net/verificarStatusAsaas","satisfiesPzi":true},"stages":[{"name":"BUILD","message":"Build in progress","state":"IN_PROGRESS","resource":"projects/376094928692/locations/us-central1/builds/c531c28f-e364-479e-85ae-2eff3952501a","resourceUri":"https://console.cloud.google.com/cloud-build/builds;region=us-central1/c531c28f-e364-479e-85ae-2eff3952501a?project=376094928692"},{"name":"SERVICE","state":"NOT_STARTED"}],"operationType":"UPDATE_FUNCTION","buildName":"projects/376094928692/locations/us-central1/builds/c531c28f-e364-479e-85ae-2eff3952501a"},"done":false}
[debug] [2026-08-20T09:51:33.581Z] <<< [apiv2][status] GET https://cloudfunctions.googleapis.com/v2/projects/sensei-manager-d64c0/locations/us-central1/operations/operation-1787219490013-6597776d68016-1ff2614c-ba54739a 200
[debug] [2026-08-20T09:51:33.581Z] <<< [apiv2][body] GET https://cloudfunctions.googleapis.com/v2/projects/sensei-manager-d64c0/locations/us-central1/operations/operation-1787219490013-6597776d68016-1ff2614c-ba54739a {"name":"projects/sensei-manager-d64c0/locations/us-central1/operations/operation-1787219490013-6597776d68016-1ff2614c-ba54739a","metadata":{"@type":"type.googleapis.com/google.cloud.functions.v2.OperationMetadata","createTime":"2026-08-20T09:51:30.904609090Z","target":"projects/sensei-manager-d64c0/locations/us-central1/functions/webhookAsaas","verb":"update","cancelRequested":false,"apiVersion":"v2","requestResource":{"@type":"type.googleapis.com/google.cloud.functions.v2.Function","name":"projects/sensei-manager-d64c0/locations/us-central1/functions/webhookAsaas","buildConfig":{"runtime":"nodejs20","entryPoint":"webhookAsaas","source":{"storageSource":{"bucket":"gcf-v2-sources-376094928692-us-central1","object":"webhookAsaas/function-source.zip","generation":"1787219490841082"}},"environmentVariables":{"GOOGLE_NODE_RUN_SCRIPTS":""},"dockerRepository":"projects/sensei-manager-d64c0/locations/us-central1/repositories/gcf-artifacts","sourceProvenance":{"resolvedStorageSource":{"bucket":"gcf-v2-sources-376094928692-us-central1","object":"webhookAsaas/function-source.zip","generation":"1786989867148965"}},"dockerRegistry":"ARTIFACT_REGISTRY","serviceAccount":"projects/sensei-manager-d64c0/serviceAccounts/376094928692-compute@developer.gserviceaccount.com","automaticUpdatePolicy":{}},"serviceConfig":{"service":"projects/sensei-manager-d64c0/locations/us-central1/services/webhookasaas","timeoutSeconds":60,"environmentVariables":{"FIREBASE_CONFIG":"{\"projectId\":\"sensei-manager-d64c0\",\"storageBucket\":\"sensei-manager-d64c0.firebasestorage.app\"}","GCLOUD_PROJECT":"sensei-manager-d64c0","EVENTARC_CLOUD_EVENT_SOURCE":"projects/sensei-manager-d64c0/locations/us-central1/services/webhookAsaas","FUNCTION_TARGET":"webhookAsaas","LOG_EXECUTION_ID":"true"},"ingressSettings":"ALLOW_ALL","serviceAccountEmail":"376094928692-compute@developer.gserviceaccount.com","availableMemory":"256Mi","secretEnvironmentVariables":[{"key":"ASAAS_WEBHOOK_TOKEN","projectId":"sensei-manager-d64c0","secret":"ASAAS_WEBHOOK_TOKEN","version":"1"}],"maxInstanceRequestConcurrency":80,"availableCpu":"1"},"state":"UNKNOWN","labels":{"firebase-functions-hash":"57636b5a224fd2a5e0f1d825b2658881cd8fdb30"},"stateMessages":[{"severity":"ERROR","type":"CloudRunServiceNotFound","message":"Cloud Run service projects/sensei-manager-d64c0/locations/us-central1/services/webhookasaas for the function was not found. The function will not work correctly. Please redeploy."}],"environment":"GEN_2","url":"https://us-central1-sensei-manager-d64c0.cloudfunctions.net/webhookAsaas","satisfiesPzi":true},"stages":[{"name":"BUILD","message":"Build in progress","state":"IN_PROGRESS","resource":"projects/376094928692/locations/us-central1/builds/cfe3e795-3ae8-4278-b68d-5325677e5006","resourceUri":"https://console.cloud.google.com/cloud-build/builds;region=us-central1/cfe3e795-3ae8-4278-b68d-5325677e5006?project=376094928692"},{"name":"SERVICE","state":"NOT_STARTED"}],"operationType":"UPDATE_FUNCTION","buildName":"projects/376094928692/locations/us-central1/builds/cfe3e795-3ae8-4278-b68d-5325677e5006"},"done":false}
[debug] [2026-08-20T09:51:33.651Z] <<< [apiv2][status] GET https://cloudfunctions.googleapis.com/v2/projects/sensei-manager-d64c0/locations/us-central1/operations/operation-1787219489957-6597776d5a78d-f88708f0-3dec7ebd 200
[debug] [2026-08-20T09:51:33.651Z] <<< [apiv2][body] GET https://cloudfunctions.googleapis.com/v2/projects/sensei-manager-d64c0/locations/us-central1/operations/operation-1787219489957-6597776d5a78d-f88708f0-3dec7ebd {"name":"projects/sensei-manager-d64c0/locations/us-central1/operations/operation-1787219489957-6597776d5a78d-f88708f0-3dec7ebd","metadata":{"@type":"type.googleapis.com/google.cloud.functions.v2.OperationMetadata","createTime":"2026-08-20T09:51:31.049983624Z","target":"projects/sensei-manager-d64c0/locations/us-central1/functions/criarCobrancaPix","verb":"update","cancelRequested":false,"apiVersion":"v2","requestResource":{"@type":"type.googleapis.com/google.cloud.functions.v2.Function","name":"projects/sensei-manager-d64c0/locations/us-central1/functions/criarCobrancaPix","buildConfig":{"runtime":"nodejs20","entryPoint":"criarCobrancaPix","source":{"storageSource":{"bucket":"gcf-v2-sources-376094928692-us-central1","object":"criarCobrancaPix/function-source.zip","generation":"1787219490991574"}},"environmentVariables":{"GOOGLE_NODE_RUN_SCRIPTS":""},"dockerRepository":"projects/sensei-manager-d64c0/locations/us-central1/repositories/gcf-artifacts","sourceProvenance":{"resolvedStorageSource":{"bucket":"gcf-v2-sources-376094928692-us-central1","object":"criarCobrancaPix/function-source.zip","generation":"1786989867112722"}},"dockerRegistry":"ARTIFACT_REGISTRY","serviceAccount":"projects/sensei-manager-d64c0/serviceAccounts/376094928692-compute@developer.gserviceaccount.com","automaticUpdatePolicy":{}},"serviceConfig":{"service":"projects/sensei-manager-d64c0/locations/us-central1/services/criarcobrancapix","timeoutSeconds":60,"environmentVariables":{"FIREBASE_CONFIG":"{\"projectId\":\"sensei-manager-d64c0\",\"storageBucket\":\"sensei-manager-d64c0.firebasestorage.app\"}","GCLOUD_PROJECT":"sensei-manager-d64c0","EVENTARC_CLOUD_EVENT_SOURCE":"projects/sensei-manager-d64c0/locations/us-central1/services/criarCobrancaPix","FUNCTION_TARGET":"criarCobrancaPix","LOG_EXECUTION_ID":"true"},"ingressSettings":"ALLOW_ALL","serviceAccountEmail":"376094928692-compute@developer.gserviceaccount.com","availableMemory":"256Mi","secretEnvironmentVariables":[{"key":"ASAAS_API_KEY","projectId":"sensei-manager-d64c0","secret":"ASAAS_API_KEY","version":"1"}],"maxInstanceRequestConcurrency":80,"availableCpu":"1"},"state":"UNKNOWN","labels":{"deployment-callable":"true","firebase-functions-hash":"bbc2f0e50f837243b6332780cdd9814ce9042c3a"},"stateMessages":[{"severity":"ERROR","type":"CloudRunServiceNotFound","message":"Cloud Run service projects/sensei-manager-d64c0/locations/us-central1/services/criarcobrancapix for the function was not found. The function will not work correctly. Please redeploy."}],"environment":"GEN_2","url":"https://us-central1-sensei-manager-d64c0.cloudfunctions.net/criarCobrancaPix","satisfiesPzi":true},"stages":[{"name":"BUILD","message":"Build in progress","state":"IN_PROGRESS","resource":"projects/376094928692/locations/us-central1/builds/e253aaa2-5a38-4674-ab1a-3a3752f5b020","resourceUri":"https://console.cloud.google.com/cloud-build/builds;region=us-central1/e253aaa2-5a38-4674-ab1a-3a3752f5b020?project=376094928692"},{"name":"SERVICE","state":"NOT_STARTED"}],"operationType":"UPDATE_FUNCTION","buildName":"projects/376094928692/locations/us-central1/builds/e253aaa2-5a38-4674-ab1a-3a3752f5b020"},"done":false}
[debug] [2026-08-20T09:51:34.566Z] [update-default-us-central1-verificarStatusAsaas] Retrying task index 0
[debug] [2026-08-20T09:51:34.566Z] Checked if tokens are valid: true, expires at: 1787222614580
[debug] [2026-08-20T09:51:34.566Z] Checked if tokens are valid: true, expires at: 1787222614580
[debug] [2026-08-20T09:51:34.566Z] >>> [apiv2][query] GET https://cloudfunctions.googleapis.com/v2/projects/sensei-manager-d64c0/locations/us-central1/operations/operation-1787219490001-6597776d650b0-ad9399bb-0165f73f [none]
[debug] [2026-08-20T09:51:34.582Z] [update-default-us-central1-webhookAsaas] Retrying task index 0
[debug] [2026-08-20T09:51:34.583Z] Checked if tokens are valid: true, expires at: 1787222614580
[debug] [2026-08-20T09:51:34.583Z] Checked if tokens are valid: true, expires at: 1787222614580
[debug] [2026-08-20T09:51:34.583Z] >>> [apiv2][query] GET https://cloudfunctions.googleapis.com/v2/projects/sensei-manager-d64c0/locations/us-central1/operations/operation-1787219490013-6597776d68016-1ff2614c-ba54739a [none]
[debug] [2026-08-20T09:51:34.653Z] [update-default-us-central1-criarCobrancaPix] Retrying task index 0
[debug] [2026-08-20T09:51:34.653Z] Checked if tokens are valid: true, expires at: 1787222614580
[debug] [2026-08-20T09:51:34.653Z] Checked if tokens are valid: true, expires at: 1787222614580
[debug] [2026-08-20T09:51:34.653Z] >>> [apiv2][query] GET https://cloudfunctions.googleapis.com/v2/projects/sensei-manager-d64c0/locations/us-central1/operations/operation-1787219489957-6597776d5a78d-f88708f0-3dec7ebd [none]
[debug] [2026-08-20T09:51:35.502Z] <<< [apiv2][status] GET https://cloudfunctions.googleapis.com/v2/projects/sensei-manager-d64c0/locations/us-central1/operations/operation-1787219490001-6597776d650b0-ad9399bb-0165f73f 200
[debug] [2026-08-20T09:51:35.502Z] <<< [apiv2][body] GET https://cloudfunctions.googleapis.com/v2/projects/sensei-manager-d64c0/locations/us-central1/operations/operation-1787219490001-6597776d650b0-ad9399bb-0165f73f {"name":"projects/sensei-manager-d64c0/locations/us-central1/operations/operation-1787219490001-6597776d650b0-ad9399bb-0165f73f","metadata":{"@type":"type.googleapis.com/google.cloud.functions.v2.OperationMetadata","createTime":"2026-08-20T09:51:30.918529264Z","target":"projects/sensei-manager-d64c0/locations/us-central1/functions/verificarStatusAsaas","verb":"update","cancelRequested":false,"apiVersion":"v2","requestResource":{"@type":"type.googleapis.com/google.cloud.functions.v2.Function","name":"projects/sensei-manager-d64c0/locations/us-central1/functions/verificarStatusAsaas","buildConfig":{"runtime":"nodejs20","entryPoint":"verificarStatusAsaas","source":{"storageSource":{"bucket":"gcf-v2-sources-376094928692-us-central1","object":"verificarStatusAsaas/function-source.zip","generation":"1787219490860211"}},"environmentVariables":{"GOOGLE_NODE_RUN_SCRIPTS":""},"dockerRepository":"projects/sensei-manager-d64c0/locations/us-central1/repositories/gcf-artifacts","sourceProvenance":{"resolvedStorageSource":{"bucket":"gcf-v2-sources-376094928692-us-central1","object":"verificarStatusAsaas/function-source.zip","generation":"1786989866286603"}},"dockerRegistry":"ARTIFACT_REGISTRY","serviceAccount":"projects/sensei-manager-d64c0/serviceAccounts/376094928692-compute@developer.gserviceaccount.com","automaticUpdatePolicy":{}},"serviceConfig":{"service":"projects/sensei-manager-d64c0/locations/us-central1/services/verificarstatusasaas","timeoutSeconds":60,"environmentVariables":{"FIREBASE_CONFIG":"{\"projectId\":\"sensei-manager-d64c0\",\"storageBucket\":\"sensei-manager-d64c0.firebasestorage.app\"}","GCLOUD_PROJECT":"sensei-manager-d64c0","EVENTARC_CLOUD_EVENT_SOURCE":"projects/sensei-manager-d64c0/locations/us-central1/services/verificarStatusAsaas","FUNCTION_TARGET":"verificarStatusAsaas","LOG_EXECUTION_ID":"true"},"ingressSettings":"ALLOW_ALL","serviceAccountEmail":"376094928692-compute@developer.gserviceaccount.com","availableMemory":"256Mi","secretEnvironmentVariables":[{"key":"ASAAS_API_KEY","projectId":"sensei-manager-d64c0","secret":"ASAAS_API_KEY","version":"1"}],"maxInstanceRequestConcurrency":80,"availableCpu":"1"},"state":"UNKNOWN","labels":{"deployment-callable":"true","firebase-functions-hash":"bbc2f0e50f837243b6332780cdd9814ce9042c3a"},"stateMessages":[{"severity":"ERROR","type":"CloudRunServiceNotFound","message":"Cloud Run service projects/sensei-manager-d64c0/locations/us-central1/services/verificarstatusasaas for the function was not found. The function will not work correctly. Please redeploy."}],"environment":"GEN_2","url":"https://us-central1-sensei-manager-d64c0.cloudfunctions.net/verificarStatusAsaas","satisfiesPzi":true},"stages":[{"name":"BUILD","message":"Build in progress","state":"IN_PROGRESS","resource":"projects/376094928692/locations/us-central1/builds/c531c28f-e364-479e-85ae-2eff3952501a","resourceUri":"https://console.cloud.google.com/cloud-build/builds;region=us-central1/c531c28f-e364-479e-85ae-2eff3952501a?project=376094928692"},{"name":"SERVICE","state":"NOT_STARTED"}],"operationType":"UPDATE_FUNCTION","buildName":"projects/376094928692/locations/us-central1/builds/c531c28f-e364-479e-85ae-2eff3952501a"},"done":false}
[debug] [2026-08-20T09:51:35.504Z] <<< [apiv2][status] GET https://cloudfunctions.googleapis.com/v2/projects/sensei-manager-d64c0/locations/us-central1/operations/operation-1787219490013-6597776d68016-1ff2614c-ba54739a 200
[debug] [2026-08-20T09:51:35.504Z] <<< [apiv2][body] GET https://cloudfunctions.googleapis.com/v2/projects/sensei-manager-d64c0/locations/us-central1/operations/operation-1787219490013-6597776d68016-1ff2614c-ba54739a {"name":"projects/sensei-manager-d64c0/locations/us-central1/operations/operation-1787219490013-6597776d68016-1ff2614c-ba54739a","metadata":{"@type":"type.googleapis.com/google.cloud.functions.v2.OperationMetadata","createTime":"2026-08-20T09:51:30.904609090Z","target":"projects/sensei-manager-d64c0/locations/us-central1/functions/webhookAsaas","verb":"update","cancelRequested":false,"apiVersion":"v2","requestResource":{"@type":"type.googleapis.com/google.cloud.functions.v2.Function","name":"projects/sensei-manager-d64c0/locations/us-central1/functions/webhookAsaas","buildConfig":{"runtime":"nodejs20","entryPoint":"webhookAsaas","source":{"storageSource":{"bucket":"gcf-v2-sources-376094928692-us-central1","object":"webhookAsaas/function-source.zip","generation":"1787219490841082"}},"environmentVariables":{"GOOGLE_NODE_RUN_SCRIPTS":""},"dockerRepository":"projects/sensei-manager-d64c0/locations/us-central1/repositories/gcf-artifacts","sourceProvenance":{"resolvedStorageSource":{"bucket":"gcf-v2-sources-376094928692-us-central1","object":"webhookAsaas/function-source.zip","generation":"1786989867148965"}},"dockerRegistry":"ARTIFACT_REGISTRY","serviceAccount":"projects/sensei-manager-d64c0/serviceAccounts/376094928692-compute@developer.gserviceaccount.com","automaticUpdatePolicy":{}},"serviceConfig":{"service":"projects/sensei-manager-d64c0/locations/us-central1/services/webhookasaas","timeoutSeconds":60,"environmentVariables":{"FIREBASE_CONFIG":"{\"projectId\":\"sensei-manager-d64c0\",\"storageBucket\":\"sensei-manager-d64c0.firebasestorage.app\"}","GCLOUD_PROJECT":"sensei-manager-d64c0","EVENTARC_CLOUD_EVENT_SOURCE":"projects/sensei-manager-d64c0/locations/us-central1/services/webhookAsaas","FUNCTION_TARGET":"webhookAsaas","LOG_EXECUTION_ID":"true"},"ingressSettings":"ALLOW_ALL","serviceAccountEmail":"376094928692-compute@developer.gserviceaccount.com","availableMemory":"256Mi","secretEnvironmentVariables":[{"key":"ASAAS_WEBHOOK_TOKEN","projectId":"sensei-manager-d64c0","secret":"ASAAS_WEBHOOK_TOKEN","version":"1"}],"maxInstanceRequestConcurrency":80,"availableCpu":"1"},"state":"UNKNOWN","labels":{"firebase-functions-hash":"57636b5a224fd2a5e0f1d825b2658881cd8fdb30"},"stateMessages":[{"severity":"ERROR","type":"CloudRunServiceNotFound","message":"Cloud Run service projects/sensei-manager-d64c0/locations/us-central1/services/webhookasaas for the function was not found. The function will not work correctly. Please redeploy."}],"environment":"GEN_2","url":"https://us-central1-sensei-manager-d64c0.cloudfunctions.net/webhookAsaas","satisfiesPzi":true},"stages":[{"name":"BUILD","message":"Build in progress","state":"IN_PROGRESS","resource":"projects/376094928692/locations/us-central1/builds/cfe3e795-3ae8-4278-b68d-5325677e5006","resourceUri":"https://console.cloud.google.com/cloud-build/builds;region=us-central1/cfe3e795-3ae8-4278-b68d-5325677e5006?project=376094928692"},{"name":"SERVICE","state":"NOT_STARTED"}],"operationType":"UPDATE_FUNCTION","buildName":"projects/376094928692/locations/us-central1/builds/cfe3e795-3ae8-4278-b68d-5325677e5006"},"done":false}
[debug] [2026-08-20T09:51:35.538Z] <<< [apiv2][status] GET https://cloudfunctions.googleapis.com/v2/projects/sensei-manager-d64c0/locations/us-central1/operations/operation-1787219489957-6597776d5a78d-f88708f0-3dec7ebd 200
[debug] [2026-08-20T09:51:35.538Z] <<< [apiv2][body] GET https://cloudfunctions.googleapis.com/v2/projects/sensei-manager-d64c0/locations/us-central1/operations/operation-1787219489957-6597776d5a78d-f88708f0-3dec7ebd {"name":"projects/sensei-manager-d64c0/locations/us-central1/operations/operation-1787219489957-6597776d5a78d-f88708f0-3dec7ebd","metadata":{"@type":"type.googleapis.com/google.cloud.functions.v2.OperationMetadata","createTime":"2026-08-20T09:51:31.049983624Z","target":"projects/sensei-manager-d64c0/locations/us-central1/functions/criarCobrancaPix","verb":"update","cancelRequested":false,"apiVersion":"v2","requestResource":{"@type":"type.googleapis.com/google.cloud.functions.v2.Function","name":"projects/sensei-manager-d64c0/locations/us-central1/functions/criarCobrancaPix","buildConfig":{"runtime":"nodejs20","entryPoint":"criarCobrancaPix","source":{"storageSource":{"bucket":"gcf-v2-sources-376094928692-us-central1","object":"criarCobrancaPix/function-source.zip","generation":"1787219490991574"}},"environmentVariables":{"GOOGLE_NODE_RUN_SCRIPTS":""},"dockerRepository":"projects/sensei-manager-d64c0/locations/us-central1/repositories/gcf-artifacts","sourceProvenance":{"resolvedStorageSource":{"bucket":"gcf-v2-sources-376094928692-us-central1","object":"criarCobrancaPix/function-source.zip","generation":"1786989867112722"}},"dockerRegistry":"ARTIFACT_REGISTRY","serviceAccount":"projects/sensei-manager-d64c0/serviceAccounts/376094928692-compute@developer.gserviceaccount.com","automaticUpdatePolicy":{}},"serviceConfig":{"service":"projects/sensei-manager-d64c0/locations/us-central1/services/criarcobrancapix","timeoutSeconds":60,"environmentVariables":{"FIREBASE_CONFIG":"{\"projectId\":\"sensei-manager-d64c0\",\"storageBucket\":\"sensei-manager-d64c0.firebasestorage.app\"}","GCLOUD_PROJECT":"sensei-manager-d64c0","EVENTARC_CLOUD_EVENT_SOURCE":"projects/sensei-manager-d64c0/locations/us-central1/services/criarCobrancaPix","FUNCTION_TARGET":"criarCobrancaPix","LOG_EXECUTION_ID":"true"},"ingressSettings":"ALLOW_ALL","serviceAccountEmail":"376094928692-compute@developer.gserviceaccount.com","availableMemory":"256Mi","secretEnvironmentVariables":[{"key":"ASAAS_API_KEY","projectId":"sensei-manager-d64c0","secret":"ASAAS_API_KEY","version":"1"}],"maxInstanceRequestConcurrency":80,"availableCpu":"1"},"state":"UNKNOWN","labels":{"deployment-callable":"true","firebase-functions-hash":"bbc2f0e50f837243b6332780cdd9814ce9042c3a"},"stateMessages":[{"severity":"ERROR","type":"CloudRunServiceNotFound","message":"Cloud Run service projects/sensei-manager-d64c0/locations/us-central1/services/criarcobrancapix for the function was not found. The function will not work correctly. Please redeploy."}],"environment":"GEN_2","url":"https://us-central1-sensei-manager-d64c0.cloudfunctions.net/criarCobrancaPix","satisfiesPzi":true},"stages":[{"name":"BUILD","message":"Build in progress","state":"IN_PROGRESS","resource":"projects/376094928692/locations/us-central1/builds/e253aaa2-5a38-4674-ab1a-3a3752f5b020","resourceUri":"https://console.cloud.google.com/cloud-build/builds;region=us-central1/e253aaa2-5a38-4674-ab1a-3a3752f5b020?project=376094928692"},{"name":"SERVICE","state":"NOT_STARTED"}],"operationType":"UPDATE_FUNCTION","buildName":"projects/376094928692/locations/us-central1/builds/e253aaa2-5a38-4674-ab1a-3a3752f5b020"},"done":false}
[debug] [2026-08-20T09:51:37.503Z] [update-default-us-central1-verificarStatusAsaas] Retrying task index 0
[debug] [2026-08-20T09:51:37.503Z] Checked if tokens are valid: true, expires at: 1787222614580
[debug] [2026-08-20T09:51:37.504Z] Checked if tokens are valid: true, expires at: 1787222614580
[debug] [2026-08-20T09:51:37.504Z] >>> [apiv2][query] GET https://cloudfunctions.googleapis.com/v2/projects/sensei-manager-d64c0/locations/us-central1/operations/operation-1787219490001-6597776d650b0-ad9399bb-0165f73f [none]
[debug] [2026-08-20T09:51:37.505Z] [update-default-us-central1-webhookAsaas] Retrying task index 0
[debug] [2026-08-20T09:51:37.505Z] Checked if tokens are valid: true, expires at: 1787222614580
[debug] [2026-08-20T09:51:37.505Z] Checked if tokens are valid: true, expires at: 1787222614580
[debug] [2026-08-20T09:51:37.505Z] >>> [apiv2][query] GET https://cloudfunctions.googleapis.com/v2/projects/sensei-manager-d64c0/locations/us-central1/operations/operation-1787219490013-6597776d68016-1ff2614c-ba54739a [none]
[debug] [2026-08-20T09:51:37.540Z] [update-default-us-central1-criarCobrancaPix] Retrying task index 0
[debug] [2026-08-20T09:51:37.540Z] Checked if tokens are valid: true, expires at: 1787222614580
[debug] [2026-08-20T09:51:37.540Z] Checked if tokens are valid: true, expires at: 1787222614580
[debug] [2026-08-20T09:51:37.540Z] >>> [apiv2][query] GET https://cloudfunctions.googleapis.com/v2/projects/sensei-manager-d64c0/locations/us-central1/operations/operation-1787219489957-6597776d5a78d-f88708f0-3dec7ebd [none]
[debug] [2026-08-20T09:51:38.549Z] <<< [apiv2][status] GET https://cloudfunctions.googleapis.com/v2/projects/sensei-manager-d64c0/locations/us-central1/operations/operation-1787219490013-6597776d68016-1ff2614c-ba54739a 200
[debug] [2026-08-20T09:51:38.549Z] <<< [apiv2][body] GET https://cloudfunctions.googleapis.com/v2/projects/sensei-manager-d64c0/locations/us-central1/operations/operation-1787219490013-6597776d68016-1ff2614c-ba54739a {"name":"projects/sensei-manager-d64c0/locations/us-central1/operations/operation-1787219490013-6597776d68016-1ff2614c-ba54739a","metadata":{"@type":"type.googleapis.com/google.cloud.functions.v2.OperationMetadata","createTime":"2026-08-20T09:51:30.904609090Z","target":"projects/sensei-manager-d64c0/locations/us-central1/functions/webhookAsaas","verb":"update","cancelRequested":false,"apiVersion":"v2","requestResource":{"@type":"type.googleapis.com/google.cloud.functions.v2.Function","name":"projects/sensei-manager-d64c0/locations/us-central1/functions/webhookAsaas","buildConfig":{"runtime":"nodejs20","entryPoint":"webhookAsaas","source":{"storageSource":{"bucket":"gcf-v2-sources-376094928692-us-central1","object":"webhookAsaas/function-source.zip","generation":"1787219490841082"}},"environmentVariables":{"GOOGLE_NODE_RUN_SCRIPTS":""},"dockerRepository":"projects/sensei-manager-d64c0/locations/us-central1/repositories/gcf-artifacts","sourceProvenance":{"resolvedStorageSource":{"bucket":"gcf-v2-sources-376094928692-us-central1","object":"webhookAsaas/function-source.zip","generation":"1786989867148965"}},"dockerRegistry":"ARTIFACT_REGISTRY","serviceAccount":"projects/sensei-manager-d64c0/serviceAccounts/376094928692-compute@developer.gserviceaccount.com","automaticUpdatePolicy":{}},"serviceConfig":{"service":"projects/sensei-manager-d64c0/locations/us-central1/services/webhookasaas","timeoutSeconds":60,"environmentVariables":{"FIREBASE_CONFIG":"{\"projectId\":\"sensei-manager-d64c0\",\"storageBucket\":\"sensei-manager-d64c0.firebasestorage.app\"}","GCLOUD_PROJECT":"sensei-manager-d64c0","EVENTARC_CLOUD_EVENT_SOURCE":"projects/sensei-manager-d64c0/locations/us-central1/services/webhookAsaas","FUNCTION_TARGET":"webhookAsaas","LOG_EXECUTION_ID":"true"},"ingressSettings":"ALLOW_ALL","serviceAccountEmail":"376094928692-compute@developer.gserviceaccount.com","availableMemory":"256Mi","secretEnvironmentVariables":[{"key":"ASAAS_WEBHOOK_TOKEN","projectId":"sensei-manager-d64c0","secret":"ASAAS_WEBHOOK_TOKEN","version":"1"}],"maxInstanceRequestConcurrency":80,"availableCpu":"1"},"state":"UNKNOWN","labels":{"firebase-functions-hash":"57636b5a224fd2a5e0f1d825b2658881cd8fdb30"},"stateMessages":[{"severity":"ERROR","type":"CloudRunServiceNotFound","message":"Cloud Run service projects/sensei-manager-d64c0/locations/us-central1/services/webhookasaas for the function was not found. The function will not work correctly. Please redeploy."}],"environment":"GEN_2","url":"https://us-central1-sensei-manager-d64c0.cloudfunctions.net/webhookAsaas","satisfiesPzi":true},"stages":[{"name":"BUILD","message":"Build in progress","state":"IN_PROGRESS","resource":"projects/376094928692/locations/us-central1/builds/cfe3e795-3ae8-4278-b68d-5325677e5006","resourceUri":"https://console.cloud.google.com/cloud-build/builds;region=us-central1/cfe3e795-3ae8-4278-b68d-5325677e5006?project=376094928692"},{"name":"SERVICE","state":"NOT_STARTED"}],"operationType":"UPDATE_FUNCTION","buildName":"projects/376094928692/locations/us-central1/builds/cfe3e795-3ae8-4278-b68d-5325677e5006"},"done":false}
[debug] [2026-08-20T09:51:38.556Z] <<< [apiv2][status] GET https://cloudfunctions.googleapis.com/v2/projects/sensei-manager-d64c0/locations/us-central1/operations/operation-1787219489957-6597776d5a78d-f88708f0-3dec7ebd 200
[debug] [2026-08-20T09:51:38.556Z] <<< [apiv2][body] GET https://cloudfunctions.googleapis.com/v2/projects/sensei-manager-d64c0/locations/us-central1/operations/operation-1787219489957-6597776d5a78d-f88708f0-3dec7ebd {"name":"projects/sensei-manager-d64c0/locations/us-central1/operations/operation-1787219489957-6597776d5a78d-f88708f0-3dec7ebd","metadata":{"@type":"type.googleapis.com/google.cloud.functions.v2.OperationMetadata","createTime":"2026-08-20T09:51:31.049983624Z","target":"projects/sensei-manager-d64c0/locations/us-central1/functions/criarCobrancaPix","verb":"update","cancelRequested":false,"apiVersion":"v2","requestResource":{"@type":"type.googleapis.com/google.cloud.functions.v2.Function","name":"projects/sensei-manager-d64c0/locations/us-central1/functions/criarCobrancaPix","buildConfig":{"runtime":"nodejs20","entryPoint":"criarCobrancaPix","source":{"storageSource":{"bucket":"gcf-v2-sources-376094928692-us-central1","object":"criarCobrancaPix/function-source.zip","generation":"1787219490991574"}},"environmentVariables":{"GOOGLE_NODE_RUN_SCRIPTS":""},"dockerRepository":"projects/sensei-manager-d64c0/locations/us-central1/repositories/gcf-artifacts","sourceProvenance":{"resolvedStorageSource":{"bucket":"gcf-v2-sources-376094928692-us-central1","object":"criarCobrancaPix/function-source.zip","generation":"1786989867112722"}},"dockerRegistry":"ARTIFACT_REGISTRY","serviceAccount":"projects/sensei-manager-d64c0/serviceAccounts/376094928692-compute@developer.gserviceaccount.com","automaticUpdatePolicy":{}},"serviceConfig":{"service":"projects/sensei-manager-d64c0/locations/us-central1/services/criarcobrancapix","timeoutSeconds":60,"environmentVariables":{"FIREBASE_CONFIG":"{\"projectId\":\"sensei-manager-d64c0\",\"storageBucket\":\"sensei-manager-d64c0.firebasestorage.app\"}","GCLOUD_PROJECT":"sensei-manager-d64c0","EVENTARC_CLOUD_EVENT_SOURCE":"projects/sensei-manager-d64c0/locations/us-central1/services/criarCobrancaPix","FUNCTION_TARGET":"criarCobrancaPix","LOG_EXECUTION_ID":"true"},"ingressSettings":"ALLOW_ALL","serviceAccountEmail":"376094928692-compute@developer.gserviceaccount.com","availableMemory":"256Mi","secretEnvironmentVariables":[{"key":"ASAAS_API_KEY","projectId":"sensei-manager-d64c0","secret":"ASAAS_API_KEY","version":"1"}],"maxInstanceRequestConcurrency":80,"availableCpu":"1"},"state":"UNKNOWN","labels":{"deployment-callable":"true","firebase-functions-hash":"bbc2f0e50f837243b6332780cdd9814ce9042c3a"},"stateMessages":[{"severity":"ERROR","type":"CloudRunServiceNotFound","message":"Cloud Run service projects/sensei-manager-d64c0/locations/us-central1/services/criarcobrancapix for the function was not found. The function will not work correctly. Please redeploy."}],"environment":"GEN_2","url":"https://us-central1-sensei-manager-d64c0.cloudfunctions.net/criarCobrancaPix","satisfiesPzi":true},"stages":[{"name":"BUILD","message":"Build in progress","state":"IN_PROGRESS","resource":"projects/376094928692/locations/us-central1/builds/e253aaa2-5a38-4674-ab1a-3a3752f5b020","resourceUri":"https://console.cloud.google.com/cloud-build/builds;region=us-central1/e253aaa2-5a38-4674-ab1a-3a3752f5b020?project=376094928692"},{"name":"SERVICE","state":"NOT_STARTED"}],"operationType":"UPDATE_FUNCTION","buildName":"projects/376094928692/locations/us-central1/builds/e253aaa2-5a38-4674-ab1a-3a3752f5b020"},"done":false}
[debug] [2026-08-20T09:51:38.573Z] <<< [apiv2][status] GET https://cloudfunctions.googleapis.com/v2/projects/sensei-manager-d64c0/locations/us-central1/operations/operation-1787219490001-6597776d650b0-ad9399bb-0165f73f 200
[debug] [2026-08-20T09:51:38.573Z] <<< [apiv2][body] GET https://cloudfunctions.googleapis.com/v2/projects/sensei-manager-d64c0/locations/us-central1/operations/operation-1787219490001-6597776d650b0-ad9399bb-0165f73f {"name":"projects/sensei-manager-d64c0/locations/us-central1/operations/operation-1787219490001-6597776d650b0-ad9399bb-0165f73f","metadata":{"@type":"type.googleapis.com/google.cloud.functions.v2.OperationMetadata","createTime":"2026-08-20T09:51:30.918529264Z","target":"projects/sensei-manager-d64c0/locations/us-central1/functions/verificarStatusAsaas","verb":"update","cancelRequested":false,"apiVersion":"v2","requestResource":{"@type":"type.googleapis.com/google.cloud.functions.v2.Function","name":"projects/sensei-manager-d64c0/locations/us-central1/functions/verificarStatusAsaas","buildConfig":{"runtime":"nodejs20","entryPoint":"verificarStatusAsaas","source":{"storageSource":{"bucket":"gcf-v2-sources-376094928692-us-central1","object":"verificarStatusAsaas/function-source.zip","generation":"1787219490860211"}},"environmentVariables":{"GOOGLE_NODE_RUN_SCRIPTS":""},"dockerRepository":"projects/sensei-manager-d64c0/locations/us-central1/repositories/gcf-artifacts","sourceProvenance":{"resolvedStorageSource":{"bucket":"gcf-v2-sources-376094928692-us-central1","object":"verificarStatusAsaas/function-source.zip","generation":"1786989866286603"}},"dockerRegistry":"ARTIFACT_REGISTRY","serviceAccount":"projects/sensei-manager-d64c0/serviceAccounts/376094928692-compute@developer.gserviceaccount.com","automaticUpdatePolicy":{}},"serviceConfig":{"service":"projects/sensei-manager-d64c0/locations/us-central1/services/verificarstatusasaas","timeoutSeconds":60,"environmentVariables":{"FIREBASE_CONFIG":"{\"projectId\":\"sensei-manager-d64c0\",\"storageBucket\":\"sensei-manager-d64c0.firebasestorage.app\"}","GCLOUD_PROJECT":"sensei-manager-d64c0","EVENTARC_CLOUD_EVENT_SOURCE":"projects/sensei-manager-d64c0/locations/us-central1/services/verificarStatusAsaas","FUNCTION_TARGET":"verificarStatusAsaas","LOG_EXECUTION_ID":"true"},"ingressSettings":"ALLOW_ALL","serviceAccountEmail":"376094928692-compute@developer.gserviceaccount.com","availableMemory":"256Mi","secretEnvironmentVariables":[{"key":"ASAAS_API_KEY","projectId":"sensei-manager-d64c0","secret":"ASAAS_API_KEY","version":"1"}],"maxInstanceRequestConcurrency":80,"availableCpu":"1"},"state":"UNKNOWN","labels":{"deployment-callable":"true","firebase-functions-hash":"bbc2f0e50f837243b6332780cdd9814ce9042c3a"},"stateMessages":[{"severity":"ERROR","type":"CloudRunServiceNotFound","message":"Cloud Run service projects/sensei-manager-d64c0/locations/us-central1/services/verificarstatusasaas for the function was not found. The function will not work correctly. Please redeploy."}],"environment":"GEN_2","url":"https://us-central1-sensei-manager-d64c0.cloudfunctions.net/verificarStatusAsaas","satisfiesPzi":true},"stages":[{"name":"BUILD","message":"Build in progress","state":"IN_PROGRESS","resource":"projects/376094928692/locations/us-central1/builds/c531c28f-e364-479e-85ae-2eff3952501a","resourceUri":"https://console.cloud.google.com/cloud-build/builds;region=us-central1/c531c28f-e364-479e-85ae-2eff3952501a?project=376094928692"},{"name":"SERVICE","state":"NOT_STARTED"}],"operationType":"UPDATE_FUNCTION","buildName":"projects/376094928692/locations/us-central1/builds/c531c28f-e364-479e-85ae-2eff3952501a"},"done":false}
[debug] [2026-08-20T09:51:42.550Z] [update-default-us-central1-webhookAsaas] Retrying task index 0
[debug] [2026-08-20T09:51:42.551Z] Checked if tokens are valid: true, expires at: 1787222614580
[debug] [2026-08-20T09:51:42.551Z] Checked if tokens are valid: true, expires at: 1787222614580
[debug] [2026-08-20T09:51:42.551Z] >>> [apiv2][query] GET https://cloudfunctions.googleapis.com/v2/projects/sensei-manager-d64c0/locations/us-central1/operations/operation-1787219490013-6597776d68016-1ff2614c-ba54739a [none]
[debug] [2026-08-20T09:51:42.557Z] [update-default-us-central1-criarCobrancaPix] Retrying task index 0
[debug] [2026-08-20T09:51:42.557Z] Checked if tokens are valid: true, expires at: 1787222614580
[debug] [2026-08-20T09:51:42.557Z] Checked if tokens are valid: true, expires at: 1787222614580
[debug] [2026-08-20T09:51:42.557Z] >>> [apiv2][query] GET https://cloudfunctions.googleapis.com/v2/projects/sensei-manager-d64c0/locations/us-central1/operations/operation-1787219489957-6597776d5a78d-f88708f0-3dec7ebd [none]
[debug] [2026-08-20T09:51:42.574Z] [update-default-us-central1-verificarStatusAsaas] Retrying task index 0
[debug] [2026-08-20T09:51:42.574Z] Checked if tokens are valid: true, expires at: 1787222614580
[debug] [2026-08-20T09:51:42.574Z] Checked if tokens are valid: true, expires at: 1787222614580
[debug] [2026-08-20T09:51:42.574Z] >>> [apiv2][query] GET https://cloudfunctions.googleapis.com/v2/projects/sensei-manager-d64c0/locations/us-central1/operations/operation-1787219490001-6597776d650b0-ad9399bb-0165f73f [none]
[debug] [2026-08-20T09:51:42.826Z] <<< [apiv2][status] GET https://cloudfunctions.googleapis.com/v2/projects/sensei-manager-d64c0/locations/us-central1/operations/operation-1787219490001-6597776d650b0-ad9399bb-0165f73f 200
[debug] [2026-08-20T09:51:42.826Z] <<< [apiv2][body] GET https://cloudfunctions.googleapis.com/v2/projects/sensei-manager-d64c0/locations/us-central1/operations/operation-1787219490001-6597776d650b0-ad9399bb-0165f73f {"name":"projects/sensei-manager-d64c0/locations/us-central1/operations/operation-1787219490001-6597776d650b0-ad9399bb-0165f73f","metadata":{"@type":"type.googleapis.com/google.cloud.functions.v2.OperationMetadata","createTime":"2026-08-20T09:51:30.918529264Z","target":"projects/sensei-manager-d64c0/locations/us-central1/functions/verificarStatusAsaas","verb":"update","cancelRequested":false,"apiVersion":"v2","requestResource":{"@type":"type.googleapis.com/google.cloud.functions.v2.Function","name":"projects/sensei-manager-d64c0/locations/us-central1/functions/verificarStatusAsaas","buildConfig":{"runtime":"nodejs20","entryPoint":"verificarStatusAsaas","source":{"storageSource":{"bucket":"gcf-v2-sources-376094928692-us-central1","object":"verificarStatusAsaas/function-source.zip","generation":"1787219490860211"}},"environmentVariables":{"GOOGLE_NODE_RUN_SCRIPTS":""},"dockerRepository":"projects/sensei-manager-d64c0/locations/us-central1/repositories/gcf-artifacts","sourceProvenance":{"resolvedStorageSource":{"bucket":"gcf-v2-sources-376094928692-us-central1","object":"verificarStatusAsaas/function-source.zip","generation":"1786989866286603"}},"dockerRegistry":"ARTIFACT_REGISTRY","serviceAccount":"projects/sensei-manager-d64c0/serviceAccounts/376094928692-compute@developer.gserviceaccount.com","automaticUpdatePolicy":{}},"serviceConfig":{"service":"projects/sensei-manager-d64c0/locations/us-central1/services/verificarstatusasaas","timeoutSeconds":60,"environmentVariables":{"FIREBASE_CONFIG":"{\"projectId\":\"sensei-manager-d64c0\",\"storageBucket\":\"sensei-manager-d64c0.firebasestorage.app\"}","GCLOUD_PROJECT":"sensei-manager-d64c0","EVENTARC_CLOUD_EVENT_SOURCE":"projects/sensei-manager-d64c0/locations/us-central1/services/verificarStatusAsaas","FUNCTION_TARGET":"verificarStatusAsaas","LOG_EXECUTION_ID":"true"},"ingressSettings":"ALLOW_ALL","serviceAccountEmail":"376094928692-compute@developer.gserviceaccount.com","availableMemory":"256Mi","secretEnvironmentVariables":[{"key":"ASAAS_API_KEY","projectId":"sensei-manager-d64c0","secret":"ASAAS_API_KEY","version":"1"}],"maxInstanceRequestConcurrency":80,"availableCpu":"1"},"state":"UNKNOWN","labels":{"deployment-callable":"true","firebase-functions-hash":"bbc2f0e50f837243b6332780cdd9814ce9042c3a"},"stateMessages":[{"severity":"ERROR","type":"CloudRunServiceNotFound","message":"Cloud Run service projects/sensei-manager-d64c0/locations/us-central1/services/verificarstatusasaas for the function was not found. The function will not work correctly. Please redeploy."}],"environment":"GEN_2","url":"https://us-central1-sensei-manager-d64c0.cloudfunctions.net/verificarStatusAsaas","satisfiesPzi":true},"stages":[{"name":"BUILD","message":"Build in progress","state":"IN_PROGRESS","resource":"projects/376094928692/locations/us-central1/builds/c531c28f-e364-479e-85ae-2eff3952501a","resourceUri":"https://console.cloud.google.com/cloud-build/builds;region=us-central1/c531c28f-e364-479e-85ae-2eff3952501a?project=376094928692"},{"name":"SERVICE","state":"NOT_STARTED"}],"operationType":"UPDATE_FUNCTION","buildName":"projects/376094928692/locations/us-central1/builds/c531c28f-e364-479e-85ae-2eff3952501a"},"done":false}
[debug] [2026-08-20T09:51:42.833Z] <<< [apiv2][status] GET https://cloudfunctions.googleapis.com/v2/projects/sensei-manager-d64c0/locations/us-central1/operations/operation-1787219490013-6597776d68016-1ff2614c-ba54739a 200
[debug] [2026-08-20T09:51:42.833Z] <<< [apiv2][body] GET https://cloudfunctions.googleapis.com/v2/projects/sensei-manager-d64c0/locations/us-central1/operations/operation-1787219490013-6597776d68016-1ff2614c-ba54739a {"name":"projects/sensei-manager-d64c0/locations/us-central1/operations/operation-1787219490013-6597776d68016-1ff2614c-ba54739a","metadata":{"@type":"type.googleapis.com/google.cloud.functions.v2.OperationMetadata","createTime":"2026-08-20T09:51:30.904609090Z","target":"projects/sensei-manager-d64c0/locations/us-central1/functions/webhookAsaas","verb":"update","cancelRequested":false,"apiVersion":"v2","requestResource":{"@type":"type.googleapis.com/google.cloud.functions.v2.Function","name":"projects/sensei-manager-d64c0/locations/us-central1/functions/webhookAsaas","buildConfig":{"runtime":"nodejs20","entryPoint":"webhookAsaas","source":{"storageSource":{"bucket":"gcf-v2-sources-376094928692-us-central1","object":"webhookAsaas/function-source.zip","generation":"1787219490841082"}},"environmentVariables":{"GOOGLE_NODE_RUN_SCRIPTS":""},"dockerRepository":"projects/sensei-manager-d64c0/locations/us-central1/repositories/gcf-artifacts","sourceProvenance":{"resolvedStorageSource":{"bucket":"gcf-v2-sources-376094928692-us-central1","object":"webhookAsaas/function-source.zip","generation":"1786989867148965"}},"dockerRegistry":"ARTIFACT_REGISTRY","serviceAccount":"projects/sensei-manager-d64c0/serviceAccounts/376094928692-compute@developer.gserviceaccount.com","automaticUpdatePolicy":{}},"serviceConfig":{"service":"projects/sensei-manager-d64c0/locations/us-central1/services/webhookasaas","timeoutSeconds":60,"environmentVariables":{"FIREBASE_CONFIG":"{\"projectId\":\"sensei-manager-d64c0\",\"storageBucket\":\"sensei-manager-d64c0.firebasestorage.app\"}","GCLOUD_PROJECT":"sensei-manager-d64c0","EVENTARC_CLOUD_EVENT_SOURCE":"projects/sensei-manager-d64c0/locations/us-central1/services/webhookAsaas","FUNCTION_TARGET":"webhookAsaas","LOG_EXECUTION_ID":"true"},"ingressSettings":"ALLOW_ALL","serviceAccountEmail":"376094928692-compute@developer.gserviceaccount.com","availableMemory":"256Mi","secretEnvironmentVariables":[{"key":"ASAAS_WEBHOOK_TOKEN","projectId":"sensei-manager-d64c0","secret":"ASAAS_WEBHOOK_TOKEN","version":"1"}],"maxInstanceRequestConcurrency":80,"availableCpu":"1"},"state":"UNKNOWN","labels":{"firebase-functions-hash":"57636b5a224fd2a5e0f1d825b2658881cd8fdb30"},"stateMessages":[{"severity":"ERROR","type":"CloudRunServiceNotFound","message":"Cloud Run service projects/sensei-manager-d64c0/locations/us-central1/services/webhookasaas for the function was not found. The function will not work correctly. Please redeploy."}],"environment":"GEN_2","url":"https://us-central1-sensei-manager-d64c0.cloudfunctions.net/webhookAsaas","satisfiesPzi":true},"stages":[{"name":"BUILD","message":"Build in progress","state":"IN_PROGRESS","resource":"projects/376094928692/locations/us-central1/builds/cfe3e795-3ae8-4278-b68d-5325677e5006","resourceUri":"https://console.cloud.google.com/cloud-build/builds;region=us-central1/cfe3e795-3ae8-4278-b68d-5325677e5006?project=376094928692"},{"name":"SERVICE","state":"NOT_STARTED"}],"operationType":"UPDATE_FUNCTION","buildName":"projects/376094928692/locations/us-central1/builds/cfe3e795-3ae8-4278-b68d-5325677e5006"},"done":false}
[debug] [2026-08-20T09:51:43.550Z] <<< [apiv2][status] GET https://cloudfunctions.googleapis.com/v2/projects/sensei-manager-d64c0/locations/us-central1/operations/operation-1787219489957-6597776d5a78d-f88708f0-3dec7ebd 200
[debug] [2026-08-20T09:51:43.550Z] <<< [apiv2][body] GET https://cloudfunctions.googleapis.com/v2/projects/sensei-manager-d64c0/locations/us-central1/operations/operation-1787219489957-6597776d5a78d-f88708f0-3dec7ebd {"name":"projects/sensei-manager-d64c0/locations/us-central1/operations/operation-1787219489957-6597776d5a78d-f88708f0-3dec7ebd","metadata":{"@type":"type.googleapis.com/google.cloud.functions.v2.OperationMetadata","createTime":"2026-08-20T09:51:31.049983624Z","target":"projects/sensei-manager-d64c0/locations/us-central1/functions/criarCobrancaPix","verb":"update","cancelRequested":false,"apiVersion":"v2","requestResource":{"@type":"type.googleapis.com/google.cloud.functions.v2.Function","name":"projects/sensei-manager-d64c0/locations/us-central1/functions/criarCobrancaPix","buildConfig":{"runtime":"nodejs20","entryPoint":"criarCobrancaPix","source":{"storageSource":{"bucket":"gcf-v2-sources-376094928692-us-central1","object":"criarCobrancaPix/function-source.zip","generation":"1787219490991574"}},"environmentVariables":{"GOOGLE_NODE_RUN_SCRIPTS":""},"dockerRepository":"projects/sensei-manager-d64c0/locations/us-central1/repositories/gcf-artifacts","sourceProvenance":{"resolvedStorageSource":{"bucket":"gcf-v2-sources-376094928692-us-central1","object":"criarCobrancaPix/function-source.zip","generation":"1786989867112722"}},"dockerRegistry":"ARTIFACT_REGISTRY","serviceAccount":"projects/sensei-manager-d64c0/serviceAccounts/376094928692-compute@developer.gserviceaccount.com","automaticUpdatePolicy":{}},"serviceConfig":{"service":"projects/sensei-manager-d64c0/locations/us-central1/services/criarcobrancapix","timeoutSeconds":60,"environmentVariables":{"FIREBASE_CONFIG":"{\"projectId\":\"sensei-manager-d64c0\",\"storageBucket\":\"sensei-manager-d64c0.firebasestorage.app\"}","GCLOUD_PROJECT":"sensei-manager-d64c0","EVENTARC_CLOUD_EVENT_SOURCE":"projects/sensei-manager-d64c0/locations/us-central1/services/criarCobrancaPix","FUNCTION_TARGET":"criarCobrancaPix","LOG_EXECUTION_ID":"true"},"ingressSettings":"ALLOW_ALL","serviceAccountEmail":"376094928692-compute@developer.gserviceaccount.com","availableMemory":"256Mi","secretEnvironmentVariables":[{"key":"ASAAS_API_KEY","projectId":"sensei-manager-d64c0","secret":"ASAAS_API_KEY","version":"1"}],"maxInstanceRequestConcurrency":80,"availableCpu":"1"},"state":"UNKNOWN","labels":{"deployment-callable":"true","firebase-functions-hash":"bbc2f0e50f837243b6332780cdd9814ce9042c3a"},"stateMessages":[{"severity":"ERROR","type":"CloudRunServiceNotFound","message":"Cloud Run service projects/sensei-manager-d64c0/locations/us-central1/services/criarcobrancapix for the function was not found. The function will not work correctly. Please redeploy."}],"environment":"GEN_2","url":"https://us-central1-sensei-manager-d64c0.cloudfunctions.net/criarCobrancaPix","satisfiesPzi":true},"stages":[{"name":"BUILD","message":"Build in progress","state":"IN_PROGRESS","resource":"projects/376094928692/locations/us-central1/builds/e253aaa2-5a38-4674-ab1a-3a3752f5b020","resourceUri":"https://console.cloud.google.com/cloud-build/builds;region=us-central1/e253aaa2-5a38-4674-ab1a-3a3752f5b020?project=376094928692"},{"name":"SERVICE","state":"NOT_STARTED"}],"operationType":"UPDATE_FUNCTION","buildName":"projects/376094928692/locations/us-central1/builds/e253aaa2-5a38-4674-ab1a-3a3752f5b020"},"done":false}
[debug] [2026-08-20T09:51:50.827Z] [update-default-us-central1-verificarStatusAsaas] Retrying task index 0
[debug] [2026-08-20T09:51:50.827Z] Checked if tokens are valid: true, expires at: 1787222614580
[debug] [2026-08-20T09:51:50.828Z] Checked if tokens are valid: true, expires at: 1787222614580
[debug] [2026-08-20T09:51:50.828Z] >>> [apiv2][query] GET https://cloudfunctions.googleapis.com/v2/projects/sensei-manager-d64c0/locations/us-central1/operations/operation-1787219490001-6597776d650b0-ad9399bb-0165f73f [none]
[debug] [2026-08-20T09:51:50.833Z] [update-default-us-central1-webhookAsaas] Retrying task index 0
[debug] [2026-08-20T09:51:50.834Z] Checked if tokens are valid: true, expires at: 1787222614580
[debug] [2026-08-20T09:51:50.834Z] Checked if tokens are valid: true, expires at: 1787222614580
[debug] [2026-08-20T09:51:50.834Z] >>> [apiv2][query] GET https://cloudfunctions.googleapis.com/v2/projects/sensei-manager-d64c0/locations/us-central1/operations/operation-1787219490013-6597776d68016-1ff2614c-ba54739a [none]
[debug] [2026-08-20T09:51:51.551Z] [update-default-us-central1-criarCobrancaPix] Retrying task index 0
[debug] [2026-08-20T09:51:51.551Z] Checked if tokens are valid: true, expires at: 1787222614580
[debug] [2026-08-20T09:51:51.551Z] Checked if tokens are valid: true, expires at: 1787222614580
[debug] [2026-08-20T09:51:51.551Z] >>> [apiv2][query] GET https://cloudfunctions.googleapis.com/v2/projects/sensei-manager-d64c0/locations/us-central1/operations/operation-1787219489957-6597776d5a78d-f88708f0-3dec7ebd [none]
[debug] [2026-08-20T09:51:52.090Z] <<< [apiv2][status] GET https://cloudfunctions.googleapis.com/v2/projects/sensei-manager-d64c0/locations/us-central1/operations/operation-1787219490013-6597776d68016-1ff2614c-ba54739a 200
[debug] [2026-08-20T09:51:52.091Z] <<< [apiv2][body] GET https://cloudfunctions.googleapis.com/v2/projects/sensei-manager-d64c0/locations/us-central1/operations/operation-1787219490013-6597776d68016-1ff2614c-ba54739a {"name":"projects/sensei-manager-d64c0/locations/us-central1/operations/operation-1787219490013-6597776d68016-1ff2614c-ba54739a","metadata":{"@type":"type.googleapis.com/google.cloud.functions.v2.OperationMetadata","createTime":"2026-08-20T09:51:30.904609090Z","target":"projects/sensei-manager-d64c0/locations/us-central1/functions/webhookAsaas","verb":"update","cancelRequested":false,"apiVersion":"v2","requestResource":{"@type":"type.googleapis.com/google.cloud.functions.v2.Function","name":"projects/sensei-manager-d64c0/locations/us-central1/functions/webhookAsaas","buildConfig":{"runtime":"nodejs20","entryPoint":"webhookAsaas","source":{"storageSource":{"bucket":"gcf-v2-sources-376094928692-us-central1","object":"webhookAsaas/function-source.zip","generation":"1787219490841082"}},"environmentVariables":{"GOOGLE_NODE_RUN_SCRIPTS":""},"dockerRepository":"projects/sensei-manager-d64c0/locations/us-central1/repositories/gcf-artifacts","sourceProvenance":{"resolvedStorageSource":{"bucket":"gcf-v2-sources-376094928692-us-central1","object":"webhookAsaas/function-source.zip","generation":"1786989867148965"}},"dockerRegistry":"ARTIFACT_REGISTRY","serviceAccount":"projects/sensei-manager-d64c0/serviceAccounts/376094928692-compute@developer.gserviceaccount.com","automaticUpdatePolicy":{}},"serviceConfig":{"service":"projects/sensei-manager-d64c0/locations/us-central1/services/webhookasaas","timeoutSeconds":60,"environmentVariables":{"FIREBASE_CONFIG":"{\"projectId\":\"sensei-manager-d64c0\",\"storageBucket\":\"sensei-manager-d64c0.firebasestorage.app\"}","GCLOUD_PROJECT":"sensei-manager-d64c0","EVENTARC_CLOUD_EVENT_SOURCE":"projects/sensei-manager-d64c0/locations/us-central1/services/webhookAsaas","FUNCTION_TARGET":"webhookAsaas","LOG_EXECUTION_ID":"true"},"ingressSettings":"ALLOW_ALL","serviceAccountEmail":"376094928692-compute@developer.gserviceaccount.com","availableMemory":"256Mi","secretEnvironmentVariables":[{"key":"ASAAS_WEBHOOK_TOKEN","projectId":"sensei-manager-d64c0","secret":"ASAAS_WEBHOOK_TOKEN","version":"1"}],"maxInstanceRequestConcurrency":80,"availableCpu":"1"},"state":"UNKNOWN","labels":{"firebase-functions-hash":"57636b5a224fd2a5e0f1d825b2658881cd8fdb30"},"stateMessages":[{"severity":"ERROR","type":"CloudRunServiceNotFound","message":"Cloud Run service projects/sensei-manager-d64c0/locations/us-central1/services/webhookasaas for the function was not found. The function will not work correctly. Please redeploy."}],"environment":"GEN_2","url":"https://us-central1-sensei-manager-d64c0.cloudfunctions.net/webhookAsaas","satisfiesPzi":true},"stages":[{"name":"BUILD","message":"Build in progress","state":"IN_PROGRESS","resource":"projects/376094928692/locations/us-central1/builds/cfe3e795-3ae8-4278-b68d-5325677e5006","resourceUri":"https://console.cloud.google.com/cloud-build/builds;region=us-central1/cfe3e795-3ae8-4278-b68d-5325677e5006?project=376094928692"},{"name":"SERVICE","state":"NOT_STARTED"}],"operationType":"UPDATE_FUNCTION","buildName":"projects/376094928692/locations/us-central1/builds/cfe3e795-3ae8-4278-b68d-5325677e5006"},"done":false}
[debug] [2026-08-20T09:51:52.091Z] <<< [apiv2][status] GET https://cloudfunctions.googleapis.com/v2/projects/sensei-manager-d64c0/locations/us-central1/operations/operation-1787219490001-6597776d650b0-ad9399bb-0165f73f 200
[debug] [2026-08-20T09:51:52.091Z] <<< [apiv2][body] GET https://cloudfunctions.googleapis.com/v2/projects/sensei-manager-d64c0/locations/us-central1/operations/operation-1787219490001-6597776d650b0-ad9399bb-0165f73f {"name":"projects/sensei-manager-d64c0/locations/us-central1/operations/operation-1787219490001-6597776d650b0-ad9399bb-0165f73f","metadata":{"@type":"type.googleapis.com/google.cloud.functions.v2.OperationMetadata","createTime":"2026-08-20T09:51:30.918529264Z","target":"projects/sensei-manager-d64c0/locations/us-central1/functions/verificarStatusAsaas","verb":"update","cancelRequested":false,"apiVersion":"v2","requestResource":{"@type":"type.googleapis.com/google.cloud.functions.v2.Function","name":"projects/sensei-manager-d64c0/locations/us-central1/functions/verificarStatusAsaas","buildConfig":{"runtime":"nodejs20","entryPoint":"verificarStatusAsaas","source":{"storageSource":{"bucket":"gcf-v2-sources-376094928692-us-central1","object":"verificarStatusAsaas/function-source.zip","generation":"1787219490860211"}},"environmentVariables":{"GOOGLE_NODE_RUN_SCRIPTS":""},"dockerRepository":"projects/sensei-manager-d64c0/locations/us-central1/repositories/gcf-artifacts","sourceProvenance":{"resolvedStorageSource":{"bucket":"gcf-v2-sources-376094928692-us-central1","object":"verificarStatusAsaas/function-source.zip","generation":"1786989866286603"}},"dockerRegistry":"ARTIFACT_REGISTRY","serviceAccount":"projects/sensei-manager-d64c0/serviceAccounts/376094928692-compute@developer.gserviceaccount.com","automaticUpdatePolicy":{}},"serviceConfig":{"service":"projects/sensei-manager-d64c0/locations/us-central1/services/verificarstatusasaas","timeoutSeconds":60,"environmentVariables":{"FIREBASE_CONFIG":"{\"projectId\":\"sensei-manager-d64c0\",\"storageBucket\":\"sensei-manager-d64c0.firebasestorage.app\"}","GCLOUD_PROJECT":"sensei-manager-d64c0","EVENTARC_CLOUD_EVENT_SOURCE":"projects/sensei-manager-d64c0/locations/us-central1/services/verificarStatusAsaas","FUNCTION_TARGET":"verificarStatusAsaas","LOG_EXECUTION_ID":"true"},"ingressSettings":"ALLOW_ALL","serviceAccountEmail":"376094928692-compute@developer.gserviceaccount.com","availableMemory":"256Mi","secretEnvironmentVariables":[{"key":"ASAAS_API_KEY","projectId":"sensei-manager-d64c0","secret":"ASAAS_API_KEY","version":"1"}],"maxInstanceRequestConcurrency":80,"availableCpu":"1"},"state":"UNKNOWN","labels":{"deployment-callable":"true","firebase-functions-hash":"bbc2f0e50f837243b6332780cdd9814ce9042c3a"},"stateMessages":[{"severity":"ERROR","type":"CloudRunServiceNotFound","message":"Cloud Run service projects/sensei-manager-d64c0/locations/us-central1/services/verificarstatusasaas for the function was not found. The function will not work correctly. Please redeploy."}],"environment":"GEN_2","url":"https://us-central1-sensei-manager-d64c0.cloudfunctions.net/verificarStatusAsaas","satisfiesPzi":true},"stages":[{"name":"BUILD","message":"Build in progress","state":"IN_PROGRESS","resource":"projects/376094928692/locations/us-central1/builds/c531c28f-e364-479e-85ae-2eff3952501a","resourceUri":"https://console.cloud.google.com/cloud-build/builds;region=us-central1/c531c28f-e364-479e-85ae-2eff3952501a?project=376094928692"},{"name":"SERVICE","state":"NOT_STARTED"}],"operationType":"UPDATE_FUNCTION","buildName":"projects/376094928692/locations/us-central1/builds/c531c28f-e364-479e-85ae-2eff3952501a"},"done":false}
[debug] [2026-08-20T09:51:52.625Z] <<< [apiv2][status] GET https://cloudfunctions.googleapis.com/v2/projects/sensei-manager-d64c0/locations/us-central1/operations/operation-1787219489957-6597776d5a78d-f88708f0-3dec7ebd 200
[debug] [2026-08-20T09:51:52.626Z] <<< [apiv2][body] GET https://cloudfunctions.googleapis.com/v2/projects/sensei-manager-d64c0/locations/us-central1/operations/operation-1787219489957-6597776d5a78d-f88708f0-3dec7ebd {"name":"projects/sensei-manager-d64c0/locations/us-central1/operations/operation-1787219489957-6597776d5a78d-f88708f0-3dec7ebd","metadata":{"@type":"type.googleapis.com/google.cloud.functions.v2.OperationMetadata","createTime":"2026-08-20T09:51:31.049983624Z","target":"projects/sensei-manager-d64c0/locations/us-central1/functions/criarCobrancaPix","verb":"update","cancelRequested":false,"apiVersion":"v2","requestResource":{"@type":"type.googleapis.com/google.cloud.functions.v2.Function","name":"projects/sensei-manager-d64c0/locations/us-central1/functions/criarCobrancaPix","buildConfig":{"runtime":"nodejs20","entryPoint":"criarCobrancaPix","source":{"storageSource":{"bucket":"gcf-v2-sources-376094928692-us-central1","object":"criarCobrancaPix/function-source.zip","generation":"1787219490991574"}},"environmentVariables":{"GOOGLE_NODE_RUN_SCRIPTS":""},"dockerRepository":"projects/sensei-manager-d64c0/locations/us-central1/repositories/gcf-artifacts","sourceProvenance":{"resolvedStorageSource":{"bucket":"gcf-v2-sources-376094928692-us-central1","object":"criarCobrancaPix/function-source.zip","generation":"1786989867112722"}},"dockerRegistry":"ARTIFACT_REGISTRY","serviceAccount":"projects/sensei-manager-d64c0/serviceAccounts/376094928692-compute@developer.gserviceaccount.com","automaticUpdatePolicy":{}},"serviceConfig":{"service":"projects/sensei-manager-d64c0/locations/us-central1/services/criarcobrancapix","timeoutSeconds":60,"environmentVariables":{"FIREBASE_CONFIG":"{\"projectId\":\"sensei-manager-d64c0\",\"storageBucket\":\"sensei-manager-d64c0.firebasestorage.app\"}","GCLOUD_PROJECT":"sensei-manager-d64c0","EVENTARC_CLOUD_EVENT_SOURCE":"projects/sensei-manager-d64c0/locations/us-central1/services/criarCobrancaPix","FUNCTION_TARGET":"criarCobrancaPix","LOG_EXECUTION_ID":"true"},"ingressSettings":"ALLOW_ALL","serviceAccountEmail":"376094928692-compute@developer.gserviceaccount.com","availableMemory":"256Mi","secretEnvironmentVariables":[{"key":"ASAAS_API_KEY","projectId":"sensei-manager-d64c0","secret":"ASAAS_API_KEY","version":"1"}],"maxInstanceRequestConcurrency":80,"availableCpu":"1"},"state":"UNKNOWN","labels":{"deployment-callable":"true","firebase-functions-hash":"bbc2f0e50f837243b6332780cdd9814ce9042c3a"},"stateMessages":[{"severity":"ERROR","type":"CloudRunServiceNotFound","message":"Cloud Run service projects/sensei-manager-d64c0/locations/us-central1/services/criarcobrancapix for the function was not found. The function will not work correctly. Please redeploy."}],"environment":"GEN_2","url":"https://us-central1-sensei-manager-d64c0.cloudfunctions.net/criarCobrancaPix","satisfiesPzi":true},"stages":[{"name":"BUILD","message":"Build in progress","state":"IN_PROGRESS","resource":"projects/376094928692/locations/us-central1/builds/e253aaa2-5a38-4674-ab1a-3a3752f5b020","resourceUri":"https://console.cloud.google.com/cloud-build/builds;region=us-central1/e253aaa2-5a38-4674-ab1a-3a3752f5b020?project=376094928692"},{"name":"SERVICE","state":"NOT_STARTED"}],"operationType":"UPDATE_FUNCTION","buildName":"projects/376094928692/locations/us-central1/builds/e253aaa2-5a38-4674-ab1a-3a3752f5b020"},"done":false}
[debug] [2026-08-20T09:52:02.092Z] [update-default-us-central1-webhookAsaas] Retrying task index 0
[debug] [2026-08-20T09:52:02.093Z] Checked if tokens are valid: true, expires at: 1787222614580
[debug] [2026-08-20T09:52:02.093Z] Checked if tokens are valid: true, expires at: 1787222614580
[debug] [2026-08-20T09:52:02.093Z] >>> [apiv2][query] GET https://cloudfunctions.googleapis.com/v2/projects/sensei-manager-d64c0/locations/us-central1/operations/operation-1787219490013-6597776d68016-1ff2614c-ba54739a [none]
[debug] [2026-08-20T09:52:02.095Z] [update-default-us-central1-verificarStatusAsaas] Retrying task index 0
[debug] [2026-08-20T09:52:02.096Z] Checked if tokens are valid: true, expires at: 1787222614580
[debug] [2026-08-20T09:52:02.096Z] Checked if tokens are valid: true, expires at: 1787222614580
[debug] [2026-08-20T09:52:02.096Z] >>> [apiv2][query] GET https://cloudfunctions.googleapis.com/v2/projects/sensei-manager-d64c0/locations/us-central1/operations/operation-1787219490001-6597776d650b0-ad9399bb-0165f73f [none]
[debug] [2026-08-20T09:52:02.627Z] [update-default-us-central1-criarCobrancaPix] Retrying task index 0
[debug] [2026-08-20T09:52:02.628Z] Checked if tokens are valid: true, expires at: 1787222614580
[debug] [2026-08-20T09:52:02.628Z] Checked if tokens are valid: true, expires at: 1787222614580
[debug] [2026-08-20T09:52:02.628Z] >>> [apiv2][query] GET https://cloudfunctions.googleapis.com/v2/projects/sensei-manager-d64c0/locations/us-central1/operations/operation-1787219489957-6597776d5a78d-f88708f0-3dec7ebd [none]
[debug] [2026-08-20T09:52:03.152Z] <<< [apiv2][status] GET https://cloudfunctions.googleapis.com/v2/projects/sensei-manager-d64c0/locations/us-central1/operations/operation-1787219490013-6597776d68016-1ff2614c-ba54739a 200
[debug] [2026-08-20T09:52:03.152Z] <<< [apiv2][body] GET https://cloudfunctions.googleapis.com/v2/projects/sensei-manager-d64c0/locations/us-central1/operations/operation-1787219490013-6597776d68016-1ff2614c-ba54739a {"name":"projects/sensei-manager-d64c0/locations/us-central1/operations/operation-1787219490013-6597776d68016-1ff2614c-ba54739a","metadata":{"@type":"type.googleapis.com/google.cloud.functions.v2.OperationMetadata","createTime":"2026-08-20T09:51:30.904609090Z","target":"projects/sensei-manager-d64c0/locations/us-central1/functions/webhookAsaas","verb":"update","cancelRequested":false,"apiVersion":"v2","requestResource":{"@type":"type.googleapis.com/google.cloud.functions.v2.Function","name":"projects/sensei-manager-d64c0/locations/us-central1/functions/webhookAsaas","buildConfig":{"runtime":"nodejs20","entryPoint":"webhookAsaas","source":{"storageSource":{"bucket":"gcf-v2-sources-376094928692-us-central1","object":"webhookAsaas/function-source.zip","generation":"1787219490841082"}},"environmentVariables":{"GOOGLE_NODE_RUN_SCRIPTS":""},"dockerRepository":"projects/sensei-manager-d64c0/locations/us-central1/repositories/gcf-artifacts","sourceProvenance":{"resolvedStorageSource":{"bucket":"gcf-v2-sources-376094928692-us-central1","object":"webhookAsaas/function-source.zip","generation":"1786989867148965"}},"dockerRegistry":"ARTIFACT_REGISTRY","serviceAccount":"projects/sensei-manager-d64c0/serviceAccounts/376094928692-compute@developer.gserviceaccount.com","automaticUpdatePolicy":{}},"serviceConfig":{"service":"projects/sensei-manager-d64c0/locations/us-central1/services/webhookasaas","timeoutSeconds":60,"environmentVariables":{"FIREBASE_CONFIG":"{\"projectId\":\"sensei-manager-d64c0\",\"storageBucket\":\"sensei-manager-d64c0.firebasestorage.app\"}","GCLOUD_PROJECT":"sensei-manager-d64c0","EVENTARC_CLOUD_EVENT_SOURCE":"projects/sensei-manager-d64c0/locations/us-central1/services/webhookAsaas","FUNCTION_TARGET":"webhookAsaas","LOG_EXECUTION_ID":"true"},"ingressSettings":"ALLOW_ALL","serviceAccountEmail":"376094928692-compute@developer.gserviceaccount.com","availableMemory":"256Mi","secretEnvironmentVariables":[{"key":"ASAAS_WEBHOOK_TOKEN","projectId":"sensei-manager-d64c0","secret":"ASAAS_WEBHOOK_TOKEN","version":"1"}],"maxInstanceRequestConcurrency":80,"availableCpu":"1"},"state":"UNKNOWN","labels":{"firebase-functions-hash":"57636b5a224fd2a5e0f1d825b2658881cd8fdb30"},"stateMessages":[{"severity":"ERROR","type":"CloudRunServiceNotFound","message":"Cloud Run service projects/sensei-manager-d64c0/locations/us-central1/services/webhookasaas for the function was not found. The function will not work correctly. Please redeploy."}],"environment":"GEN_2","url":"https://us-central1-sensei-manager-d64c0.cloudfunctions.net/webhookAsaas","satisfiesPzi":true},"stages":[{"name":"BUILD","message":"Build in progress","state":"IN_PROGRESS","resource":"projects/376094928692/locations/us-central1/builds/cfe3e795-3ae8-4278-b68d-5325677e5006","resourceUri":"https://console.cloud.google.com/cloud-build/builds;region=us-central1/cfe3e795-3ae8-4278-b68d-5325677e5006?project=376094928692"},{"name":"SERVICE","state":"NOT_STARTED"}],"operationType":"UPDATE_FUNCTION","buildName":"projects/376094928692/locations/us-central1/builds/cfe3e795-3ae8-4278-b68d-5325677e5006"},"done":false}
[debug] [2026-08-20T09:52:03.184Z] <<< [apiv2][status] GET https://cloudfunctions.googleapis.com/v2/projects/sensei-manager-d64c0/locations/us-central1/operations/operation-1787219490001-6597776d650b0-ad9399bb-0165f73f 200
[debug] [2026-08-20T09:52:03.184Z] <<< [apiv2][body] GET https://cloudfunctions.googleapis.com/v2/projects/sensei-manager-d64c0/locations/us-central1/operations/operation-1787219490001-6597776d650b0-ad9399bb-0165f73f {"name":"projects/sensei-manager-d64c0/locations/us-central1/operations/operation-1787219490001-6597776d650b0-ad9399bb-0165f73f","metadata":{"@type":"type.googleapis.com/google.cloud.functions.v2.OperationMetadata","createTime":"2026-08-20T09:51:30.918529264Z","target":"projects/sensei-manager-d64c0/locations/us-central1/functions/verificarStatusAsaas","verb":"update","cancelRequested":false,"apiVersion":"v2","requestResource":{"@type":"type.googleapis.com/google.cloud.functions.v2.Function","name":"projects/sensei-manager-d64c0/locations/us-central1/functions/verificarStatusAsaas","buildConfig":{"runtime":"nodejs20","entryPoint":"verificarStatusAsaas","source":{"storageSource":{"bucket":"gcf-v2-sources-376094928692-us-central1","object":"verificarStatusAsaas/function-source.zip","generation":"1787219490860211"}},"environmentVariables":{"GOOGLE_NODE_RUN_SCRIPTS":""},"dockerRepository":"projects/sensei-manager-d64c0/locations/us-central1/repositories/gcf-artifacts","sourceProvenance":{"resolvedStorageSource":{"bucket":"gcf-v2-sources-376094928692-us-central1","object":"verificarStatusAsaas/function-source.zip","generation":"1786989866286603"}},"dockerRegistry":"ARTIFACT_REGISTRY","serviceAccount":"projects/sensei-manager-d64c0/serviceAccounts/376094928692-compute@developer.gserviceaccount.com","automaticUpdatePolicy":{}},"serviceConfig":{"service":"projects/sensei-manager-d64c0/locations/us-central1/services/verificarstatusasaas","timeoutSeconds":60,"environmentVariables":{"FIREBASE_CONFIG":"{\"projectId\":\"sensei-manager-d64c0\",\"storageBucket\":\"sensei-manager-d64c0.firebasestorage.app\"}","GCLOUD_PROJECT":"sensei-manager-d64c0","EVENTARC_CLOUD_EVENT_SOURCE":"projects/sensei-manager-d64c0/locations/us-central1/services/verificarStatusAsaas","FUNCTION_TARGET":"verificarStatusAsaas","LOG_EXECUTION_ID":"true"},"ingressSettings":"ALLOW_ALL","serviceAccountEmail":"376094928692-compute@developer.gserviceaccount.com","availableMemory":"256Mi","secretEnvironmentVariables":[{"key":"ASAAS_API_KEY","projectId":"sensei-manager-d64c0","secret":"ASAAS_API_KEY","version":"1"}],"maxInstanceRequestConcurrency":80,"availableCpu":"1"},"state":"UNKNOWN","labels":{"deployment-callable":"true","firebase-functions-hash":"bbc2f0e50f837243b6332780cdd9814ce9042c3a"},"stateMessages":[{"severity":"ERROR","type":"CloudRunServiceNotFound","message":"Cloud Run service projects/sensei-manager-d64c0/locations/us-central1/services/verificarstatusasaas for the function was not found. The function will not work correctly. Please redeploy."}],"environment":"GEN_2","url":"https://us-central1-sensei-manager-d64c0.cloudfunctions.net/verificarStatusAsaas","satisfiesPzi":true},"stages":[{"name":"BUILD","message":"Build in progress","state":"IN_PROGRESS","resource":"projects/376094928692/locations/us-central1/builds/c531c28f-e364-479e-85ae-2eff3952501a","resourceUri":"https://console.cloud.google.com/cloud-build/builds;region=us-central1/c531c28f-e364-479e-85ae-2eff3952501a?project=376094928692"},{"name":"SERVICE","state":"NOT_STARTED"}],"operationType":"UPDATE_FUNCTION","buildName":"projects/376094928692/locations/us-central1/builds/c531c28f-e364-479e-85ae-2eff3952501a"},"done":false}
[debug] [2026-08-20T09:52:03.732Z] <<< [apiv2][status] GET https://cloudfunctions.googleapis.com/v2/projects/sensei-manager-d64c0/locations/us-central1/operations/operation-1787219489957-6597776d5a78d-f88708f0-3dec7ebd 200
[debug] [2026-08-20T09:52:03.732Z] <<< [apiv2][body] GET https://cloudfunctions.googleapis.com/v2/projects/sensei-manager-d64c0/locations/us-central1/operations/operation-1787219489957-6597776d5a78d-f88708f0-3dec7ebd {"name":"projects/sensei-manager-d64c0/locations/us-central1/operations/operation-1787219489957-6597776d5a78d-f88708f0-3dec7ebd","metadata":{"@type":"type.googleapis.com/google.cloud.functions.v2.OperationMetadata","createTime":"2026-08-20T09:51:31.049983624Z","endTime":"2026-08-20T09:52:01.895056676Z","target":"projects/sensei-manager-d64c0/locations/us-central1/functions/criarCobrancaPix","verb":"update","cancelRequested":false,"apiVersion":"v2","requestResource":{"@type":"type.googleapis.com/google.cloud.functions.v2.Function","name":"projects/sensei-manager-d64c0/locations/us-central1/functions/criarCobrancaPix","buildConfig":{"runtime":"nodejs20","entryPoint":"criarCobrancaPix","source":{"storageSource":{"bucket":"gcf-v2-sources-376094928692-us-central1","object":"criarCobrancaPix/function-source.zip","generation":"1787219490991574"}},"environmentVariables":{"GOOGLE_NODE_RUN_SCRIPTS":""},"dockerRepository":"projects/sensei-manager-d64c0/locations/us-central1/repositories/gcf-artifacts","sourceProvenance":{"resolvedStorageSource":{"bucket":"gcf-v2-sources-376094928692-us-central1","object":"criarCobrancaPix/function-source.zip","generation":"1786989867112722"}},"dockerRegistry":"ARTIFACT_REGISTRY","serviceAccount":"projects/sensei-manager-d64c0/serviceAccounts/376094928692-compute@developer.gserviceaccount.com","automaticUpdatePolicy":{}},"serviceConfig":{"service":"projects/sensei-manager-d64c0/locations/us-central1/services/criarcobrancapix","timeoutSeconds":60,"environmentVariables":{"FIREBASE_CONFIG":"{\"projectId\":\"sensei-manager-d64c0\",\"storageBucket\":\"sensei-manager-d64c0.firebasestorage.app\"}","GCLOUD_PROJECT":"sensei-manager-d64c0","EVENTARC_CLOUD_EVENT_SOURCE":"projects/sensei-manager-d64c0/locations/us-central1/services/criarCobrancaPix","FUNCTION_TARGET":"criarCobrancaPix","LOG_EXECUTION_ID":"true"},"ingressSettings":"ALLOW_ALL","serviceAccountEmail":"376094928692-compute@developer.gserviceaccount.com","availableMemory":"256Mi","secretEnvironmentVariables":[{"key":"ASAAS_API_KEY","projectId":"sensei-manager-d64c0","secret":"ASAAS_API_KEY","version":"1"}],"maxInstanceRequestConcurrency":80,"availableCpu":"1"},"state":"UNKNOWN","labels":{"deployment-callable":"true","firebase-functions-hash":"bbc2f0e50f837243b6332780cdd9814ce9042c3a"},"stateMessages":[{"severity":"ERROR","type":"CloudRunServiceNotFound","message":"Cloud Run service projects/sensei-manager-d64c0/locations/us-central1/services/criarcobrancapix for the function was not found. The function will not work correctly. Please redeploy."}],"environment":"GEN_2","url":"https://us-central1-sensei-manager-d64c0.cloudfunctions.net/criarCobrancaPix","satisfiesPzi":true},"stages":[{"name":"SERVICE","state":"NOT_STARTED"}],"operationType":"UPDATE_FUNCTION"},"done":true,"error":{"code":3,"message":"Build failed with status: FAILURE. Could not build the function due to a missing permission on the build service account. If you didn't revoke that permission explicitly, this could be caused by a change in the organization policies. Please refer to the following documentation for more details and resolution: https://cloud.google.com/functions/docs/troubleshooting#build-service-account\n You can also view the logs at https://console.cloud.google.com/cloud-build/builds;region=us-central1/e253aaa2-5a38-4674-ab1a-3a3752f5b020?project=376094928692.\n"}}
[debug] [2026-08-20T09:52:03.733Z] Got source token undefined for region us-central1
[error] Build failed with status: FAILURE. Could not build the function due to a missing permission on the build service account. If you didn't revoke that permission explicitly, this could be caused by a change in the organization policies. Please refer to the following documentation for more details and resolution: https://cloud.google.com/functions/docs/troubleshooting#build-service-account
 You can also view the logs at https://console.cloud.google.com/cloud-build/builds;region=us-central1/e253aaa2-5a38-4674-ab1a-3a3752f5b020?project=376094928692.

[debug] [2026-08-20T09:52:13.154Z] [update-default-us-central1-webhookAsaas] Retrying task index 0
[debug] [2026-08-20T09:52:13.154Z] Checked if tokens are valid: true, expires at: 1787222614580
[debug] [2026-08-20T09:52:13.154Z] Checked if tokens are valid: true, expires at: 1787222614580
[debug] [2026-08-20T09:52:13.154Z] >>> [apiv2][query] GET https://cloudfunctions.googleapis.com/v2/projects/sensei-manager-d64c0/locations/us-central1/operations/operation-1787219490013-6597776d68016-1ff2614c-ba54739a [none]
[debug] [2026-08-20T09:52:13.186Z] [update-default-us-central1-verificarStatusAsaas] Retrying task index 0
[debug] [2026-08-20T09:52:13.186Z] Checked if tokens are valid: true, expires at: 1787222614580
[debug] [2026-08-20T09:52:13.186Z] Checked if tokens are valid: true, expires at: 1787222614580
[debug] [2026-08-20T09:52:13.187Z] >>> [apiv2][query] GET https://cloudfunctions.googleapis.com/v2/projects/sensei-manager-d64c0/locations/us-central1/operations/operation-1787219490001-6597776d650b0-ad9399bb-0165f73f [none]
[debug] [2026-08-20T09:52:14.311Z] <<< [apiv2][status] GET https://cloudfunctions.googleapis.com/v2/projects/sensei-manager-d64c0/locations/us-central1/operations/operation-1787219490001-6597776d650b0-ad9399bb-0165f73f 200
[debug] [2026-08-20T09:52:14.312Z] <<< [apiv2][body] GET https://cloudfunctions.googleapis.com/v2/projects/sensei-manager-d64c0/locations/us-central1/operations/operation-1787219490001-6597776d650b0-ad9399bb-0165f73f {"name":"projects/sensei-manager-d64c0/locations/us-central1/operations/operation-1787219490001-6597776d650b0-ad9399bb-0165f73f","metadata":{"@type":"type.googleapis.com/google.cloud.functions.v2.OperationMetadata","createTime":"2026-08-20T09:51:30.918529264Z","endTime":"2026-08-20T09:52:03.867467631Z","target":"projects/sensei-manager-d64c0/locations/us-central1/functions/verificarStatusAsaas","verb":"update","cancelRequested":false,"apiVersion":"v2","requestResource":{"@type":"type.googleapis.com/google.cloud.functions.v2.Function","name":"projects/sensei-manager-d64c0/locations/us-central1/functions/verificarStatusAsaas","buildConfig":{"runtime":"nodejs20","entryPoint":"verificarStatusAsaas","source":{"storageSource":{"bucket":"gcf-v2-sources-376094928692-us-central1","object":"verificarStatusAsaas/function-source.zip","generation":"1787219490860211"}},"environmentVariables":{"GOOGLE_NODE_RUN_SCRIPTS":""},"dockerRepository":"projects/sensei-manager-d64c0/locations/us-central1/repositories/gcf-artifacts","sourceProvenance":{"resolvedStorageSource":{"bucket":"gcf-v2-sources-376094928692-us-central1","object":"verificarStatusAsaas/function-source.zip","generation":"1786989866286603"}},"dockerRegistry":"ARTIFACT_REGISTRY","serviceAccount":"projects/sensei-manager-d64c0/serviceAccounts/376094928692-compute@developer.gserviceaccount.com","automaticUpdatePolicy":{}},"serviceConfig":{"service":"projects/sensei-manager-d64c0/locations/us-central1/services/verificarstatusasaas","timeoutSeconds":60,"environmentVariables":{"FIREBASE_CONFIG":"{\"projectId\":\"sensei-manager-d64c0\",\"storageBucket\":\"sensei-manager-d64c0.firebasestorage.app\"}","GCLOUD_PROJECT":"sensei-manager-d64c0","EVENTARC_CLOUD_EVENT_SOURCE":"projects/sensei-manager-d64c0/locations/us-central1/services/verificarStatusAsaas","FUNCTION_TARGET":"verificarStatusAsaas","LOG_EXECUTION_ID":"true"},"ingressSettings":"ALLOW_ALL","serviceAccountEmail":"376094928692-compute@developer.gserviceaccount.com","availableMemory":"256Mi","secretEnvironmentVariables":[{"key":"ASAAS_API_KEY","projectId":"sensei-manager-d64c0","secret":"ASAAS_API_KEY","version":"1"}],"maxInstanceRequestConcurrency":80,"availableCpu":"1"},"state":"UNKNOWN","labels":{"deployment-callable":"true","firebase-functions-hash":"bbc2f0e50f837243b6332780cdd9814ce9042c3a"},"stateMessages":[{"severity":"ERROR","type":"CloudRunServiceNotFound","message":"Cloud Run service projects/sensei-manager-d64c0/locations/us-central1/services/verificarstatusasaas for the function was not found. The function will not work correctly. Please redeploy."}],"environment":"GEN_2","url":"https://us-central1-sensei-manager-d64c0.cloudfunctions.net/verificarStatusAsaas","satisfiesPzi":true},"stages":[{"name":"SERVICE","state":"NOT_STARTED"}],"operationType":"UPDATE_FUNCTION"},"done":true,"error":{"code":3,"message":"Build failed with status: FAILURE. Could not build the function due to a missing permission on the build service account. If you didn't revoke that permission explicitly, this could be caused by a change in the organization policies. Please refer to the following documentation for more details and resolution: https://cloud.google.com/functions/docs/troubleshooting#build-service-account\n You can also view the logs at https://console.cloud.google.com/cloud-build/builds;region=us-central1/c531c28f-e364-479e-85ae-2eff3952501a?project=376094928692.\n"}}
[debug] [2026-08-20T09:52:14.312Z] Got source token undefined for region us-central1
[error] Build failed with status: FAILURE. Could not build the function due to a missing permission on the build service account. If you didn't revoke that permission explicitly, this could be caused by a change in the organization policies. Please refer to the following documentation for more details and resolution: https://cloud.google.com/functions/docs/troubleshooting#build-service-account
 You can also view the logs at https://console.cloud.google.com/cloud-build/builds;region=us-central1/c531c28f-e364-479e-85ae-2eff3952501a?project=376094928692.

[debug] [2026-08-20T09:52:14.313Z] <<< [apiv2][status] GET https://cloudfunctions.googleapis.com/v2/projects/sensei-manager-d64c0/locations/us-central1/operations/operation-1787219490013-6597776d68016-1ff2614c-ba54739a 200
[debug] [2026-08-20T09:52:14.313Z] <<< [apiv2][body] GET https://cloudfunctions.googleapis.com/v2/projects/sensei-manager-d64c0/locations/us-central1/operations/operation-1787219490013-6597776d68016-1ff2614c-ba54739a {"name":"projects/sensei-manager-d64c0/locations/us-central1/operations/operation-1787219490013-6597776d68016-1ff2614c-ba54739a","metadata":{"@type":"type.googleapis.com/google.cloud.functions.v2.OperationMetadata","createTime":"2026-08-20T09:51:30.904609090Z","endTime":"2026-08-20T09:52:03.253173443Z","target":"projects/sensei-manager-d64c0/locations/us-central1/functions/webhookAsaas","verb":"update","cancelRequested":false,"apiVersion":"v2","requestResource":{"@type":"type.googleapis.com/google.cloud.functions.v2.Function","name":"projects/sensei-manager-d64c0/locations/us-central1/functions/webhookAsaas","buildConfig":{"runtime":"nodejs20","entryPoint":"webhookAsaas","source":{"storageSource":{"bucket":"gcf-v2-sources-376094928692-us-central1","object":"webhookAsaas/function-source.zip","generation":"1787219490841082"}},"environmentVariables":{"GOOGLE_NODE_RUN_SCRIPTS":""},"dockerRepository":"projects/sensei-manager-d64c0/locations/us-central1/repositories/gcf-artifacts","sourceProvenance":{"resolvedStorageSource":{"bucket":"gcf-v2-sources-376094928692-us-central1","object":"webhookAsaas/function-source.zip","generation":"1786989867148965"}},"dockerRegistry":"ARTIFACT_REGISTRY","serviceAccount":"projects/sensei-manager-d64c0/serviceAccounts/376094928692-compute@developer.gserviceaccount.com","automaticUpdatePolicy":{}},"serviceConfig":{"service":"projects/sensei-manager-d64c0/locations/us-central1/services/webhookasaas","timeoutSeconds":60,"environmentVariables":{"FIREBASE_CONFIG":"{\"projectId\":\"sensei-manager-d64c0\",\"storageBucket\":\"sensei-manager-d64c0.firebasestorage.app\"}","GCLOUD_PROJECT":"sensei-manager-d64c0","EVENTARC_CLOUD_EVENT_SOURCE":"projects/sensei-manager-d64c0/locations/us-central1/services/webhookAsaas","FUNCTION_TARGET":"webhookAsaas","LOG_EXECUTION_ID":"true"},"ingressSettings":"ALLOW_ALL","serviceAccountEmail":"376094928692-compute@developer.gserviceaccount.com","availableMemory":"256Mi","secretEnvironmentVariables":[{"key":"ASAAS_WEBHOOK_TOKEN","projectId":"sensei-manager-d64c0","secret":"ASAAS_WEBHOOK_TOKEN","version":"1"}],"maxInstanceRequestConcurrency":80,"availableCpu":"1"},"state":"UNKNOWN","labels":{"firebase-functions-hash":"57636b5a224fd2a5e0f1d825b2658881cd8fdb30"},"stateMessages":[{"severity":"ERROR","type":"CloudRunServiceNotFound","message":"Cloud Run service projects/sensei-manager-d64c0/locations/us-central1/services/webhookasaas for the function was not found. The function will not work correctly. Please redeploy."}],"environment":"GEN_2","url":"https://us-central1-sensei-manager-d64c0.cloudfunctions.net/webhookAsaas","satisfiesPzi":true},"stages":[{"name":"SERVICE","state":"NOT_STARTED"}],"operationType":"UPDATE_FUNCTION"},"done":true,"error":{"code":3,"message":"Build failed with status: FAILURE. Could not build the function due to a missing permission on the build service account. If you didn't revoke that permission explicitly, this could be caused by a change in the organization policies. Please refer to the following documentation for more details and resolution: https://cloud.google.com/functions/docs/troubleshooting#build-service-account\n You can also view the logs at https://console.cloud.google.com/cloud-build/builds;region=us-central1/cfe3e795-3ae8-4278-b68d-5325677e5006?project=376094928692.\n"}}
[debug] [2026-08-20T09:52:14.313Z] Got source token undefined for region us-central1
[error] Build failed with status: FAILURE. Could not build the function due to a missing permission on the build service account. If you didn't revoke that permission explicitly, this could be caused by a change in the organization policies. Please refer to the following documentation for more details and resolution: https://cloud.google.com/functions/docs/troubleshooting#build-service-account
 You can also view the logs at https://console.cloud.google.com/cloud-build/builds;region=us-central1/cfe3e795-3ae8-4278-b68d-5325677e5006?project=376094928692.

[warn] ⚠  functions: Deploys failed. Skipping deletes. 
[debug] [2026-08-20T09:52:14.320Z] Total Function Deployment time: 80218
[debug] [2026-08-20T09:52:14.320Z] 4 Functions Deployed
[debug] [2026-08-20T09:52:14.320Z] 4 Functions Errored
[debug] [2026-08-20T09:52:14.320Z] 0 Function Deployments Aborted
[debug] [2026-08-20T09:52:14.320Z] Average Function Deployment time: 66252
[info] 
[info] Functions deploy had errors with the following functions:
	criarCobrancaPix(us-central1)
	criarSubcontaAcademia(us-central1)
	verificarStatusAsaas(us-central1)
	webhookAsaas(us-central1)
[debug] [2026-08-20T09:52:14.497Z] Not printing URL for HTTPS function. Typically this means it didn't match a filter or we failed deployment
[debug] [2026-08-20T09:52:14.498Z] Checked if tokens are valid: true, expires at: 1787222614580
[debug] [2026-08-20T09:52:14.498Z] Checked if tokens are valid: true, expires at: 1787222614580
[debug] [2026-08-20T09:52:14.498Z] >>> [apiv2][query] GET https://artifactregistry.googleapis.com/v1/projects/sensei-manager-d64c0/locations/us-central1/repositories/gcf-artifacts [none]
[debug] [2026-08-20T09:52:15.688Z] <<< [apiv2][status] GET https://artifactregistry.googleapis.com/v1/projects/sensei-manager-d64c0/locations/us-central1/repositories/gcf-artifacts 200
[debug] [2026-08-20T09:52:15.688Z] <<< [apiv2][body] GET https://artifactregistry.googleapis.com/v1/projects/sensei-manager-d64c0/locations/us-central1/repositories/gcf-artifacts {"name":"projects/sensei-manager-d64c0/locations/us-central1/repositories/gcf-artifacts","format":"DOCKER","description":"This repository is created and used by Cloud Functions for storing function docker images.","labels":{"goog-managed-by":"cloudfunctions"},"createTime":"2026-08-17T18:03:51.496633Z","updateTime":"2026-08-17T18:06:20.012547Z","mode":"STANDARD_REPOSITORY","cleanupPolicies":{"firebase-functions-cleanup":{"id":"firebase-functions-cleanup","action":"DELETE","condition":{"tagState":"ANY","olderThan":"86400s"}}},"vulnerabilityScanningConfig":{"lastEnableTime":"2026-08-17T18:03:42.381503507Z","enablementState":"SCANNING_DISABLED","enablementStateReason":"API containerscanning.googleapis.com is not enabled."},"satisfiesPzi":true,"registryUri":"us-central1-docker.pkg.dev/sensei-manager-d64c0/gcf-artifacts"}
[debug] [2026-08-20T09:52:15.689Z] Functions deploy failed.
[debug] [2026-08-20T09:52:15.689Z] {
  "endpoint": {
    "id": "criarSubcontaAcademia",
    "project": "sensei-manager-d64c0",
    "region": "us-central1",
    "entryPoint": "criarSubcontaAcademia",
    "platform": "gcfv2",
    "runtime": "nodejs20",
    "callableTrigger": {},
    "labels": {
      "deployment-tool": "cli-firebase"
    },
    "secretEnvironmentVariables": [
      {
        "key": "ASAAS_API_KEY",
        "secret": "ASAAS_API_KEY",
        "projectId": "sensei-manager-d64c0",
        "version": "1"
      }
    ],
    "serviceAccount": null,
    "ingressSettings": null,
    "availableMemoryMb": null,
    "timeoutSeconds": null,
    "maxInstances": null,
    "minInstances": null,
    "concurrency": 80,
    "vpc": null,
    "environmentVariables": {
      "FIREBASE_CONFIG": "{\"projectId\":\"sensei-manager-d64c0\",\"storageBucket\":\"sensei-manager-d64c0.firebasestorage.app\"}",
      "GCLOUD_PROJECT": "sensei-manager-d64c0",
      "EVENTARC_CLOUD_EVENT_SOURCE": "projects/sensei-manager-d64c0/locations/us-central1/services/criarSubcontaAcademia"
    },
    "codebase": "default",
    "securityLevel": "SECURE_ALWAYS",
    "cpu": 1,
    "targetedByOnly": false,
    "hash": "bbc2f0e50f837243b6332780cdd9814ce9042c3a"
  },
  "op": "update",
  "original": {
    "name": "FirebaseError",
    "children": [],
    "exit": 1,
    "message": "Build failed with status: FAILURE. Could not build the function due to a missing permission on the build service account. If you didn't revoke that permission explicitly, this could be caused by a change in the organization policies. Please refer to the following documentation for more details and resolution: https://cloud.google.com/functions/docs/troubleshooting#build-service-account\n You can also view the logs at https://console.cloud.google.com/cloud-build/builds;region=us-central1/eee735a2-9045-47d3-8a26-83155d0e72b4?project=376094928692.\n",
    "original": {
      "code": 3,
      "message": "Build failed with status: FAILURE. Could not build the function due to a missing permission on the build service account. If you didn't revoke that permission explicitly, this could be caused by a change in the organization policies. Please refer to the following documentation for more details and resolution: https://cloud.google.com/functions/docs/troubleshooting#build-service-account\n You can also view the logs at https://console.cloud.google.com/cloud-build/builds;region=us-central1/eee735a2-9045-47d3-8a26-83155d0e72b4?project=376094928692.\n"
    },
    "status": 3,
    "code": 3
  }
}
[debug] [2026-08-20T09:52:15.689Z] {
  "endpoint": {
    "id": "verificarStatusAsaas",
    "project": "sensei-manager-d64c0",
    "region": "us-central1",
    "entryPoint": "verificarStatusAsaas",
    "platform": "gcfv2",
    "runtime": "nodejs20",
    "callableTrigger": {},
    "labels": {
      "deployment-tool": "cli-firebase"
    },
    "secretEnvironmentVariables": [
      {
        "key": "ASAAS_API_KEY",
        "secret": "ASAAS_API_KEY",
        "projectId": "sensei-manager-d64c0",
        "version": "1"
      }
    ],
    "serviceAccount": null,
    "ingressSettings": null,
    "availableMemoryMb": null,
    "timeoutSeconds": null,
    "maxInstances": null,
    "minInstances": null,
    "concurrency": 80,
    "vpc": null,
    "environmentVariables": {
      "FIREBASE_CONFIG": "{\"projectId\":\"sensei-manager-d64c0\",\"storageBucket\":\"sensei-manager-d64c0.firebasestorage.app\"}",
      "GCLOUD_PROJECT": "sensei-manager-d64c0",
      "EVENTARC_CLOUD_EVENT_SOURCE": "projects/sensei-manager-d64c0/locations/us-central1/services/verificarStatusAsaas"
    },
    "codebase": "default",
    "securityLevel": "SECURE_ALWAYS",
    "cpu": 1,
    "targetedByOnly": false,
    "hash": "bbc2f0e50f837243b6332780cdd9814ce9042c3a"
  },
  "op": "update",
  "original": {
    "name": "FirebaseError",
    "children": [],
    "exit": 1,
    "message": "Build failed with status: FAILURE. Could not build the function due to a missing permission on the build service account. If you didn't revoke that permission explicitly, this could be caused by a change in the organization policies. Please refer to the following documentation for more details and resolution: https://cloud.google.com/functions/docs/troubleshooting#build-service-account\n You can also view the logs at https://console.cloud.google.com/cloud-build/builds;region=us-central1/c531c28f-e364-479e-85ae-2eff3952501a?project=376094928692.\n",
    "original": {
      "code": 3,
      "message": "Build failed with status: FAILURE. Could not build the function due to a missing permission on the build service account. If you didn't revoke that permission explicitly, this could be caused by a change in the organization policies. Please refer to the following documentation for more details and resolution: https://cloud.google.com/functions/docs/troubleshooting#build-service-account\n You can also view the logs at https://console.cloud.google.com/cloud-build/builds;region=us-central1/c531c28f-e364-479e-85ae-2eff3952501a?project=376094928692.\n"
    },
    "status": 3,
    "code": 3
  }
}
[debug] [2026-08-20T09:52:15.689Z] {
  "endpoint": {
    "id": "criarCobrancaPix",
    "project": "sensei-manager-d64c0",
    "region": "us-central1",
    "entryPoint": "criarCobrancaPix",
    "platform": "gcfv2",
    "runtime": "nodejs20",
    "callableTrigger": {},
    "labels": {
      "deployment-tool": "cli-firebase"
    },
    "secretEnvironmentVariables": [
      {
        "key": "ASAAS_API_KEY",
        "secret": "ASAAS_API_KEY",
        "projectId": "sensei-manager-d64c0",
        "version": "1"
      }
    ],
    "serviceAccount": null,
    "ingressSettings": null,
    "availableMemoryMb": null,
    "timeoutSeconds": null,
    "maxInstances": null,
    "minInstances": null,
    "concurrency": 80,
    "vpc": null,
    "environmentVariables": {
      "FIREBASE_CONFIG": "{\"projectId\":\"sensei-manager-d64c0\",\"storageBucket\":\"sensei-manager-d64c0.firebasestorage.app\"}",
      "GCLOUD_PROJECT": "sensei-manager-d64c0",
      "EVENTARC_CLOUD_EVENT_SOURCE": "projects/sensei-manager-d64c0/locations/us-central1/services/criarCobrancaPix"
    },
    "codebase": "default",
    "securityLevel": "SECURE_ALWAYS",
    "cpu": 1,
    "targetedByOnly": false,
    "hash": "bbc2f0e50f837243b6332780cdd9814ce9042c3a"
  },
  "op": "update",
  "original": {
    "name": "FirebaseError",
    "children": [],
    "exit": 1,
    "message": "Build failed with status: FAILURE. Could not build the function due to a missing permission on the build service account. If you didn't revoke that permission explicitly, this could be caused by a change in the organization policies. Please refer to the following documentation for more details and resolution: https://cloud.google.com/functions/docs/troubleshooting#build-service-account\n You can also view the logs at https://console.cloud.google.com/cloud-build/builds;region=us-central1/e253aaa2-5a38-4674-ab1a-3a3752f5b020?project=376094928692.\n",
    "original": {
      "code": 3,
      "message": "Build failed with status: FAILURE. Could not build the function due to a missing permission on the build service account. If you didn't revoke that permission explicitly, this could be caused by a change in the organization policies. Please refer to the following documentation for more details and resolution: https://cloud.google.com/functions/docs/troubleshooting#build-service-account\n You can also view the logs at https://console.cloud.google.com/cloud-build/builds;region=us-central1/e253aaa2-5a38-4674-ab1a-3a3752f5b020?project=376094928692.\n"
    },
    "status": 3,
    "code": 3
  }
}
[debug] [2026-08-20T09:52:15.689Z] {
  "endpoint": {
    "id": "webhookAsaas",
    "project": "sensei-manager-d64c0",
    "region": "us-central1",
    "entryPoint": "webhookAsaas",
    "platform": "gcfv2",
    "runtime": "nodejs20",
    "httpsTrigger": {},
    "labels": {
      "deployment-tool": "cli-firebase"
    },
    "secretEnvironmentVariables": [
      {
        "key": "ASAAS_WEBHOOK_TOKEN",
        "secret": "ASAAS_WEBHOOK_TOKEN",
        "projectId": "sensei-manager-d64c0",
        "version": "1"
      }
    ],
    "serviceAccount": null,
    "ingressSettings": null,
    "availableMemoryMb": null,
    "timeoutSeconds": null,
    "maxInstances": null,
    "minInstances": null,
    "concurrency": 80,
    "vpc": null,
    "environmentVariables": {
      "FIREBASE_CONFIG": "{\"projectId\":\"sensei-manager-d64c0\",\"storageBucket\":\"sensei-manager-d64c0.firebasestorage.app\"}",
      "GCLOUD_PROJECT": "sensei-manager-d64c0",
      "EVENTARC_CLOUD_EVENT_SOURCE": "projects/sensei-manager-d64c0/locations/us-central1/services/webhookAsaas"
    },
    "codebase": "default",
    "securityLevel": "SECURE_ALWAYS",
    "cpu": 1,
    "targetedByOnly": false,
    "hash": "57636b5a224fd2a5e0f1d825b2658881cd8fdb30"
  },
  "op": "update",
  "original": {
    "name": "FirebaseError",
    "children": [],
    "exit": 1,
    "message": "Build failed with status: FAILURE. Could not build the function due to a missing permission on the build service account. If you didn't revoke that permission explicitly, this could be caused by a change in the organization policies. Please refer to the following documentation for more details and resolution: https://cloud.google.com/functions/docs/troubleshooting#build-service-account\n You can also view the logs at https://console.cloud.google.com/cloud-build/builds;region=us-central1/cfe3e795-3ae8-4278-b68d-5325677e5006?project=376094928692.\n",
    "original": {
      "code": 3,
      "message": "Build failed with status: FAILURE. Could not build the function due to a missing permission on the build service account. If you didn't revoke that permission explicitly, this could be caused by a change in the organization policies. Please refer to the following documentation for more details and resolution: https://cloud.google.com/functions/docs/troubleshooting#build-service-account\n You can also view the logs at https://console.cloud.google.com/cloud-build/builds;region=us-central1/cfe3e795-3ae8-4278-b68d-5325677e5006?project=376094928692.\n"
    },
    "status": 3,
    "code": 3
  }
}
[error] Error: There was an error deploying functions:
[error] - Error Failed to update function criarSubcontaAcademia in region us-central1
[error] - Error Failed to update function verificarStatusAsaas in region us-central1
[error] - Error Failed to update function criarCobrancaPix in region us-central1
[error] - Error Failed to update function webhookAsaas in region us-central1
[debug] [2026-08-20T09:59:35.980Z] ----------------------------------------------------------------------
[debug] [2026-08-20T09:59:35.981Z] Command:       /Users/gabrielfornydesouzamuniz/.nvm/versions/node/v24.12.0/bin/node /Users/gabrielfornydesouzamuniz/.nvm/versions/node/v24.12.0/bin/firebase deploy --only functions --project sensei-manager-d64c0
[debug] [2026-08-20T09:59:35.981Z] CLI Version:   15.17.0
[debug] [2026-08-20T09:59:35.982Z] Platform:      darwin
[debug] [2026-08-20T09:59:35.982Z] Node Version:  v24.12.0
[debug] [2026-08-20T09:59:35.982Z] Time:          Thu Aug 20 2026 06:59:35 GMT-0300 (Brasilia Standard Time)
[debug] [2026-08-20T09:59:35.982Z] ----------------------------------------------------------------------
[debug] 
[debug] [2026-08-20T09:59:36.622Z] > command requires scopes: ["email","openid","https://www.googleapis.com/auth/cloudplatformprojects.readonly","https://www.googleapis.com/auth/firebase","https://www.googleapis.com/auth/cloud-platform"]
[debug] [2026-08-20T09:59:36.622Z] > authorizing via signed-in user (admin@hg2tecnologia.com.br)
[debug] [2026-08-20T09:59:36.622Z] [iam] checking project sensei-manager-d64c0 for permissions ["cloudfunctions.functions.create","cloudfunctions.functions.delete","cloudfunctions.functions.get","cloudfunctions.functions.list","cloudfunctions.functions.update","cloudfunctions.operations.get","firebase.projects.get"]
[debug] [2026-08-20T09:59:36.623Z] Checked if tokens are valid: true, expires at: 1787222614580
[debug] [2026-08-20T09:59:36.623Z] Checked if tokens are valid: true, expires at: 1787222614580
[debug] [2026-08-20T09:59:36.623Z] >>> [apiv2][query] POST https://cloudresourcemanager.googleapis.com/v1/projects/sensei-manager-d64c0:testIamPermissions [none]
[debug] [2026-08-20T09:59:36.623Z] >>> [apiv2][(partial)header] POST https://cloudresourcemanager.googleapis.com/v1/projects/sensei-manager-d64c0:testIamPermissions  x-goog-user-project=sensei-manager-d64c0
[debug] [2026-08-20T09:59:36.623Z] >>> [apiv2][body] POST https://cloudresourcemanager.googleapis.com/v1/projects/sensei-manager-d64c0:testIamPermissions {"permissions":["cloudfunctions.functions.create","cloudfunctions.functions.delete","cloudfunctions.functions.get","cloudfunctions.functions.list","cloudfunctions.functions.update","cloudfunctions.operations.get","firebase.projects.get"]}
[debug] [2026-08-20T09:59:37.527Z] <<< [apiv2][status] POST https://cloudresourcemanager.googleapis.com/v1/projects/sensei-manager-d64c0:testIamPermissions 200
[debug] [2026-08-20T09:59:37.527Z] <<< [apiv2][body] POST https://cloudresourcemanager.googleapis.com/v1/projects/sensei-manager-d64c0:testIamPermissions {"permissions":["cloudfunctions.functions.create","cloudfunctions.functions.delete","cloudfunctions.functions.get","cloudfunctions.functions.list","cloudfunctions.functions.update","cloudfunctions.operations.get","firebase.projects.get"]}
[debug] [2026-08-20T09:59:37.527Z] Checked if tokens are valid: true, expires at: 1787222614580
[debug] [2026-08-20T09:59:37.527Z] Checked if tokens are valid: true, expires at: 1787222614580
[debug] [2026-08-20T09:59:37.527Z] >>> [apiv2][query] POST https://iam.googleapis.com/v1/projects/sensei-manager-d64c0/serviceAccounts/sensei-manager-d64c0@appspot.gserviceaccount.com:testIamPermissions [none]
[debug] [2026-08-20T09:59:37.527Z] >>> [apiv2][body] POST https://iam.googleapis.com/v1/projects/sensei-manager-d64c0/serviceAccounts/sensei-manager-d64c0@appspot.gserviceaccount.com:testIamPermissions {"permissions":["iam.serviceAccounts.actAs"]}
[debug] [2026-08-20T09:59:38.427Z] <<< [apiv2][status] POST https://iam.googleapis.com/v1/projects/sensei-manager-d64c0/serviceAccounts/sensei-manager-d64c0@appspot.gserviceaccount.com:testIamPermissions 200
[debug] [2026-08-20T09:59:38.428Z] <<< [apiv2][body] POST https://iam.googleapis.com/v1/projects/sensei-manager-d64c0/serviceAccounts/sensei-manager-d64c0@appspot.gserviceaccount.com:testIamPermissions {"permissions":["iam.serviceAccounts.actAs"]}
[info] 
[info] === Deploying to 'sensei-manager-d64c0'...
[info] 
[info] i  deploying functions 
[debug] [2026-08-20T09:59:38.431Z] Checked if tokens are valid: true, expires at: 1787222614580
[debug] [2026-08-20T09:59:38.431Z] Checked if tokens are valid: true, expires at: 1787222614580
[debug] [2026-08-20T09:59:38.431Z] >>> [apiv2][query] GET https://cloudresourcemanager.googleapis.com/v1/projects/sensei-manager-d64c0 [none]
[debug] [2026-08-20T09:59:38.634Z] <<< [apiv2][status] GET https://cloudresourcemanager.googleapis.com/v1/projects/sensei-manager-d64c0 200
[debug] [2026-08-20T09:59:38.634Z] <<< [apiv2][body] GET https://cloudresourcemanager.googleapis.com/v1/projects/sensei-manager-d64c0 {"projectNumber":"376094928692","projectId":"sensei-manager-d64c0","lifecycleState":"ACTIVE","name":"Sensei Manager","labels":{"firebase":"enabled","firebase-core":"disabled"},"createTime":"2026-06-29T23:37:24.419Z","parent":{"type":"organization","id":"579356982963"}}
[info] i  functions: preparing codebase default for deployment 
[info] i  functions: ensuring required API cloudfunctions.googleapis.com is enabled... 
[info] i  functions: ensuring required API cloudbuild.googleapis.com is enabled... 
[info] i  artifactregistry: ensuring required API artifactregistry.googleapis.com is enabled... 
[debug] [2026-08-20T09:59:38.636Z] Checked if tokens are valid: true, expires at: 1787222614580
[debug] [2026-08-20T09:59:38.636Z] Checked if tokens are valid: true, expires at: 1787222614580
[debug] [2026-08-20T09:59:38.637Z] >>> [apiv2][query] GET https://firebase.googleapis.com/v1beta1/projects/sensei-manager-d64c0/adminSdkConfig [none]
[debug] [2026-08-20T09:59:39.086Z] <<< [apiv2][status] GET https://firebase.googleapis.com/v1beta1/projects/sensei-manager-d64c0/adminSdkConfig 200
[debug] [2026-08-20T09:59:39.087Z] <<< [apiv2][body] GET https://firebase.googleapis.com/v1beta1/projects/sensei-manager-d64c0/adminSdkConfig {"projectId":"sensei-manager-d64c0","storageBucket":"sensei-manager-d64c0.firebasestorage.app"}
[debug] [2026-08-20T09:59:39.087Z] Checked if tokens are valid: true, expires at: 1787222614580
[debug] [2026-08-20T09:59:39.087Z] Checked if tokens are valid: true, expires at: 1787222614580
[debug] [2026-08-20T09:59:39.088Z] >>> [apiv2][query] GET https://runtimeconfig.googleapis.com/v1beta1/projects/sensei-manager-d64c0/configs [none]
[debug] [2026-08-20T09:59:40.198Z] <<< [apiv2][status] GET https://runtimeconfig.googleapis.com/v1beta1/projects/sensei-manager-d64c0/configs 200
[debug] [2026-08-20T09:59:40.198Z] <<< [apiv2][body] GET https://runtimeconfig.googleapis.com/v1beta1/projects/sensei-manager-d64c0/configs {}
[debug] [2026-08-20T09:59:40.201Z] Validating nodejs source
[warn] ⚠  functions: Runtime Node.js 20 was deprecated on 2026-04-30 and will be decommissioned on 2026-10-30, after which you will not be able to deploy without upgrading. Consider upgrading now to avoid disruption. See https://cloud.google.com/functions/docs/runtime-support for full details on the lifecycle policy 
[warn] ⚠  functions: package.json indicates an outdated version of firebase-functions. Please upgrade using npm install --save firebase-functions@latest in your functions directory. 
[warn] ⚠  functions: Please note that there will be breaking changes when you upgrade. 
[debug] [2026-08-20T09:59:40.584Z] > [functions] package.json contents: {
  "name": "academia-fight-functions",
  "description": "Cloud Functions — Academia Fight",
  "scripts": {
    "serve": "firebase emulators:start --only functions",
    "deploy": "firebase deploy --only functions",
    "logs": "firebase functions:log"
  },
  "engines": {
    "node": "20"
  },
  "main": "index.js",
  "dependencies": {
    "firebase-admin": "^12.0.0",
    "firebase-functions": "^6.0.0",
    "axios": "^1.7.0"
  }
}
[debug] [2026-08-20T09:59:40.584Z] Building nodejs source
[info] i  functions: Loading and analyzing source code for codebase default to determine what to deploy 
[debug] [2026-08-20T09:59:40.584Z] Could not find functions.yaml. Must use http discovery
[debug] [2026-08-20T09:59:40.588Z] Found firebase-functions binary at '/Users/gabrielfornydesouzamuniz/Documents/projetos/gestao-academia-luta/functions/node_modules/.bin/firebase-functions'
[info] Serving at port 8098

[debug] [2026-08-20T09:59:40.820Z] Got response from /__/functions.yaml {"endpoints":{"criarSubcontaAcademia":{"availableMemoryMb":null,"timeoutSeconds":null,"minInstances":null,"maxInstances":null,"ingressSettings":null,"concurrency":null,"serviceAccountEmail":null,"vpc":null,"platform":"gcfv2","region":["us-central1"],"secretEnvironmentVariables":[{"key":"ASAAS_API_KEY"}],"labels":{},"callableTrigger":{},"entryPoint":"criarSubcontaAcademia"},"verificarStatusAsaas":{"availableMemoryMb":null,"timeoutSeconds":null,"minInstances":null,"maxInstances":null,"ingressSettings":null,"concurrency":null,"serviceAccountEmail":null,"vpc":null,"platform":"gcfv2","region":["us-central1"],"secretEnvironmentVariables":[{"key":"ASAAS_API_KEY"}],"labels":{},"callableTrigger":{},"entryPoint":"verificarStatusAsaas"},"criarCobrancaPix":{"availableMemoryMb":null,"timeoutSeconds":null,"minInstances":null,"maxInstances":null,"ingressSettings":null,"concurrency":null,"serviceAccountEmail":null,"vpc":null,"platform":"gcfv2","region":["us-central1"],"secretEnvironmentVariables":[{"key":"ASAAS_API_KEY"}],"labels":{},"callableTrigger":{},"entryPoint":"criarCobrancaPix"},"webhookAsaas":{"availableMemoryMb":null,"timeoutSeconds":null,"minInstances":null,"maxInstances":null,"ingressSettings":null,"concurrency":null,"serviceAccountEmail":null,"vpc":null,"platform":"gcfv2","region":["us-central1"],"secretEnvironmentVariables":[{"key":"ASAAS_WEBHOOK_TOKEN"}],"labels":{},"httpsTrigger":{},"entryPoint":"webhookAsaas"}},"specVersion":"v1alpha1","requiredAPIs":[],"extensions":{},"params":[{"type":"secret","name":"ASAAS_API_KEY"},{"type":"secret","name":"ASAAS_WEBHOOK_TOKEN"}]}
[info] i  extensions: ensuring required API firebaseextensions.googleapis.com is enabled... 
[debug] [2026-08-20T09:59:44.843Z] > command requires scopes: ["email","openid","https://www.googleapis.com/auth/cloudplatformprojects.readonly","https://www.googleapis.com/auth/firebase","https://www.googleapis.com/auth/cloud-platform"]
[debug] [2026-08-20T09:59:44.843Z] > authorizing via signed-in user (admin@hg2tecnologia.com.br)
[debug] [2026-08-20T09:59:44.843Z] [iam] checking project sensei-manager-d64c0 for permissions ["firebase.projects.get","firebaseextensions.instances.list"]
[debug] [2026-08-20T09:59:44.844Z] Checked if tokens are valid: true, expires at: 1787222614580
[debug] [2026-08-20T09:59:44.844Z] Checked if tokens are valid: true, expires at: 1787222614580
[debug] [2026-08-20T09:59:44.844Z] >>> [apiv2][query] POST https://cloudresourcemanager.googleapis.com/v1/projects/sensei-manager-d64c0:testIamPermissions [none]
[debug] [2026-08-20T09:59:44.844Z] >>> [apiv2][(partial)header] POST https://cloudresourcemanager.googleapis.com/v1/projects/sensei-manager-d64c0:testIamPermissions  x-goog-user-project=sensei-manager-d64c0
[debug] [2026-08-20T09:59:44.844Z] >>> [apiv2][body] POST https://cloudresourcemanager.googleapis.com/v1/projects/sensei-manager-d64c0:testIamPermissions {"permissions":["firebase.projects.get","firebaseextensions.instances.list"]}
[debug] [2026-08-20T09:59:45.739Z] <<< [apiv2][status] POST https://cloudresourcemanager.googleapis.com/v1/projects/sensei-manager-d64c0:testIamPermissions 200
[debug] [2026-08-20T09:59:45.739Z] <<< [apiv2][body] POST https://cloudresourcemanager.googleapis.com/v1/projects/sensei-manager-d64c0:testIamPermissions {"permissions":["firebase.projects.get","firebaseextensions.instances.list"]}
[debug] [2026-08-20T09:59:45.740Z] Checked if tokens are valid: true, expires at: 1787222614580
[debug] [2026-08-20T09:59:45.740Z] Checked if tokens are valid: true, expires at: 1787222614580
[debug] [2026-08-20T09:59:45.740Z] >>> [apiv2][query] GET https://firebaseextensions.googleapis.com/v1beta/projects/sensei-manager-d64c0/instances pageSize=100&pageToken=
[debug] [2026-08-20T09:59:46.779Z] <<< [apiv2][status] GET https://firebaseextensions.googleapis.com/v1beta/projects/sensei-manager-d64c0/instances 200
[debug] [2026-08-20T09:59:46.779Z] <<< [apiv2][body] GET https://firebaseextensions.googleapis.com/v1beta/projects/sensei-manager-d64c0/instances {}
[debug] [2026-08-20T09:59:46.781Z] Checked if tokens are valid: true, expires at: 1787222614580
[debug] [2026-08-20T09:59:46.781Z] Checked if tokens are valid: true, expires at: 1787222614580
[debug] [2026-08-20T09:59:46.781Z] >>> [apiv2][query] GET https://secretmanager.googleapis.com/v1/projects/sensei-manager-d64c0/secrets/ASAAS_API_KEY [none]
[debug] [2026-08-20T09:59:47.470Z] <<< [apiv2][status] GET https://secretmanager.googleapis.com/v1/projects/sensei-manager-d64c0/secrets/ASAAS_API_KEY 200
[debug] [2026-08-20T09:59:47.470Z] <<< [apiv2][body] GET https://secretmanager.googleapis.com/v1/projects/sensei-manager-d64c0/secrets/ASAAS_API_KEY {"name":"projects/376094928692/secrets/ASAAS_API_KEY","replication":{"automatic":{}},"createTime":"2026-08-17T18:00:38.759612Z","labels":{"firebase-managed":"functions"},"etag":"\"165941f2ac198c\""}
[debug] [2026-08-20T09:59:47.471Z] Checked if tokens are valid: true, expires at: 1787222614580
[debug] [2026-08-20T09:59:47.471Z] Checked if tokens are valid: true, expires at: 1787222614580
[debug] [2026-08-20T09:59:47.471Z] >>> [apiv2][query] GET https://secretmanager.googleapis.com/v1/projects/sensei-manager-d64c0/secrets/ASAAS_API_KEY/versions/latest [none]
[debug] [2026-08-20T09:59:47.764Z] <<< [apiv2][status] GET https://secretmanager.googleapis.com/v1/projects/sensei-manager-d64c0/secrets/ASAAS_API_KEY/versions/latest 200
[debug] [2026-08-20T09:59:47.764Z] <<< [apiv2][body] GET https://secretmanager.googleapis.com/v1/projects/sensei-manager-d64c0/secrets/ASAAS_API_KEY/versions/latest {"name":"projects/376094928692/secrets/ASAAS_API_KEY/versions/1","createTime":"2026-08-17T18:00:41.518043Z","state":"ENABLED","replicationStatus":{"automatic":{}},"etag":"\"165941f2cccbdb\""}
[debug] [2026-08-20T09:59:47.765Z] Checked if tokens are valid: true, expires at: 1787222614580
[debug] [2026-08-20T09:59:47.765Z] Checked if tokens are valid: true, expires at: 1787222614580
[debug] [2026-08-20T09:59:47.765Z] >>> [apiv2][query] GET https://secretmanager.googleapis.com/v1/projects/sensei-manager-d64c0/secrets/ASAAS_WEBHOOK_TOKEN [none]
[debug] [2026-08-20T09:59:48.030Z] <<< [apiv2][status] GET https://secretmanager.googleapis.com/v1/projects/sensei-manager-d64c0/secrets/ASAAS_WEBHOOK_TOKEN 200
[debug] [2026-08-20T09:59:48.030Z] <<< [apiv2][body] GET https://secretmanager.googleapis.com/v1/projects/sensei-manager-d64c0/secrets/ASAAS_WEBHOOK_TOKEN {"name":"projects/376094928692/secrets/ASAAS_WEBHOOK_TOKEN","replication":{"automatic":{}},"createTime":"2026-08-17T18:03:09.809550Z","labels":{"firebase-managed":"functions"},"etag":"\"165941fbb57663\""}
[debug] [2026-08-20T09:59:48.030Z] Checked if tokens are valid: true, expires at: 1787222614580
[debug] [2026-08-20T09:59:48.030Z] Checked if tokens are valid: true, expires at: 1787222614580
[debug] [2026-08-20T09:59:48.031Z] >>> [apiv2][query] GET https://secretmanager.googleapis.com/v1/projects/sensei-manager-d64c0/secrets/ASAAS_WEBHOOK_TOKEN/versions/latest [none]
[debug] [2026-08-20T09:59:48.204Z] <<< [apiv2][status] GET https://secretmanager.googleapis.com/v1/projects/sensei-manager-d64c0/secrets/ASAAS_WEBHOOK_TOKEN/versions/latest 200
[debug] [2026-08-20T09:59:48.205Z] <<< [apiv2][body] GET https://secretmanager.googleapis.com/v1/projects/sensei-manager-d64c0/secrets/ASAAS_WEBHOOK_TOKEN/versions/latest {"name":"projects/376094928692/secrets/ASAAS_WEBHOOK_TOKEN/versions/1","createTime":"2026-08-17T18:03:13.039364Z","state":"ENABLED","replicationStatus":{"automatic":{}},"etag":"\"165941fbd4d404\""}
[info] i  functions: preparing functions directory for uploading... 
[info] i  functions: packaged /Users/gabrielfornydesouzamuniz/Documents/projetos/gestao-academia-luta/functions (33.22 KB) for uploading 
[debug] [2026-08-20T09:59:48.230Z] Checked if tokens are valid: true, expires at: 1787222614580
[debug] [2026-08-20T09:59:48.230Z] Checked if tokens are valid: true, expires at: 1787222614580
[debug] [2026-08-20T09:59:48.230Z] >>> [apiv2][query] GET https://cloudfunctions.googleapis.com/v1/projects/sensei-manager-d64c0/locations/-/functions [none]
[debug] [2026-08-20T09:59:49.350Z] <<< [apiv2][status] GET https://cloudfunctions.googleapis.com/v1/projects/sensei-manager-d64c0/locations/-/functions 200
[debug] [2026-08-20T09:59:49.350Z] <<< [apiv2][body] GET https://cloudfunctions.googleapis.com/v1/projects/sensei-manager-d64c0/locations/-/functions {}
[debug] [2026-08-20T09:59:49.350Z] Checked if tokens are valid: true, expires at: 1787222614580
[debug] [2026-08-20T09:59:49.350Z] Checked if tokens are valid: true, expires at: 1787222614580
[debug] [2026-08-20T09:59:49.351Z] >>> [apiv2][query] GET https://cloudfunctions.googleapis.com/v2/projects/sensei-manager-d64c0/locations/-/functions filter=environment%3D%22GEN_2%22
[debug] [2026-08-20T09:59:50.748Z] <<< [apiv2][status] GET https://cloudfunctions.googleapis.com/v2/projects/sensei-manager-d64c0/locations/-/functions 200
[debug] [2026-08-20T09:59:50.749Z] <<< [apiv2][body] GET https://cloudfunctions.googleapis.com/v2/projects/sensei-manager-d64c0/locations/-/functions {"functions":[{"name":"projects/sensei-manager-d64c0/locations/us-central1/functions/criarCobrancaPix","buildConfig":{"build":"projects/376094928692/locations/us-central1/builds/97d52a13-8d83-46b5-a02b-8ba822241b5a","runtime":"nodejs20","entryPoint":"criarCobrancaPix","source":{"storageSource":{"bucket":"gcf-v2-sources-376094928692-us-central1","object":"criarCobrancaPix/function-source.zip","generation":"1786989867112722"}},"environmentVariables":{"GOOGLE_NODE_RUN_SCRIPTS":""},"dockerRepository":"projects/sensei-manager-d64c0/locations/us-central1/repositories/gcf-artifacts","sourceProvenance":{"resolvedStorageSource":{"bucket":"gcf-v2-sources-376094928692-us-central1","object":"criarCobrancaPix/function-source.zip","generation":"1786989867112722"}},"dockerRegistry":"ARTIFACT_REGISTRY","serviceAccount":"projects/sensei-manager-d64c0/serviceAccounts/376094928692-compute@developer.gserviceaccount.com","automaticUpdatePolicy":{}},"state":"UNKNOWN","updateTime":"2026-08-20T09:52:01.904947149Z","labels":{"deployment-tool":"cli-firebase","deployment-callable":"true","firebase-functions-hash":"bbc2f0e50f837243b6332780cdd9814ce9042c3a"},"stateMessages":[{"severity":"ERROR","type":"CloudRunServiceNotFound","message":"Cloud Run service projects/sensei-manager-d64c0/locations/us-central1/services/criarcobrancapix for the function was not found. The function will not work correctly. Please redeploy."}],"environment":"GEN_2","url":"https://us-central1-sensei-manager-d64c0.cloudfunctions.net/criarCobrancaPix","createTime":"2026-08-17T18:04:27.402560277Z","satisfiesPzi":true},{"name":"projects/sensei-manager-d64c0/locations/us-central1/functions/webhookAsaas","buildConfig":{"build":"projects/376094928692/locations/us-central1/builds/691dba1a-882b-4562-9859-c6ee0ea4d2ba","runtime":"nodejs20","entryPoint":"webhookAsaas","source":{"storageSource":{"bucket":"gcf-v2-sources-376094928692-us-central1","object":"webhookAsaas/function-source.zip","generation":"1786989867148965"}},"environmentVariables":{"GOOGLE_NODE_RUN_SCRIPTS":""},"dockerRepository":"projects/sensei-manager-d64c0/locations/us-central1/repositories/gcf-artifacts","sourceProvenance":{"resolvedStorageSource":{"bucket":"gcf-v2-sources-376094928692-us-central1","object":"webhookAsaas/function-source.zip","generation":"1786989867148965"}},"dockerRegistry":"ARTIFACT_REGISTRY","serviceAccount":"projects/sensei-manager-d64c0/serviceAccounts/376094928692-compute@developer.gserviceaccount.com","automaticUpdatePolicy":{}},"state":"UNKNOWN","updateTime":"2026-08-20T09:52:03.270883978Z","labels":{"deployment-tool":"cli-firebase","firebase-functions-hash":"57636b5a224fd2a5e0f1d825b2658881cd8fdb30"},"stateMessages":[{"severity":"ERROR","type":"CloudRunServiceNotFound","message":"Cloud Run service projects/sensei-manager-d64c0/locations/us-central1/services/webhookasaas for the function was not found. The function will not work correctly. Please redeploy."}],"environment":"GEN_2","url":"https://us-central1-sensei-manager-d64c0.cloudfunctions.net/webhookAsaas","createTime":"2026-08-17T18:04:27.406757765Z","satisfiesPzi":true},{"name":"projects/sensei-manager-d64c0/locations/us-central1/functions/verificarStatusAsaas","buildConfig":{"build":"projects/376094928692/locations/us-central1/builds/96a308cc-217d-4bec-99f4-be350696abf6","runtime":"nodejs20","entryPoint":"verificarStatusAsaas","source":{"storageSource":{"bucket":"gcf-v2-sources-376094928692-us-central1","object":"verificarStatusAsaas/function-source.zip","generation":"1786989866286603"}},"environmentVariables":{"GOOGLE_NODE_RUN_SCRIPTS":""},"dockerRepository":"projects/sensei-manager-d64c0/locations/us-central1/repositories/gcf-artifacts","sourceProvenance":{"resolvedStorageSource":{"bucket":"gcf-v2-sources-376094928692-us-central1","object":"verificarStatusAsaas/function-source.zip","generation":"1786989866286603"}},"dockerRegistry":"ARTIFACT_REGISTRY","serviceAccount":"projects/sensei-manager-d64c0/serviceAccounts/376094928692-compute@developer.gserviceaccount.com","automaticUpdatePolicy":{}},"state":"UNKNOWN","updateTime":"2026-08-20T09:52:03.878043920Z","labels":{"firebase-functions-hash":"bbc2f0e50f837243b6332780cdd9814ce9042c3a","deployment-tool":"cli-firebase","deployment-callable":"true"},"stateMessages":[{"severity":"ERROR","type":"CloudRunServiceNotFound","message":"Cloud Run service projects/sensei-manager-d64c0/locations/us-central1/services/verificarstatusasaas for the function was not found. The function will not work correctly. Please redeploy."}],"environment":"GEN_2","url":"https://us-central1-sensei-manager-d64c0.cloudfunctions.net/verificarStatusAsaas","createTime":"2026-08-17T18:04:26.586276555Z","satisfiesPzi":true},{"name":"projects/sensei-manager-d64c0/locations/us-central1/functions/criarSubcontaAcademia","buildConfig":{"build":"projects/376094928692/locations/us-central1/builds/e875dd53-1f37-4c39-9487-14841301b8f0","runtime":"nodejs20","entryPoint":"criarSubcontaAcademia","source":{"storageSource":{"bucket":"gcf-v2-sources-376094928692-us-central1","object":"criarSubcontaAcademia/function-source.zip","generation":"1786989821676536"}},"environmentVariables":{"GOOGLE_NODE_RUN_SCRIPTS":""},"dockerRepository":"projects/sensei-manager-d64c0/locations/us-central1/repositories/gcf-artifacts","sourceProvenance":{"resolvedStorageSource":{"bucket":"gcf-v2-sources-376094928692-us-central1","object":"criarSubcontaAcademia/function-source.zip","generation":"1786989821676536"}},"dockerRegistry":"ARTIFACT_REGISTRY","serviceAccount":"projects/sensei-manager-d64c0/serviceAccounts/376094928692-compute@developer.gserviceaccount.com","automaticUpdatePolicy":{}},"state":"UNKNOWN","updateTime":"2026-08-20T09:51:27.922176420Z","labels":{"deployment-tool":"cli-firebase","deployment-callable":"true","firebase-functions-hash":"bbc2f0e50f837243b6332780cdd9814ce9042c3a"},"stateMessages":[{"severity":"ERROR","type":"CloudRunServiceNotFound","message":"Cloud Run service projects/sensei-manager-d64c0/locations/us-central1/services/criarsubcontaacademia for the function was not found. The function will not work correctly. Please redeploy."}],"environment":"GEN_2","url":"https://us-central1-sensei-manager-d64c0.cloudfunctions.net/criarSubcontaAcademia","createTime":"2026-08-17T18:03:42.047846098Z","satisfiesPzi":true}]}
[info] i  functions: ensuring required API run.googleapis.com is enabled... 
[info] i  functions: ensuring required API eventarc.googleapis.com is enabled... 
[info] i  functions: ensuring required API pubsub.googleapis.com is enabled... 
[info] i  functions: ensuring required API storage.googleapis.com is enabled... 
[info] i  functions: generating the service identity for pubsub.googleapis.com... 
[debug] [2026-08-20T09:59:50.753Z] Checked if tokens are valid: true, expires at: 1787222614580
[debug] [2026-08-20T09:59:50.753Z] Checked if tokens are valid: true, expires at: 1787222614580
[info] i  functions: generating the service identity for eventarc.googleapis.com... 
[debug] [2026-08-20T09:59:50.754Z] Checked if tokens are valid: true, expires at: 1787222614580
[debug] [2026-08-20T09:59:50.754Z] Checked if tokens are valid: true, expires at: 1787222614580
[debug] [2026-08-20T09:59:50.754Z] >>> [apiv2][query] POST https://serviceusage.googleapis.com/v1beta1/projects/376094928692/services/pubsub.googleapis.com:generateServiceIdentity [none]
[debug] [2026-08-20T09:59:50.754Z] >>> [apiv2][(partial)header] POST https://serviceusage.googleapis.com/v1beta1/projects/376094928692/services/pubsub.googleapis.com:generateServiceIdentity  x-goog-user-project=376094928692
[debug] [2026-08-20T09:59:50.754Z] >>> [apiv2][body] POST https://serviceusage.googleapis.com/v1beta1/projects/376094928692/services/pubsub.googleapis.com:generateServiceIdentity {}
[debug] [2026-08-20T09:59:50.755Z] >>> [apiv2][query] POST https://serviceusage.googleapis.com/v1beta1/projects/376094928692/services/eventarc.googleapis.com:generateServiceIdentity [none]
[debug] [2026-08-20T09:59:50.755Z] >>> [apiv2][(partial)header] POST https://serviceusage.googleapis.com/v1beta1/projects/376094928692/services/eventarc.googleapis.com:generateServiceIdentity  x-goog-user-project=376094928692
[debug] [2026-08-20T09:59:50.755Z] >>> [apiv2][body] POST https://serviceusage.googleapis.com/v1beta1/projects/376094928692/services/eventarc.googleapis.com:generateServiceIdentity {}
[debug] [2026-08-20T09:59:51.891Z] <<< [apiv2][status] POST https://serviceusage.googleapis.com/v1beta1/projects/376094928692/services/pubsub.googleapis.com:generateServiceIdentity 200
[debug] [2026-08-20T09:59:51.891Z] <<< [apiv2][body] POST https://serviceusage.googleapis.com/v1beta1/projects/376094928692/services/pubsub.googleapis.com:generateServiceIdentity {"name":"operations/finished.DONE_OPERATION","done":true,"response":{"@type":"type.googleapis.com/google.api.serviceusage.v1beta1.ServiceIdentity","email":"service-376094928692@gcp-sa-pubsub.iam.gserviceaccount.com","uniqueId":"103497173914367201452"}}
[debug] [2026-08-20T09:59:51.940Z] <<< [apiv2][status] POST https://serviceusage.googleapis.com/v1beta1/projects/376094928692/services/eventarc.googleapis.com:generateServiceIdentity 200
[debug] [2026-08-20T09:59:51.940Z] <<< [apiv2][body] POST https://serviceusage.googleapis.com/v1beta1/projects/376094928692/services/eventarc.googleapis.com:generateServiceIdentity {"name":"operations/finished.DONE_OPERATION","done":true,"response":{"@type":"type.googleapis.com/google.api.serviceusage.v1beta1.ServiceIdentity","email":"service-376094928692@gcp-sa-eventarc.iam.gserviceaccount.com","uniqueId":"111841847472487765268"}}
[info] i  functions: ensuring required API secretmanager.googleapis.com is enabled... 
[debug] [2026-08-20T09:59:51.943Z] Checked if tokens are valid: true, expires at: 1787222614580
[debug] [2026-08-20T09:59:51.943Z] Checked if tokens are valid: true, expires at: 1787222614580
[debug] [2026-08-20T09:59:51.943Z] Checked if tokens are valid: true, expires at: 1787222614580
[debug] [2026-08-20T09:59:51.943Z] Checked if tokens are valid: true, expires at: 1787222614580
[debug] [2026-08-20T09:59:51.943Z] >>> [apiv2][query] GET https://secretmanager.googleapis.com/v1/projects/sensei-manager-d64c0/secrets/ASAAS_API_KEY/versions/latest [none]
[debug] [2026-08-20T09:59:51.943Z] >>> [apiv2][query] GET https://secretmanager.googleapis.com/v1/projects/sensei-manager-d64c0/secrets/ASAAS_WEBHOOK_TOKEN/versions/latest [none]
[debug] [2026-08-20T09:59:52.231Z] <<< [apiv2][status] GET https://secretmanager.googleapis.com/v1/projects/sensei-manager-d64c0/secrets/ASAAS_API_KEY/versions/latest 200
[debug] [2026-08-20T09:59:52.231Z] <<< [apiv2][body] GET https://secretmanager.googleapis.com/v1/projects/sensei-manager-d64c0/secrets/ASAAS_API_KEY/versions/latest {"name":"projects/376094928692/secrets/ASAAS_API_KEY/versions/1","createTime":"2026-08-17T18:00:41.518043Z","state":"ENABLED","replicationStatus":{"automatic":{}},"etag":"\"165941f2cccbdb\""}
[debug] [2026-08-20T09:59:52.232Z] Resolved secret version of ASAAS_API_KEY to 1.
[debug] [2026-08-20T09:59:52.495Z] <<< [apiv2][status] GET https://secretmanager.googleapis.com/v1/projects/sensei-manager-d64c0/secrets/ASAAS_WEBHOOK_TOKEN/versions/latest 200
[debug] [2026-08-20T09:59:52.496Z] <<< [apiv2][body] GET https://secretmanager.googleapis.com/v1/projects/sensei-manager-d64c0/secrets/ASAAS_WEBHOOK_TOKEN/versions/latest {"name":"projects/376094928692/secrets/ASAAS_WEBHOOK_TOKEN/versions/1","createTime":"2026-08-17T18:03:13.039364Z","state":"ENABLED","replicationStatus":{"automatic":{}},"etag":"\"165941fbd4d404\""}
[debug] [2026-08-20T09:59:52.496Z] Resolved secret version of ASAAS_WEBHOOK_TOKEN to 1.
[debug] [2026-08-20T09:59:52.496Z] Checked if tokens are valid: true, expires at: 1787222614580
[debug] [2026-08-20T09:59:52.496Z] Checked if tokens are valid: true, expires at: 1787222614580
[debug] [2026-08-20T09:59:52.497Z] >>> [apiv2][query] GET https://cloudresourcemanager.googleapis.com/v1/projects/sensei-manager-d64c0 [none]
[debug] [2026-08-20T09:59:53.403Z] <<< [apiv2][status] GET https://cloudresourcemanager.googleapis.com/v1/projects/sensei-manager-d64c0 200
[debug] [2026-08-20T09:59:53.403Z] <<< [apiv2][body] GET https://cloudresourcemanager.googleapis.com/v1/projects/sensei-manager-d64c0 {"projectNumber":"376094928692","projectId":"sensei-manager-d64c0","lifecycleState":"ACTIVE","name":"Sensei Manager","labels":{"firebase":"enabled","firebase-core":"disabled"},"createTime":"2026-06-29T23:37:24.419Z","parent":{"type":"organization","id":"579356982963"}}
[debug] [2026-08-20T09:59:53.404Z] Checked if tokens are valid: true, expires at: 1787222614580
[debug] [2026-08-20T09:59:53.404Z] Checked if tokens are valid: true, expires at: 1787222614580
[debug] [2026-08-20T09:59:53.404Z] >>> [apiv2][query] GET https://compute.googleapis.com/compute/v1/projects/376094928692 [none]
[debug] [2026-08-20T09:59:53.775Z] <<< [apiv2][status] GET https://compute.googleapis.com/compute/v1/projects/376094928692 403
[debug] [2026-08-20T09:59:53.775Z] <<< [apiv2][body] GET https://compute.googleapis.com/compute/v1/projects/376094928692 {"error":{"code":403,"message":"Compute Engine API has not been used in project 376094928692 before or it is disabled. Enable it by visiting https://console.developers.google.com/apis/api/compute.googleapis.com/overview?project=376094928692 then retry. If you enabled this API recently, wait a few minutes for the action to propagate to our systems and retry.","errors":[{"message":"Compute Engine API has not been used in project 376094928692 before or it is disabled. Enable it by visiting https://console.developers.google.com/apis/api/compute.googleapis.com/overview?project=376094928692 then retry. If you enabled this API recently, wait a few minutes for the action to propagate to our systems and retry.","domain":"usageLimits","reason":"accessNotConfigured","extendedHelp":"https://console.developers.google.com"}],"status":"PERMISSION_DENIED","details":[{"@type":"type.googleapis.com/google.rpc.ErrorInfo","reason":"SERVICE_DISABLED","domain":"googleapis.com","metadata":{"containerInfo":"376094928692","service":"compute.googleapis.com","consumer":"projects/376094928692","activationUrl":"https://console.developers.google.com/apis/api/compute.googleapis.com/overview?project=376094928692","serviceTitle":"Compute Engine API"}},{"@type":"type.googleapis.com/google.rpc.LocalizedMessage","locale":"en-US","message":"Compute Engine API has not been used in project 376094928692 before or it is disabled. Enable it by visiting https://console.developers.google.com/apis/api/compute.googleapis.com/overview?project=376094928692 then retry. If you enabled this API recently, wait a few minutes for the action to propagate to our systems and retry."},{"@type":"type.googleapis.com/google.rpc.Help","links":[{"description":"Google developers console API activation","url":"https://console.developers.google.com/apis/api/compute.googleapis.com/overview?project=376094928692"}]}]}}
[debug] [2026-08-20T09:59:53.776Z] unable to look up default compute service account. Falling back to 376094928692-compute@developer.gserviceaccount.com. Error: {"name":"FirebaseError","children":[],"context":{"body":{"error":{"code":403,"message":"Compute Engine API has not been used in project 376094928692 before or it is disabled. Enable it by visiting https://console.developers.google.com/apis/api/compute.googleapis.com/overview?project=376094928692 then retry. If you enabled this API recently, wait a few minutes for the action to propagate to our systems and retry.","errors":[{"message":"Compute Engine API has not been used in project 376094928692 before or it is disabled. Enable it by visiting https://console.developers.google.com/apis/api/compute.googleapis.com/overview?project=376094928692 then retry. If you enabled this API recently, wait a few minutes for the action to propagate to our systems and retry.","domain":"usageLimits","reason":"accessNotConfigured","extendedHelp":"https://console.developers.google.com"}],"status":"PERMISSION_DENIED","details":[{"@type":"type.googleapis.com/google.rpc.ErrorInfo","reason":"SERVICE_DISABLED","domain":"googleapis.com","metadata":{"containerInfo":"376094928692","service":"compute.googleapis.com","consumer":"projects/376094928692","activationUrl":"https://console.developers.google.com/apis/api/compute.googleapis.com/overview?project=376094928692","serviceTitle":"Compute Engine API"}},{"@type":"type.googleapis.com/google.rpc.LocalizedMessage","locale":"en-US","message":"Compute Engine API has not been used in project 376094928692 before or it is disabled. Enable it by visiting https://console.developers.google.com/apis/api/compute.googleapis.com/overview?project=376094928692 then retry. If you enabled this API recently, wait a few minutes for the action to propagate to our systems and retry."},{"@type":"type.googleapis.com/google.rpc.Help","links":[{"description":"Google developers console API activation","url":"https://console.developers.google.com/apis/api/compute.googleapis.com/overview?project=376094928692"}]}]}},"response":{"statusCode":403}},"exit":1,"message":"Request to https://compute.googleapis.com/compute/v1/projects/376094928692 had HTTP Error: 403, Compute Engine API has not been used in project 376094928692 before or it is disabled. Enable it by visiting https://console.developers.google.com/apis/api/compute.googleapis.com/overview?project=376094928692 then retry. If you enabled this API recently, wait a few minutes for the action to propagate to our systems and retry.","status":403}
[debug] [2026-08-20T09:59:53.776Z] Checked if tokens are valid: true, expires at: 1787222614580
[debug] [2026-08-20T09:59:53.776Z] Checked if tokens are valid: true, expires at: 1787222614580
[debug] [2026-08-20T09:59:53.776Z] >>> [apiv2][query] GET https://compute.googleapis.com/compute/v1/projects/376094928692 [none]
[debug] [2026-08-20T09:59:54.077Z] <<< [apiv2][status] GET https://compute.googleapis.com/compute/v1/projects/376094928692 403
[debug] [2026-08-20T09:59:54.077Z] <<< [apiv2][body] GET https://compute.googleapis.com/compute/v1/projects/376094928692 {"error":{"code":403,"message":"Compute Engine API has not been used in project 376094928692 before or it is disabled. Enable it by visiting https://console.developers.google.com/apis/api/compute.googleapis.com/overview?project=376094928692 then retry. If you enabled this API recently, wait a few minutes for the action to propagate to our systems and retry.","errors":[{"message":"Compute Engine API has not been used in project 376094928692 before or it is disabled. Enable it by visiting https://console.developers.google.com/apis/api/compute.googleapis.com/overview?project=376094928692 then retry. If you enabled this API recently, wait a few minutes for the action to propagate to our systems and retry.","domain":"usageLimits","reason":"accessNotConfigured","extendedHelp":"https://console.developers.google.com"}],"status":"PERMISSION_DENIED","details":[{"@type":"type.googleapis.com/google.rpc.ErrorInfo","reason":"SERVICE_DISABLED","domain":"googleapis.com","metadata":{"activationUrl":"https://console.developers.google.com/apis/api/compute.googleapis.com/overview?project=376094928692","consumer":"projects/376094928692","containerInfo":"376094928692","service":"compute.googleapis.com","serviceTitle":"Compute Engine API"}},{"@type":"type.googleapis.com/google.rpc.LocalizedMessage","locale":"en-US","message":"Compute Engine API has not been used in project 376094928692 before or it is disabled. Enable it by visiting https://console.developers.google.com/apis/api/compute.googleapis.com/overview?project=376094928692 then retry. If you enabled this API recently, wait a few minutes for the action to propagate to our systems and retry."},{"@type":"type.googleapis.com/google.rpc.Help","links":[{"description":"Google developers console API activation","url":"https://console.developers.google.com/apis/api/compute.googleapis.com/overview?project=376094928692"}]}]}}
[debug] [2026-08-20T09:59:54.077Z] unable to look up default compute service account. Falling back to 376094928692-compute@developer.gserviceaccount.com. Error: {"name":"FirebaseError","children":[],"context":{"body":{"error":{"code":403,"message":"Compute Engine API has not been used in project 376094928692 before or it is disabled. Enable it by visiting https://console.developers.google.com/apis/api/compute.googleapis.com/overview?project=376094928692 then retry. If you enabled this API recently, wait a few minutes for the action to propagate to our systems and retry.","errors":[{"message":"Compute Engine API has not been used in project 376094928692 before or it is disabled. Enable it by visiting https://console.developers.google.com/apis/api/compute.googleapis.com/overview?project=376094928692 then retry. If you enabled this API recently, wait a few minutes for the action to propagate to our systems and retry.","domain":"usageLimits","reason":"accessNotConfigured","extendedHelp":"https://console.developers.google.com"}],"status":"PERMISSION_DENIED","details":[{"@type":"type.googleapis.com/google.rpc.ErrorInfo","reason":"SERVICE_DISABLED","domain":"googleapis.com","metadata":{"activationUrl":"https://console.developers.google.com/apis/api/compute.googleapis.com/overview?project=376094928692","consumer":"projects/376094928692","containerInfo":"376094928692","service":"compute.googleapis.com","serviceTitle":"Compute Engine API"}},{"@type":"type.googleapis.com/google.rpc.LocalizedMessage","locale":"en-US","message":"Compute Engine API has not been used in project 376094928692 before or it is disabled. Enable it by visiting https://console.developers.google.com/apis/api/compute.googleapis.com/overview?project=376094928692 then retry. If you enabled this API recently, wait a few minutes for the action to propagate to our systems and retry."},{"@type":"type.googleapis.com/google.rpc.Help","links":[{"description":"Google developers console API activation","url":"https://console.developers.google.com/apis/api/compute.googleapis.com/overview?project=376094928692"}]}]}},"response":{"statusCode":403}},"exit":1,"message":"Request to https://compute.googleapis.com/compute/v1/projects/376094928692 had HTTP Error: 403, Compute Engine API has not been used in project 376094928692 before or it is disabled. Enable it by visiting https://console.developers.google.com/apis/api/compute.googleapis.com/overview?project=376094928692 then retry. If you enabled this API recently, wait a few minutes for the action to propagate to our systems and retry.","status":403}
[debug] [2026-08-20T09:59:54.078Z] Checked if tokens are valid: true, expires at: 1787222614580
[debug] [2026-08-20T09:59:54.078Z] Checked if tokens are valid: true, expires at: 1787222614580
[debug] [2026-08-20T09:59:54.078Z] >>> [apiv2][query] GET https://compute.googleapis.com/compute/v1/projects/376094928692 [none]
[debug] [2026-08-20T09:59:54.383Z] <<< [apiv2][status] GET https://compute.googleapis.com/compute/v1/projects/376094928692 403
[debug] [2026-08-20T09:59:54.383Z] <<< [apiv2][body] GET https://compute.googleapis.com/compute/v1/projects/376094928692 {"error":{"code":403,"message":"Compute Engine API has not been used in project 376094928692 before or it is disabled. Enable it by visiting https://console.developers.google.com/apis/api/compute.googleapis.com/overview?project=376094928692 then retry. If you enabled this API recently, wait a few minutes for the action to propagate to our systems and retry.","errors":[{"message":"Compute Engine API has not been used in project 376094928692 before or it is disabled. Enable it by visiting https://console.developers.google.com/apis/api/compute.googleapis.com/overview?project=376094928692 then retry. If you enabled this API recently, wait a few minutes for the action to propagate to our systems and retry.","domain":"usageLimits","reason":"accessNotConfigured","extendedHelp":"https://console.developers.google.com"}],"status":"PERMISSION_DENIED","details":[{"@type":"type.googleapis.com/google.rpc.ErrorInfo","reason":"SERVICE_DISABLED","domain":"googleapis.com","metadata":{"service":"compute.googleapis.com","consumer":"projects/376094928692","activationUrl":"https://console.developers.google.com/apis/api/compute.googleapis.com/overview?project=376094928692","containerInfo":"376094928692","serviceTitle":"Compute Engine API"}},{"@type":"type.googleapis.com/google.rpc.LocalizedMessage","locale":"en-US","message":"Compute Engine API has not been used in project 376094928692 before or it is disabled. Enable it by visiting https://console.developers.google.com/apis/api/compute.googleapis.com/overview?project=376094928692 then retry. If you enabled this API recently, wait a few minutes for the action to propagate to our systems and retry."},{"@type":"type.googleapis.com/google.rpc.Help","links":[{"description":"Google developers console API activation","url":"https://console.developers.google.com/apis/api/compute.googleapis.com/overview?project=376094928692"}]}]}}
[debug] [2026-08-20T09:59:54.383Z] unable to look up default compute service account. Falling back to 376094928692-compute@developer.gserviceaccount.com. Error: {"name":"FirebaseError","children":[],"context":{"body":{"error":{"code":403,"message":"Compute Engine API has not been used in project 376094928692 before or it is disabled. Enable it by visiting https://console.developers.google.com/apis/api/compute.googleapis.com/overview?project=376094928692 then retry. If you enabled this API recently, wait a few minutes for the action to propagate to our systems and retry.","errors":[{"message":"Compute Engine API has not been used in project 376094928692 before or it is disabled. Enable it by visiting https://console.developers.google.com/apis/api/compute.googleapis.com/overview?project=376094928692 then retry. If you enabled this API recently, wait a few minutes for the action to propagate to our systems and retry.","domain":"usageLimits","reason":"accessNotConfigured","extendedHelp":"https://console.developers.google.com"}],"status":"PERMISSION_DENIED","details":[{"@type":"type.googleapis.com/google.rpc.ErrorInfo","reason":"SERVICE_DISABLED","domain":"googleapis.com","metadata":{"service":"compute.googleapis.com","consumer":"projects/376094928692","activationUrl":"https://console.developers.google.com/apis/api/compute.googleapis.com/overview?project=376094928692","containerInfo":"376094928692","serviceTitle":"Compute Engine API"}},{"@type":"type.googleapis.com/google.rpc.LocalizedMessage","locale":"en-US","message":"Compute Engine API has not been used in project 376094928692 before or it is disabled. Enable it by visiting https://console.developers.google.com/apis/api/compute.googleapis.com/overview?project=376094928692 then retry. If you enabled this API recently, wait a few minutes for the action to propagate to our systems and retry."},{"@type":"type.googleapis.com/google.rpc.Help","links":[{"description":"Google developers console API activation","url":"https://console.developers.google.com/apis/api/compute.googleapis.com/overview?project=376094928692"}]}]}},"response":{"statusCode":403}},"exit":1,"message":"Request to https://compute.googleapis.com/compute/v1/projects/376094928692 had HTTP Error: 403, Compute Engine API has not been used in project 376094928692 before or it is disabled. Enable it by visiting https://console.developers.google.com/apis/api/compute.googleapis.com/overview?project=376094928692 then retry. If you enabled this API recently, wait a few minutes for the action to propagate to our systems and retry.","status":403}
[debug] [2026-08-20T09:59:54.384Z] Checked if tokens are valid: true, expires at: 1787222614580
[debug] [2026-08-20T09:59:54.384Z] Checked if tokens are valid: true, expires at: 1787222614580
[debug] [2026-08-20T09:59:54.384Z] >>> [apiv2][query] GET https://compute.googleapis.com/compute/v1/projects/376094928692 [none]
[debug] [2026-08-20T09:59:54.661Z] <<< [apiv2][status] GET https://compute.googleapis.com/compute/v1/projects/376094928692 403
[debug] [2026-08-20T09:59:54.661Z] <<< [apiv2][body] GET https://compute.googleapis.com/compute/v1/projects/376094928692 {"error":{"code":403,"message":"Compute Engine API has not been used in project 376094928692 before or it is disabled. Enable it by visiting https://console.developers.google.com/apis/api/compute.googleapis.com/overview?project=376094928692 then retry. If you enabled this API recently, wait a few minutes for the action to propagate to our systems and retry.","errors":[{"message":"Compute Engine API has not been used in project 376094928692 before or it is disabled. Enable it by visiting https://console.developers.google.com/apis/api/compute.googleapis.com/overview?project=376094928692 then retry. If you enabled this API recently, wait a few minutes for the action to propagate to our systems and retry.","domain":"usageLimits","reason":"accessNotConfigured","extendedHelp":"https://console.developers.google.com"}],"status":"PERMISSION_DENIED","details":[{"@type":"type.googleapis.com/google.rpc.ErrorInfo","reason":"SERVICE_DISABLED","domain":"googleapis.com","metadata":{"activationUrl":"https://console.developers.google.com/apis/api/compute.googleapis.com/overview?project=376094928692","consumer":"projects/376094928692","serviceTitle":"Compute Engine API","containerInfo":"376094928692","service":"compute.googleapis.com"}},{"@type":"type.googleapis.com/google.rpc.LocalizedMessage","locale":"en-US","message":"Compute Engine API has not been used in project 376094928692 before or it is disabled. Enable it by visiting https://console.developers.google.com/apis/api/compute.googleapis.com/overview?project=376094928692 then retry. If you enabled this API recently, wait a few minutes for the action to propagate to our systems and retry."},{"@type":"type.googleapis.com/google.rpc.Help","links":[{"description":"Google developers console API activation","url":"https://console.developers.google.com/apis/api/compute.googleapis.com/overview?project=376094928692"}]}]}}
[debug] [2026-08-20T09:59:54.661Z] unable to look up default compute service account. Falling back to 376094928692-compute@developer.gserviceaccount.com. Error: {"name":"FirebaseError","children":[],"context":{"body":{"error":{"code":403,"message":"Compute Engine API has not been used in project 376094928692 before or it is disabled. Enable it by visiting https://console.developers.google.com/apis/api/compute.googleapis.com/overview?project=376094928692 then retry. If you enabled this API recently, wait a few minutes for the action to propagate to our systems and retry.","errors":[{"message":"Compute Engine API has not been used in project 376094928692 before or it is disabled. Enable it by visiting https://console.developers.google.com/apis/api/compute.googleapis.com/overview?project=376094928692 then retry. If you enabled this API recently, wait a few minutes for the action to propagate to our systems and retry.","domain":"usageLimits","reason":"accessNotConfigured","extendedHelp":"https://console.developers.google.com"}],"status":"PERMISSION_DENIED","details":[{"@type":"type.googleapis.com/google.rpc.ErrorInfo","reason":"SERVICE_DISABLED","domain":"googleapis.com","metadata":{"activationUrl":"https://console.developers.google.com/apis/api/compute.googleapis.com/overview?project=376094928692","consumer":"projects/376094928692","serviceTitle":"Compute Engine API","containerInfo":"376094928692","service":"compute.googleapis.com"}},{"@type":"type.googleapis.com/google.rpc.LocalizedMessage","locale":"en-US","message":"Compute Engine API has not been used in project 376094928692 before or it is disabled. Enable it by visiting https://console.developers.google.com/apis/api/compute.googleapis.com/overview?project=376094928692 then retry. If you enabled this API recently, wait a few minutes for the action to propagate to our systems and retry."},{"@type":"type.googleapis.com/google.rpc.Help","links":[{"description":"Google developers console API activation","url":"https://console.developers.google.com/apis/api/compute.googleapis.com/overview?project=376094928692"}]}]}},"response":{"statusCode":403}},"exit":1,"message":"Request to https://compute.googleapis.com/compute/v1/projects/376094928692 had HTTP Error: 403, Compute Engine API has not been used in project 376094928692 before or it is disabled. Enable it by visiting https://console.developers.google.com/apis/api/compute.googleapis.com/overview?project=376094928692 then retry. If you enabled this API recently, wait a few minutes for the action to propagate to our systems and retry.","status":403}
[debug] [2026-08-20T09:59:54.662Z] Checked if tokens are valid: true, expires at: 1787222614580
[debug] [2026-08-20T09:59:54.662Z] Checked if tokens are valid: true, expires at: 1787222614580
[debug] [2026-08-20T09:59:54.662Z] >>> [apiv2][query] GET https://compute.googleapis.com/compute/v1/projects/376094928692 [none]
[debug] [2026-08-20T09:59:55.706Z] <<< [apiv2][status] GET https://compute.googleapis.com/compute/v1/projects/376094928692 403
[debug] [2026-08-20T09:59:55.706Z] <<< [apiv2][body] GET https://compute.googleapis.com/compute/v1/projects/376094928692 {"error":{"code":403,"message":"Compute Engine API has not been used in project 376094928692 before or it is disabled. Enable it by visiting https://console.developers.google.com/apis/api/compute.googleapis.com/overview?project=376094928692 then retry. If you enabled this API recently, wait a few minutes for the action to propagate to our systems and retry.","errors":[{"message":"Compute Engine API has not been used in project 376094928692 before or it is disabled. Enable it by visiting https://console.developers.google.com/apis/api/compute.googleapis.com/overview?project=376094928692 then retry. If you enabled this API recently, wait a few minutes for the action to propagate to our systems and retry.","domain":"usageLimits","reason":"accessNotConfigured","extendedHelp":"https://console.developers.google.com"}],"status":"PERMISSION_DENIED","details":[{"@type":"type.googleapis.com/google.rpc.ErrorInfo","reason":"SERVICE_DISABLED","domain":"googleapis.com","metadata":{"service":"compute.googleapis.com","containerInfo":"376094928692","activationUrl":"https://console.developers.google.com/apis/api/compute.googleapis.com/overview?project=376094928692","consumer":"projects/376094928692","serviceTitle":"Compute Engine API"}},{"@type":"type.googleapis.com/google.rpc.LocalizedMessage","locale":"en-US","message":"Compute Engine API has not been used in project 376094928692 before or it is disabled. Enable it by visiting https://console.developers.google.com/apis/api/compute.googleapis.com/overview?project=376094928692 then retry. If you enabled this API recently, wait a few minutes for the action to propagate to our systems and retry."},{"@type":"type.googleapis.com/google.rpc.Help","links":[{"description":"Google developers console API activation","url":"https://console.developers.google.com/apis/api/compute.googleapis.com/overview?project=376094928692"}]}]}}
[debug] [2026-08-20T09:59:55.706Z] unable to look up default compute service account. Falling back to 376094928692-compute@developer.gserviceaccount.com. Error: {"name":"FirebaseError","children":[],"context":{"body":{"error":{"code":403,"message":"Compute Engine API has not been used in project 376094928692 before or it is disabled. Enable it by visiting https://console.developers.google.com/apis/api/compute.googleapis.com/overview?project=376094928692 then retry. If you enabled this API recently, wait a few minutes for the action to propagate to our systems and retry.","errors":[{"message":"Compute Engine API has not been used in project 376094928692 before or it is disabled. Enable it by visiting https://console.developers.google.com/apis/api/compute.googleapis.com/overview?project=376094928692 then retry. If you enabled this API recently, wait a few minutes for the action to propagate to our systems and retry.","domain":"usageLimits","reason":"accessNotConfigured","extendedHelp":"https://console.developers.google.com"}],"status":"PERMISSION_DENIED","details":[{"@type":"type.googleapis.com/google.rpc.ErrorInfo","reason":"SERVICE_DISABLED","domain":"googleapis.com","metadata":{"service":"compute.googleapis.com","containerInfo":"376094928692","activationUrl":"https://console.developers.google.com/apis/api/compute.googleapis.com/overview?project=376094928692","consumer":"projects/376094928692","serviceTitle":"Compute Engine API"}},{"@type":"type.googleapis.com/google.rpc.LocalizedMessage","locale":"en-US","message":"Compute Engine API has not been used in project 376094928692 before or it is disabled. Enable it by visiting https://console.developers.google.com/apis/api/compute.googleapis.com/overview?project=376094928692 then retry. If you enabled this API recently, wait a few minutes for the action to propagate to our systems and retry."},{"@type":"type.googleapis.com/google.rpc.Help","links":[{"description":"Google developers console API activation","url":"https://console.developers.google.com/apis/api/compute.googleapis.com/overview?project=376094928692"}]}]}},"response":{"statusCode":403}},"exit":1,"message":"Request to https://compute.googleapis.com/compute/v1/projects/376094928692 had HTTP Error: 403, Compute Engine API has not been used in project 376094928692 before or it is disabled. Enable it by visiting https://console.developers.google.com/apis/api/compute.googleapis.com/overview?project=376094928692 then retry. If you enabled this API recently, wait a few minutes for the action to propagate to our systems and retry.","status":403}
[debug] [2026-08-20T09:59:55.707Z] Checked if tokens are valid: true, expires at: 1787222614580
[debug] [2026-08-20T09:59:55.707Z] Checked if tokens are valid: true, expires at: 1787222614580
[debug] [2026-08-20T09:59:55.707Z] >>> [apiv2][query] GET https://compute.googleapis.com/compute/v1/projects/376094928692 [none]
[debug] [2026-08-20T09:59:55.965Z] <<< [apiv2][status] GET https://compute.googleapis.com/compute/v1/projects/376094928692 403
[debug] [2026-08-20T09:59:55.965Z] <<< [apiv2][body] GET https://compute.googleapis.com/compute/v1/projects/376094928692 {"error":{"code":403,"message":"Compute Engine API has not been used in project 376094928692 before or it is disabled. Enable it by visiting https://console.developers.google.com/apis/api/compute.googleapis.com/overview?project=376094928692 then retry. If you enabled this API recently, wait a few minutes for the action to propagate to our systems and retry.","errors":[{"message":"Compute Engine API has not been used in project 376094928692 before or it is disabled. Enable it by visiting https://console.developers.google.com/apis/api/compute.googleapis.com/overview?project=376094928692 then retry. If you enabled this API recently, wait a few minutes for the action to propagate to our systems and retry.","domain":"usageLimits","reason":"accessNotConfigured","extendedHelp":"https://console.developers.google.com"}],"status":"PERMISSION_DENIED","details":[{"@type":"type.googleapis.com/google.rpc.ErrorInfo","reason":"SERVICE_DISABLED","domain":"googleapis.com","metadata":{"service":"compute.googleapis.com","serviceTitle":"Compute Engine API","consumer":"projects/376094928692","activationUrl":"https://console.developers.google.com/apis/api/compute.googleapis.com/overview?project=376094928692","containerInfo":"376094928692"}},{"@type":"type.googleapis.com/google.rpc.LocalizedMessage","locale":"en-US","message":"Compute Engine API has not been used in project 376094928692 before or it is disabled. Enable it by visiting https://console.developers.google.com/apis/api/compute.googleapis.com/overview?project=376094928692 then retry. If you enabled this API recently, wait a few minutes for the action to propagate to our systems and retry."},{"@type":"type.googleapis.com/google.rpc.Help","links":[{"description":"Google developers console API activation","url":"https://console.developers.google.com/apis/api/compute.googleapis.com/overview?project=376094928692"}]}]}}
[debug] [2026-08-20T09:59:55.965Z] unable to look up default compute service account. Falling back to 376094928692-compute@developer.gserviceaccount.com. Error: {"name":"FirebaseError","children":[],"context":{"body":{"error":{"code":403,"message":"Compute Engine API has not been used in project 376094928692 before or it is disabled. Enable it by visiting https://console.developers.google.com/apis/api/compute.googleapis.com/overview?project=376094928692 then retry. If you enabled this API recently, wait a few minutes for the action to propagate to our systems and retry.","errors":[{"message":"Compute Engine API has not been used in project 376094928692 before or it is disabled. Enable it by visiting https://console.developers.google.com/apis/api/compute.googleapis.com/overview?project=376094928692 then retry. If you enabled this API recently, wait a few minutes for the action to propagate to our systems and retry.","domain":"usageLimits","reason":"accessNotConfigured","extendedHelp":"https://console.developers.google.com"}],"status":"PERMISSION_DENIED","details":[{"@type":"type.googleapis.com/google.rpc.ErrorInfo","reason":"SERVICE_DISABLED","domain":"googleapis.com","metadata":{"service":"compute.googleapis.com","serviceTitle":"Compute Engine API","consumer":"projects/376094928692","activationUrl":"https://console.developers.google.com/apis/api/compute.googleapis.com/overview?project=376094928692","containerInfo":"376094928692"}},{"@type":"type.googleapis.com/google.rpc.LocalizedMessage","locale":"en-US","message":"Compute Engine API has not been used in project 376094928692 before or it is disabled. Enable it by visiting https://console.developers.google.com/apis/api/compute.googleapis.com/overview?project=376094928692 then retry. If you enabled this API recently, wait a few minutes for the action to propagate to our systems and retry."},{"@type":"type.googleapis.com/google.rpc.Help","links":[{"description":"Google developers console API activation","url":"https://console.developers.google.com/apis/api/compute.googleapis.com/overview?project=376094928692"}]}]}},"response":{"statusCode":403}},"exit":1,"message":"Request to https://compute.googleapis.com/compute/v1/projects/376094928692 had HTTP Error: 403, Compute Engine API has not been used in project 376094928692 before or it is disabled. Enable it by visiting https://console.developers.google.com/apis/api/compute.googleapis.com/overview?project=376094928692 then retry. If you enabled this API recently, wait a few minutes for the action to propagate to our systems and retry.","status":403}
[debug] [2026-08-20T09:59:55.966Z] Checked if tokens are valid: true, expires at: 1787222614580
[debug] [2026-08-20T09:59:55.966Z] Checked if tokens are valid: true, expires at: 1787222614580
[debug] [2026-08-20T09:59:55.966Z] >>> [apiv2][query] GET https://compute.googleapis.com/compute/v1/projects/376094928692 [none]
[debug] [2026-08-20T09:59:56.340Z] <<< [apiv2][status] GET https://compute.googleapis.com/compute/v1/projects/376094928692 403
[debug] [2026-08-20T09:59:56.340Z] <<< [apiv2][body] GET https://compute.googleapis.com/compute/v1/projects/376094928692 {"error":{"code":403,"message":"Compute Engine API has not been used in project 376094928692 before or it is disabled. Enable it by visiting https://console.developers.google.com/apis/api/compute.googleapis.com/overview?project=376094928692 then retry. If you enabled this API recently, wait a few minutes for the action to propagate to our systems and retry.","errors":[{"message":"Compute Engine API has not been used in project 376094928692 before or it is disabled. Enable it by visiting https://console.developers.google.com/apis/api/compute.googleapis.com/overview?project=376094928692 then retry. If you enabled this API recently, wait a few minutes for the action to propagate to our systems and retry.","domain":"usageLimits","reason":"accessNotConfigured","extendedHelp":"https://console.developers.google.com"}],"status":"PERMISSION_DENIED","details":[{"@type":"type.googleapis.com/google.rpc.ErrorInfo","reason":"SERVICE_DISABLED","domain":"googleapis.com","metadata":{"service":"compute.googleapis.com","consumer":"projects/376094928692","serviceTitle":"Compute Engine API","activationUrl":"https://console.developers.google.com/apis/api/compute.googleapis.com/overview?project=376094928692","containerInfo":"376094928692"}},{"@type":"type.googleapis.com/google.rpc.LocalizedMessage","locale":"en-US","message":"Compute Engine API has not been used in project 376094928692 before or it is disabled. Enable it by visiting https://console.developers.google.com/apis/api/compute.googleapis.com/overview?project=376094928692 then retry. If you enabled this API recently, wait a few minutes for the action to propagate to our systems and retry."},{"@type":"type.googleapis.com/google.rpc.Help","links":[{"description":"Google developers console API activation","url":"https://console.developers.google.com/apis/api/compute.googleapis.com/overview?project=376094928692"}]}]}}
[debug] [2026-08-20T09:59:56.340Z] unable to look up default compute service account. Falling back to 376094928692-compute@developer.gserviceaccount.com. Error: {"name":"FirebaseError","children":[],"context":{"body":{"error":{"code":403,"message":"Compute Engine API has not been used in project 376094928692 before or it is disabled. Enable it by visiting https://console.developers.google.com/apis/api/compute.googleapis.com/overview?project=376094928692 then retry. If you enabled this API recently, wait a few minutes for the action to propagate to our systems and retry.","errors":[{"message":"Compute Engine API has not been used in project 376094928692 before or it is disabled. Enable it by visiting https://console.developers.google.com/apis/api/compute.googleapis.com/overview?project=376094928692 then retry. If you enabled this API recently, wait a few minutes for the action to propagate to our systems and retry.","domain":"usageLimits","reason":"accessNotConfigured","extendedHelp":"https://console.developers.google.com"}],"status":"PERMISSION_DENIED","details":[{"@type":"type.googleapis.com/google.rpc.ErrorInfo","reason":"SERVICE_DISABLED","domain":"googleapis.com","metadata":{"service":"compute.googleapis.com","consumer":"projects/376094928692","serviceTitle":"Compute Engine API","activationUrl":"https://console.developers.google.com/apis/api/compute.googleapis.com/overview?project=376094928692","containerInfo":"376094928692"}},{"@type":"type.googleapis.com/google.rpc.LocalizedMessage","locale":"en-US","message":"Compute Engine API has not been used in project 376094928692 before or it is disabled. Enable it by visiting https://console.developers.google.com/apis/api/compute.googleapis.com/overview?project=376094928692 then retry. If you enabled this API recently, wait a few minutes for the action to propagate to our systems and retry."},{"@type":"type.googleapis.com/google.rpc.Help","links":[{"description":"Google developers console API activation","url":"https://console.developers.google.com/apis/api/compute.googleapis.com/overview?project=376094928692"}]}]}},"response":{"statusCode":403}},"exit":1,"message":"Request to https://compute.googleapis.com/compute/v1/projects/376094928692 had HTTP Error: 403, Compute Engine API has not been used in project 376094928692 before or it is disabled. Enable it by visiting https://console.developers.google.com/apis/api/compute.googleapis.com/overview?project=376094928692 then retry. If you enabled this API recently, wait a few minutes for the action to propagate to our systems and retry.","status":403}
[debug] [2026-08-20T09:59:56.341Z] Checked if tokens are valid: true, expires at: 1787222614580
[debug] [2026-08-20T09:59:56.341Z] Checked if tokens are valid: true, expires at: 1787222614580
[debug] [2026-08-20T09:59:56.341Z] >>> [apiv2][query] GET https://compute.googleapis.com/compute/v1/projects/376094928692 [none]
[debug] [2026-08-20T09:59:56.587Z] <<< [apiv2][status] GET https://compute.googleapis.com/compute/v1/projects/376094928692 403
[debug] [2026-08-20T09:59:56.588Z] <<< [apiv2][body] GET https://compute.googleapis.com/compute/v1/projects/376094928692 {"error":{"code":403,"message":"Compute Engine API has not been used in project 376094928692 before or it is disabled. Enable it by visiting https://console.developers.google.com/apis/api/compute.googleapis.com/overview?project=376094928692 then retry. If you enabled this API recently, wait a few minutes for the action to propagate to our systems and retry.","errors":[{"message":"Compute Engine API has not been used in project 376094928692 before or it is disabled. Enable it by visiting https://console.developers.google.com/apis/api/compute.googleapis.com/overview?project=376094928692 then retry. If you enabled this API recently, wait a few minutes for the action to propagate to our systems and retry.","domain":"usageLimits","reason":"accessNotConfigured","extendedHelp":"https://console.developers.google.com"}],"status":"PERMISSION_DENIED","details":[{"@type":"type.googleapis.com/google.rpc.ErrorInfo","reason":"SERVICE_DISABLED","domain":"googleapis.com","metadata":{"activationUrl":"https://console.developers.google.com/apis/api/compute.googleapis.com/overview?project=376094928692","containerInfo":"376094928692","service":"compute.googleapis.com","serviceTitle":"Compute Engine API","consumer":"projects/376094928692"}},{"@type":"type.googleapis.com/google.rpc.LocalizedMessage","locale":"en-US","message":"Compute Engine API has not been used in project 376094928692 before or it is disabled. Enable it by visiting https://console.developers.google.com/apis/api/compute.googleapis.com/overview?project=376094928692 then retry. If you enabled this API recently, wait a few minutes for the action to propagate to our systems and retry."},{"@type":"type.googleapis.com/google.rpc.Help","links":[{"description":"Google developers console API activation","url":"https://console.developers.google.com/apis/api/compute.googleapis.com/overview?project=376094928692"}]}]}}
[debug] [2026-08-20T09:59:56.588Z] unable to look up default compute service account. Falling back to 376094928692-compute@developer.gserviceaccount.com. Error: {"name":"FirebaseError","children":[],"context":{"body":{"error":{"code":403,"message":"Compute Engine API has not been used in project 376094928692 before or it is disabled. Enable it by visiting https://console.developers.google.com/apis/api/compute.googleapis.com/overview?project=376094928692 then retry. If you enabled this API recently, wait a few minutes for the action to propagate to our systems and retry.","errors":[{"message":"Compute Engine API has not been used in project 376094928692 before or it is disabled. Enable it by visiting https://console.developers.google.com/apis/api/compute.googleapis.com/overview?project=376094928692 then retry. If you enabled this API recently, wait a few minutes for the action to propagate to our systems and retry.","domain":"usageLimits","reason":"accessNotConfigured","extendedHelp":"https://console.developers.google.com"}],"status":"PERMISSION_DENIED","details":[{"@type":"type.googleapis.com/google.rpc.ErrorInfo","reason":"SERVICE_DISABLED","domain":"googleapis.com","metadata":{"activationUrl":"https://console.developers.google.com/apis/api/compute.googleapis.com/overview?project=376094928692","containerInfo":"376094928692","service":"compute.googleapis.com","serviceTitle":"Compute Engine API","consumer":"projects/376094928692"}},{"@type":"type.googleapis.com/google.rpc.LocalizedMessage","locale":"en-US","message":"Compute Engine API has not been used in project 376094928692 before or it is disabled. Enable it by visiting https://console.developers.google.com/apis/api/compute.googleapis.com/overview?project=376094928692 then retry. If you enabled this API recently, wait a few minutes for the action to propagate to our systems and retry."},{"@type":"type.googleapis.com/google.rpc.Help","links":[{"description":"Google developers console API activation","url":"https://console.developers.google.com/apis/api/compute.googleapis.com/overview?project=376094928692"}]}]}},"response":{"statusCode":403}},"exit":1,"message":"Request to https://compute.googleapis.com/compute/v1/projects/376094928692 had HTTP Error: 403, Compute Engine API has not been used in project 376094928692 before or it is disabled. Enable it by visiting https://console.developers.google.com/apis/api/compute.googleapis.com/overview?project=376094928692 then retry. If you enabled this API recently, wait a few minutes for the action to propagate to our systems and retry.","status":403}
[info] i  functions: ensuring 376094928692-compute@developer.gserviceaccount.com access to secret ASAAS_API_KEY. 
[debug] [2026-08-20T09:59:56.589Z] Checked if tokens are valid: true, expires at: 1787222614580
[debug] [2026-08-20T09:59:56.589Z] Checked if tokens are valid: true, expires at: 1787222614580
[info] i  functions: ensuring 376094928692-compute@developer.gserviceaccount.com access to secret ASAAS_WEBHOOK_TOKEN. 
[debug] [2026-08-20T09:59:56.589Z] Checked if tokens are valid: true, expires at: 1787222614580
[debug] [2026-08-20T09:59:56.589Z] Checked if tokens are valid: true, expires at: 1787222614580
[debug] [2026-08-20T09:59:56.589Z] >>> [apiv2][query] GET https://secretmanager.googleapis.com/v1/projects/sensei-manager-d64c0/secrets/ASAAS_API_KEY:getIamPolicy [none]
[debug] [2026-08-20T09:59:56.589Z] >>> [apiv2][query] GET https://secretmanager.googleapis.com/v1/projects/sensei-manager-d64c0/secrets/ASAAS_WEBHOOK_TOKEN:getIamPolicy [none]
[debug] [2026-08-20T09:59:57.135Z] <<< [apiv2][status] GET https://secretmanager.googleapis.com/v1/projects/sensei-manager-d64c0/secrets/ASAAS_API_KEY:getIamPolicy 200
[debug] [2026-08-20T09:59:57.136Z] <<< [apiv2][body] GET https://secretmanager.googleapis.com/v1/projects/sensei-manager-d64c0/secrets/ASAAS_API_KEY:getIamPolicy {"version":1,"etag":"BwZZQf0ing4=","bindings":[{"role":"roles/secretmanager.secretAccessor","members":["serviceAccount:376094928692-compute@developer.gserviceaccount.com"]}]}
[info] ✔  secretmanager: Granted roles/secretmanager.secretAccessor on projects/sensei-manager-d64c0/secrets/ASAAS_API_KEY to 376094928692-compute@developer.gserviceaccount.com 
[info] ✔  functions: ensured 376094928692-compute@developer.gserviceaccount.com access to ASAAS_API_KEY. 
[debug] [2026-08-20T09:59:57.137Z] <<< [apiv2][status] GET https://secretmanager.googleapis.com/v1/projects/sensei-manager-d64c0/secrets/ASAAS_WEBHOOK_TOKEN:getIamPolicy 200
[debug] [2026-08-20T09:59:57.137Z] <<< [apiv2][body] GET https://secretmanager.googleapis.com/v1/projects/sensei-manager-d64c0/secrets/ASAAS_WEBHOOK_TOKEN:getIamPolicy {"version":1,"etag":"BwZZQf0iqpM=","bindings":[{"role":"roles/secretmanager.secretAccessor","members":["serviceAccount:376094928692-compute@developer.gserviceaccount.com"]}]}
[info] ✔  secretmanager: Granted roles/secretmanager.secretAccessor on projects/sensei-manager-d64c0/secrets/ASAAS_WEBHOOK_TOKEN to 376094928692-compute@developer.gserviceaccount.com 
[info] ✔  functions: ensured 376094928692-compute@developer.gserviceaccount.com access to ASAAS_WEBHOOK_TOKEN. 
[debug] [2026-08-20T09:59:57.139Z] Checked if tokens are valid: true, expires at: 1787222614580
[debug] [2026-08-20T09:59:57.139Z] Checked if tokens are valid: true, expires at: 1787222614580
[debug] [2026-08-20T09:59:57.139Z] >>> [apiv2][query] GET https://cloudbilling.googleapis.com/v1/projects/sensei-manager-d64c0/billingInfo [none]
[debug] [2026-08-20T09:59:58.276Z] <<< [apiv2][status] GET https://cloudbilling.googleapis.com/v1/projects/sensei-manager-d64c0/billingInfo 200
[debug] [2026-08-20T09:59:58.277Z] <<< [apiv2][body] GET https://cloudbilling.googleapis.com/v1/projects/sensei-manager-d64c0/billingInfo {"name":"projects/sensei-manager-d64c0/billingInfo","projectId":"sensei-manager-d64c0","billingAccountName":"billingAccounts/013649-FF426C-22FCBF","billingEnabled":true}
[debug] [2026-08-20T09:59:58.279Z] Checked if tokens are valid: true, expires at: 1787222614580
[debug] [2026-08-20T09:59:58.279Z] Checked if tokens are valid: true, expires at: 1787222614580
[debug] [2026-08-20T09:59:58.279Z] >>> [apiv2][query] POST https://cloudfunctions.googleapis.com/v2/projects/sensei-manager-d64c0/locations/us-central1/functions:generateUploadUrl [none]
[debug] [2026-08-20T09:59:59.493Z] <<< [apiv2][status] POST https://cloudfunctions.googleapis.com/v2/projects/sensei-manager-d64c0/locations/us-central1/functions:generateUploadUrl 200
[debug] [2026-08-20T09:59:59.493Z] <<< [apiv2][body] POST https://cloudfunctions.googleapis.com/v2/projects/sensei-manager-d64c0/locations/us-central1/functions:generateUploadUrl {"uploadUrl":"https://storage.googleapis.com/gcf-v2-uploads-376094928692.us-central1.cloudfunctions.appspot.com/19eee15d-0434-440b-93ff-581cff93050a.zip?GoogleAccessId=service-376094928692@gcf-admin-robot.iam.gserviceaccount.com&Expires=1787221799&Signature=P3Hkd%2F7HKeEcQF%2BIdTAYYZ6j1ksr9eYOLx%2B89t7gDOieEd9h64Pc92mznmF8hOgt59AI4ncjAirX1R53RK0XBqlF1cvze%2B8mSdvuplWLRsOtGNPVD1Cryzz%2FK4pIAXFeq9opCv%2BhTke3Knap%2BxZdq%2FZy6Bk1McolcWFlXgMlDpGxAFfBcVShUHwSZ7vZwhS%2B9yFFWgddfuZcYQKZS8HxCKJ6OBDE1%2FirQtReUrZMvSfFFbdL%2FfY1nb6zWSerpdRBbqIbqIkir30VhEKFptsuHx4dQc2zQeOKAKkTopHABydyFb%2FiR5h6axS0gvwq2VfUIxY%2Bzr%2BAxwmvcFtgAr2vKg%3D%3D","storageSource":{"bucket":"gcf-v2-uploads-376094928692.us-central1.cloudfunctions.appspot.com","object":"19eee15d-0434-440b-93ff-581cff93050a.zip"}}
[debug] [2026-08-20T09:59:59.494Z] >>> [apiv2][query] PUT https://storage.googleapis.com/gcf-v2-uploads-376094928692.us-central1.cloudfunctions.appspot.com/19eee15d-0434-440b-93ff-581cff93050a.zip GoogleAccessId=service-376094928692%40gcf-admin-robot.iam.gserviceaccount.com&Expires=1787221799&Signature=P3Hkd%2F7HKeEcQF%2BIdTAYYZ6j1ksr9eYOLx%2B89t7gDOieEd9h64Pc92mznmF8hOgt59AI4ncjAirX1R53RK0XBqlF1cvze%2B8mSdvuplWLRsOtGNPVD1Cryzz%2FK4pIAXFeq9opCv%2BhTke3Knap%2BxZdq%2FZy6Bk1McolcWFlXgMlDpGxAFfBcVShUHwSZ7vZwhS%2B9yFFWgddfuZcYQKZS8HxCKJ6OBDE1%2FirQtReUrZMvSfFFbdL%2FfY1nb6zWSerpdRBbqIbqIkir30VhEKFptsuHx4dQc2zQeOKAKkTopHABydyFb%2FiR5h6axS0gvwq2VfUIxY%2Bzr%2BAxwmvcFtgAr2vKg%3D%3D
[debug] [2026-08-20T09:59:59.494Z] >>> [apiv2][body] PUT https://storage.googleapis.com/gcf-v2-uploads-376094928692.us-central1.cloudfunctions.appspot.com/19eee15d-0434-440b-93ff-581cff93050a.zip [stream]
[debug] [2026-08-20T10:00:00.702Z] <<< [apiv2][status] PUT https://storage.googleapis.com/gcf-v2-uploads-376094928692.us-central1.cloudfunctions.appspot.com/19eee15d-0434-440b-93ff-581cff93050a.zip 200
[debug] [2026-08-20T10:00:00.702Z] <<< [apiv2][body] PUT https://storage.googleapis.com/gcf-v2-uploads-376094928692.us-central1.cloudfunctions.appspot.com/19eee15d-0434-440b-93ff-581cff93050a.zip [omitted]
[info] ✔  functions: functions source uploaded successfully 
[info] i  functions: updating Node.js 20 (2nd Gen) function criarSubcontaAcademia(us-central1)... 
[info] i  functions: updating Node.js 20 (2nd Gen) function verificarStatusAsaas(us-central1)... 
[info] i  functions: updating Node.js 20 (2nd Gen) function criarCobrancaPix(us-central1)... 
[info] i  functions: updating Node.js 20 (2nd Gen) function webhookAsaas(us-central1)... 
[debug] [2026-08-20T10:00:00.707Z] Checked if tokens are valid: true, expires at: 1787222614580
[debug] [2026-08-20T10:00:00.707Z] Checked if tokens are valid: true, expires at: 1787222614580
[debug] [2026-08-20T10:00:00.707Z] >>> [apiv2][query] PATCH https://cloudfunctions.googleapis.com/v2/projects/sensei-manager-d64c0/locations/us-central1/functions/criarSubcontaAcademia updateMask=name%2CbuildConfig.runtime%2CbuildConfig.entryPoint%2CbuildConfig.source.storageSource.bucket%2CbuildConfig.source.storageSource.object%2CbuildConfig.environmentVariables%2CbuildConfig.sourceToken%2CserviceConfig.environmentVariables%2CserviceConfig.secretEnvironmentVariables%2CserviceConfig.ingressSettings%2CserviceConfig.timeoutSeconds%2CserviceConfig.serviceAccountEmail%2CserviceConfig.availableMemory%2CserviceConfig.minInstanceCount%2CserviceConfig.maxInstanceCount%2CserviceConfig.maxInstanceRequestConcurrency%2CserviceConfig.availableCpu%2CserviceConfig.vpcConnector%2CserviceConfig.vpcConnectorEgressSettings%2CserviceConfig.directVpcNetworkInterface%2CserviceConfig.directVpcEgress%2Clabels
[debug] [2026-08-20T10:00:00.707Z] >>> [apiv2][body] PATCH https://cloudfunctions.googleapis.com/v2/projects/sensei-manager-d64c0/locations/us-central1/functions/criarSubcontaAcademia {"name":"projects/sensei-manager-d64c0/locations/us-central1/functions/criarSubcontaAcademia","buildConfig":{"runtime":"nodejs20","entryPoint":"criarSubcontaAcademia","source":{"storageSource":{"bucket":"gcf-v2-uploads-376094928692.us-central1.cloudfunctions.appspot.com","object":"19eee15d-0434-440b-93ff-581cff93050a.zip"}},"environmentVariables":{"GOOGLE_NODE_RUN_SCRIPTS":""}},"serviceConfig":{"environmentVariables":{"FIREBASE_CONFIG":"{\"projectId\":\"sensei-manager-d64c0\",\"storageBucket\":\"sensei-manager-d64c0.firebasestorage.app\"}","GCLOUD_PROJECT":"sensei-manager-d64c0","EVENTARC_CLOUD_EVENT_SOURCE":"projects/sensei-manager-d64c0/locations/us-central1/services/criarSubcontaAcademia","FUNCTION_TARGET":"criarSubcontaAcademia","LOG_EXECUTION_ID":"true"},"secretEnvironmentVariables":[{"key":"ASAAS_API_KEY","secret":"ASAAS_API_KEY","projectId":"sensei-manager-d64c0","version":"1"}],"ingressSettings":null,"timeoutSeconds":null,"serviceAccountEmail":null,"availableMemory":"256Mi","minInstanceCount":null,"maxInstanceCount":null,"maxInstanceRequestConcurrency":80,"availableCpu":"1","vpcConnector":null,"vpcConnectorEgressSettings":null,"directVpcNetworkInterface":null,"directVpcEgress":null},"labels":{"deployment-tool":"cli-firebase","deployment-callable":"true","firebase-functions-hash":"bbc2f0e50f837243b6332780cdd9814ce9042c3a"}}
[debug] [2026-08-20T10:00:02.906Z] <<< [apiv2][status] PATCH https://cloudfunctions.googleapis.com/v2/projects/sensei-manager-d64c0/locations/us-central1/functions/criarSubcontaAcademia 200
[debug] [2026-08-20T10:00:02.906Z] <<< [apiv2][body] PATCH https://cloudfunctions.googleapis.com/v2/projects/sensei-manager-d64c0/locations/us-central1/functions/criarSubcontaAcademia {"name":"projects/sensei-manager-d64c0/locations/us-central1/operations/operation-1787220001630-6597795552858-a4ed1cbe-40169e89","metadata":{"@type":"type.googleapis.com/google.cloud.functions.v2.OperationMetadata","createTime":"2026-08-20T10:00:02.804064839Z","target":"projects/sensei-manager-d64c0/locations/us-central1/functions/criarSubcontaAcademia","verb":"update","cancelRequested":false,"apiVersion":"v2"},"done":false}
[debug] [2026-08-20T10:00:02.907Z] Checked if tokens are valid: true, expires at: 1787222614580
[debug] [2026-08-20T10:00:02.907Z] Checked if tokens are valid: true, expires at: 1787222614580
[debug] [2026-08-20T10:00:02.907Z] >>> [apiv2][query] GET https://cloudfunctions.googleapis.com/v2/projects/sensei-manager-d64c0/locations/us-central1/operations/operation-1787220001630-6597795552858-a4ed1cbe-40169e89 [none]
[debug] [2026-08-20T10:00:03.917Z] <<< [apiv2][status] GET https://cloudfunctions.googleapis.com/v2/projects/sensei-manager-d64c0/locations/us-central1/operations/operation-1787220001630-6597795552858-a4ed1cbe-40169e89 200
[debug] [2026-08-20T10:00:03.917Z] <<< [apiv2][body] GET https://cloudfunctions.googleapis.com/v2/projects/sensei-manager-d64c0/locations/us-central1/operations/operation-1787220001630-6597795552858-a4ed1cbe-40169e89 {"name":"projects/sensei-manager-d64c0/locations/us-central1/operations/operation-1787220001630-6597795552858-a4ed1cbe-40169e89","metadata":{"@type":"type.googleapis.com/google.cloud.functions.v2.OperationMetadata","createTime":"2026-08-20T10:00:02.804064839Z","target":"projects/sensei-manager-d64c0/locations/us-central1/functions/criarSubcontaAcademia","verb":"update","cancelRequested":false,"apiVersion":"v2","requestResource":{"@type":"type.googleapis.com/google.cloud.functions.v2.Function","name":"projects/sensei-manager-d64c0/locations/us-central1/functions/criarSubcontaAcademia","buildConfig":{"runtime":"nodejs20","entryPoint":"criarSubcontaAcademia","source":{"storageSource":{"bucket":"gcf-v2-sources-376094928692-us-central1","object":"criarSubcontaAcademia/function-source.zip","generation":"1787220002740999"}},"environmentVariables":{"GOOGLE_NODE_RUN_SCRIPTS":""},"dockerRepository":"projects/sensei-manager-d64c0/locations/us-central1/repositories/gcf-artifacts","sourceProvenance":{"resolvedStorageSource":{"bucket":"gcf-v2-sources-376094928692-us-central1","object":"criarSubcontaAcademia/function-source.zip","generation":"1786989821676536"}},"dockerRegistry":"ARTIFACT_REGISTRY","serviceAccount":"projects/sensei-manager-d64c0/serviceAccounts/376094928692-compute@developer.gserviceaccount.com","automaticUpdatePolicy":{}},"serviceConfig":{"service":"projects/sensei-manager-d64c0/locations/us-central1/services/criarsubcontaacademia","timeoutSeconds":60,"environmentVariables":{"FIREBASE_CONFIG":"{\"projectId\":\"sensei-manager-d64c0\",\"storageBucket\":\"sensei-manager-d64c0.firebasestorage.app\"}","GCLOUD_PROJECT":"sensei-manager-d64c0","EVENTARC_CLOUD_EVENT_SOURCE":"projects/sensei-manager-d64c0/locations/us-central1/services/criarSubcontaAcademia","FUNCTION_TARGET":"criarSubcontaAcademia","LOG_EXECUTION_ID":"true"},"ingressSettings":"ALLOW_ALL","serviceAccountEmail":"376094928692-compute@developer.gserviceaccount.com","availableMemory":"256Mi","secretEnvironmentVariables":[{"key":"ASAAS_API_KEY","projectId":"sensei-manager-d64c0","secret":"ASAAS_API_KEY","version":"1"}],"maxInstanceRequestConcurrency":80,"availableCpu":"1"},"state":"UNKNOWN","labels":{"deployment-callable":"true","firebase-functions-hash":"bbc2f0e50f837243b6332780cdd9814ce9042c3a"},"stateMessages":[{"severity":"ERROR","type":"CloudRunServiceNotFound","message":"Cloud Run service projects/sensei-manager-d64c0/locations/us-central1/services/criarsubcontaacademia for the function was not found. The function will not work correctly. Please redeploy."}],"environment":"GEN_2","url":"https://us-central1-sensei-manager-d64c0.cloudfunctions.net/criarSubcontaAcademia","satisfiesPzi":true},"stages":[{"name":"BUILD","message":"Creating build","state":"IN_PROGRESS","resource":"projects/376094928692/locations/us-central1/builds/5ecef68a-7831-4574-b250-58a873b844d2","resourceUri":"https://console.cloud.google.com/cloud-build/builds;region=us-central1/5ecef68a-7831-4574-b250-58a873b844d2?project=376094928692"},{"name":"SERVICE","state":"NOT_STARTED"}],"operationType":"UPDATE_FUNCTION","buildName":"projects/376094928692/locations/us-central1/builds/5ecef68a-7831-4574-b250-58a873b844d2"},"done":false}
[debug] [2026-08-20T10:00:04.419Z] [update-default-us-central1-criarSubcontaAcademia] Retrying task index 0
[debug] [2026-08-20T10:00:04.420Z] Checked if tokens are valid: true, expires at: 1787222614580
[debug] [2026-08-20T10:00:04.420Z] Checked if tokens are valid: true, expires at: 1787222614580
[debug] [2026-08-20T10:00:04.420Z] >>> [apiv2][query] GET https://cloudfunctions.googleapis.com/v2/projects/sensei-manager-d64c0/locations/us-central1/operations/operation-1787220001630-6597795552858-a4ed1cbe-40169e89 [none]
[debug] [2026-08-20T10:00:05.509Z] <<< [apiv2][status] GET https://cloudfunctions.googleapis.com/v2/projects/sensei-manager-d64c0/locations/us-central1/operations/operation-1787220001630-6597795552858-a4ed1cbe-40169e89 200
[debug] [2026-08-20T10:00:05.510Z] <<< [apiv2][body] GET https://cloudfunctions.googleapis.com/v2/projects/sensei-manager-d64c0/locations/us-central1/operations/operation-1787220001630-6597795552858-a4ed1cbe-40169e89 {"name":"projects/sensei-manager-d64c0/locations/us-central1/operations/operation-1787220001630-6597795552858-a4ed1cbe-40169e89","metadata":{"@type":"type.googleapis.com/google.cloud.functions.v2.OperationMetadata","createTime":"2026-08-20T10:00:02.804064839Z","target":"projects/sensei-manager-d64c0/locations/us-central1/functions/criarSubcontaAcademia","verb":"update","cancelRequested":false,"apiVersion":"v2","requestResource":{"@type":"type.googleapis.com/google.cloud.functions.v2.Function","name":"projects/sensei-manager-d64c0/locations/us-central1/functions/criarSubcontaAcademia","buildConfig":{"runtime":"nodejs20","entryPoint":"criarSubcontaAcademia","source":{"storageSource":{"bucket":"gcf-v2-sources-376094928692-us-central1","object":"criarSubcontaAcademia/function-source.zip","generation":"1787220002740999"}},"environmentVariables":{"GOOGLE_NODE_RUN_SCRIPTS":""},"dockerRepository":"projects/sensei-manager-d64c0/locations/us-central1/repositories/gcf-artifacts","sourceProvenance":{"resolvedStorageSource":{"bucket":"gcf-v2-sources-376094928692-us-central1","object":"criarSubcontaAcademia/function-source.zip","generation":"1786989821676536"}},"dockerRegistry":"ARTIFACT_REGISTRY","serviceAccount":"projects/sensei-manager-d64c0/serviceAccounts/376094928692-compute@developer.gserviceaccount.com","automaticUpdatePolicy":{}},"serviceConfig":{"service":"projects/sensei-manager-d64c0/locations/us-central1/services/criarsubcontaacademia","timeoutSeconds":60,"environmentVariables":{"FIREBASE_CONFIG":"{\"projectId\":\"sensei-manager-d64c0\",\"storageBucket\":\"sensei-manager-d64c0.firebasestorage.app\"}","GCLOUD_PROJECT":"sensei-manager-d64c0","EVENTARC_CLOUD_EVENT_SOURCE":"projects/sensei-manager-d64c0/locations/us-central1/services/criarSubcontaAcademia","FUNCTION_TARGET":"criarSubcontaAcademia","LOG_EXECUTION_ID":"true"},"ingressSettings":"ALLOW_ALL","serviceAccountEmail":"376094928692-compute@developer.gserviceaccount.com","availableMemory":"256Mi","secretEnvironmentVariables":[{"key":"ASAAS_API_KEY","projectId":"sensei-manager-d64c0","secret":"ASAAS_API_KEY","version":"1"}],"maxInstanceRequestConcurrency":80,"availableCpu":"1"},"state":"UNKNOWN","labels":{"deployment-callable":"true","firebase-functions-hash":"bbc2f0e50f837243b6332780cdd9814ce9042c3a"},"stateMessages":[{"severity":"ERROR","type":"CloudRunServiceNotFound","message":"Cloud Run service projects/sensei-manager-d64c0/locations/us-central1/services/criarsubcontaacademia for the function was not found. The function will not work correctly. Please redeploy."}],"environment":"GEN_2","url":"https://us-central1-sensei-manager-d64c0.cloudfunctions.net/criarSubcontaAcademia","satisfiesPzi":true},"stages":[{"name":"BUILD","message":"Build in progress","state":"IN_PROGRESS","resource":"projects/376094928692/locations/us-central1/builds/5ecef68a-7831-4574-b250-58a873b844d2","resourceUri":"https://console.cloud.google.com/cloud-build/builds;region=us-central1/5ecef68a-7831-4574-b250-58a873b844d2?project=376094928692"},{"name":"SERVICE","state":"NOT_STARTED"}],"operationType":"UPDATE_FUNCTION","buildName":"projects/376094928692/locations/us-central1/builds/5ecef68a-7831-4574-b250-58a873b844d2"},"done":false}
[debug] [2026-08-20T10:00:06.511Z] [update-default-us-central1-criarSubcontaAcademia] Retrying task index 0
[debug] [2026-08-20T10:00:06.511Z] Checked if tokens are valid: true, expires at: 1787222614580
[debug] [2026-08-20T10:00:06.511Z] Checked if tokens are valid: true, expires at: 1787222614580
[debug] [2026-08-20T10:00:06.512Z] >>> [apiv2][query] GET https://cloudfunctions.googleapis.com/v2/projects/sensei-manager-d64c0/locations/us-central1/operations/operation-1787220001630-6597795552858-a4ed1cbe-40169e89 [none]
[debug] [2026-08-20T10:00:07.613Z] <<< [apiv2][status] GET https://cloudfunctions.googleapis.com/v2/projects/sensei-manager-d64c0/locations/us-central1/operations/operation-1787220001630-6597795552858-a4ed1cbe-40169e89 200
[debug] [2026-08-20T10:00:07.613Z] <<< [apiv2][body] GET https://cloudfunctions.googleapis.com/v2/projects/sensei-manager-d64c0/locations/us-central1/operations/operation-1787220001630-6597795552858-a4ed1cbe-40169e89 {"name":"projects/sensei-manager-d64c0/locations/us-central1/operations/operation-1787220001630-6597795552858-a4ed1cbe-40169e89","metadata":{"@type":"type.googleapis.com/google.cloud.functions.v2.OperationMetadata","createTime":"2026-08-20T10:00:02.804064839Z","target":"projects/sensei-manager-d64c0/locations/us-central1/functions/criarSubcontaAcademia","verb":"update","cancelRequested":false,"apiVersion":"v2","requestResource":{"@type":"type.googleapis.com/google.cloud.functions.v2.Function","name":"projects/sensei-manager-d64c0/locations/us-central1/functions/criarSubcontaAcademia","buildConfig":{"runtime":"nodejs20","entryPoint":"criarSubcontaAcademia","source":{"storageSource":{"bucket":"gcf-v2-sources-376094928692-us-central1","object":"criarSubcontaAcademia/function-source.zip","generation":"1787220002740999"}},"environmentVariables":{"GOOGLE_NODE_RUN_SCRIPTS":""},"dockerRepository":"projects/sensei-manager-d64c0/locations/us-central1/repositories/gcf-artifacts","sourceProvenance":{"resolvedStorageSource":{"bucket":"gcf-v2-sources-376094928692-us-central1","object":"criarSubcontaAcademia/function-source.zip","generation":"1786989821676536"}},"dockerRegistry":"ARTIFACT_REGISTRY","serviceAccount":"projects/sensei-manager-d64c0/serviceAccounts/376094928692-compute@developer.gserviceaccount.com","automaticUpdatePolicy":{}},"serviceConfig":{"service":"projects/sensei-manager-d64c0/locations/us-central1/services/criarsubcontaacademia","timeoutSeconds":60,"environmentVariables":{"FIREBASE_CONFIG":"{\"projectId\":\"sensei-manager-d64c0\",\"storageBucket\":\"sensei-manager-d64c0.firebasestorage.app\"}","GCLOUD_PROJECT":"sensei-manager-d64c0","EVENTARC_CLOUD_EVENT_SOURCE":"projects/sensei-manager-d64c0/locations/us-central1/services/criarSubcontaAcademia","FUNCTION_TARGET":"criarSubcontaAcademia","LOG_EXECUTION_ID":"true"},"ingressSettings":"ALLOW_ALL","serviceAccountEmail":"376094928692-compute@developer.gserviceaccount.com","availableMemory":"256Mi","secretEnvironmentVariables":[{"key":"ASAAS_API_KEY","projectId":"sensei-manager-d64c0","secret":"ASAAS_API_KEY","version":"1"}],"maxInstanceRequestConcurrency":80,"availableCpu":"1"},"state":"UNKNOWN","labels":{"deployment-callable":"true","firebase-functions-hash":"bbc2f0e50f837243b6332780cdd9814ce9042c3a"},"stateMessages":[{"severity":"ERROR","type":"CloudRunServiceNotFound","message":"Cloud Run service projects/sensei-manager-d64c0/locations/us-central1/services/criarsubcontaacademia for the function was not found. The function will not work correctly. Please redeploy."}],"environment":"GEN_2","url":"https://us-central1-sensei-manager-d64c0.cloudfunctions.net/criarSubcontaAcademia","satisfiesPzi":true},"stages":[{"name":"BUILD","message":"Build in progress","state":"IN_PROGRESS","resource":"projects/376094928692/locations/us-central1/builds/5ecef68a-7831-4574-b250-58a873b844d2","resourceUri":"https://console.cloud.google.com/cloud-build/builds;region=us-central1/5ecef68a-7831-4574-b250-58a873b844d2?project=376094928692"},{"name":"SERVICE","state":"NOT_STARTED"}],"operationType":"UPDATE_FUNCTION","buildName":"projects/376094928692/locations/us-central1/builds/5ecef68a-7831-4574-b250-58a873b844d2"},"done":false}
[debug] [2026-08-20T10:00:09.615Z] [update-default-us-central1-criarSubcontaAcademia] Retrying task index 0
[debug] [2026-08-20T10:00:09.615Z] Checked if tokens are valid: true, expires at: 1787222614580
[debug] [2026-08-20T10:00:09.615Z] Checked if tokens are valid: true, expires at: 1787222614580
[debug] [2026-08-20T10:00:09.616Z] >>> [apiv2][query] GET https://cloudfunctions.googleapis.com/v2/projects/sensei-manager-d64c0/locations/us-central1/operations/operation-1787220001630-6597795552858-a4ed1cbe-40169e89 [none]
[debug] [2026-08-20T10:00:10.587Z] <<< [apiv2][status] GET https://cloudfunctions.googleapis.com/v2/projects/sensei-manager-d64c0/locations/us-central1/operations/operation-1787220001630-6597795552858-a4ed1cbe-40169e89 200
[debug] [2026-08-20T10:00:10.588Z] <<< [apiv2][body] GET https://cloudfunctions.googleapis.com/v2/projects/sensei-manager-d64c0/locations/us-central1/operations/operation-1787220001630-6597795552858-a4ed1cbe-40169e89 {"name":"projects/sensei-manager-d64c0/locations/us-central1/operations/operation-1787220001630-6597795552858-a4ed1cbe-40169e89","metadata":{"@type":"type.googleapis.com/google.cloud.functions.v2.OperationMetadata","createTime":"2026-08-20T10:00:02.804064839Z","target":"projects/sensei-manager-d64c0/locations/us-central1/functions/criarSubcontaAcademia","verb":"update","cancelRequested":false,"apiVersion":"v2","requestResource":{"@type":"type.googleapis.com/google.cloud.functions.v2.Function","name":"projects/sensei-manager-d64c0/locations/us-central1/functions/criarSubcontaAcademia","buildConfig":{"runtime":"nodejs20","entryPoint":"criarSubcontaAcademia","source":{"storageSource":{"bucket":"gcf-v2-sources-376094928692-us-central1","object":"criarSubcontaAcademia/function-source.zip","generation":"1787220002740999"}},"environmentVariables":{"GOOGLE_NODE_RUN_SCRIPTS":""},"dockerRepository":"projects/sensei-manager-d64c0/locations/us-central1/repositories/gcf-artifacts","sourceProvenance":{"resolvedStorageSource":{"bucket":"gcf-v2-sources-376094928692-us-central1","object":"criarSubcontaAcademia/function-source.zip","generation":"1786989821676536"}},"dockerRegistry":"ARTIFACT_REGISTRY","serviceAccount":"projects/sensei-manager-d64c0/serviceAccounts/376094928692-compute@developer.gserviceaccount.com","automaticUpdatePolicy":{}},"serviceConfig":{"service":"projects/sensei-manager-d64c0/locations/us-central1/services/criarsubcontaacademia","timeoutSeconds":60,"environmentVariables":{"FIREBASE_CONFIG":"{\"projectId\":\"sensei-manager-d64c0\",\"storageBucket\":\"sensei-manager-d64c0.firebasestorage.app\"}","GCLOUD_PROJECT":"sensei-manager-d64c0","EVENTARC_CLOUD_EVENT_SOURCE":"projects/sensei-manager-d64c0/locations/us-central1/services/criarSubcontaAcademia","FUNCTION_TARGET":"criarSubcontaAcademia","LOG_EXECUTION_ID":"true"},"ingressSettings":"ALLOW_ALL","serviceAccountEmail":"376094928692-compute@developer.gserviceaccount.com","availableMemory":"256Mi","secretEnvironmentVariables":[{"key":"ASAAS_API_KEY","projectId":"sensei-manager-d64c0","secret":"ASAAS_API_KEY","version":"1"}],"maxInstanceRequestConcurrency":80,"availableCpu":"1"},"state":"UNKNOWN","labels":{"deployment-callable":"true","firebase-functions-hash":"bbc2f0e50f837243b6332780cdd9814ce9042c3a"},"stateMessages":[{"severity":"ERROR","type":"CloudRunServiceNotFound","message":"Cloud Run service projects/sensei-manager-d64c0/locations/us-central1/services/criarsubcontaacademia for the function was not found. The function will not work correctly. Please redeploy."}],"environment":"GEN_2","url":"https://us-central1-sensei-manager-d64c0.cloudfunctions.net/criarSubcontaAcademia","satisfiesPzi":true},"stages":[{"name":"BUILD","message":"Build in progress","state":"IN_PROGRESS","resource":"projects/376094928692/locations/us-central1/builds/5ecef68a-7831-4574-b250-58a873b844d2","resourceUri":"https://console.cloud.google.com/cloud-build/builds;region=us-central1/5ecef68a-7831-4574-b250-58a873b844d2?project=376094928692"},{"name":"SERVICE","state":"NOT_STARTED"}],"operationType":"UPDATE_FUNCTION","buildName":"projects/376094928692/locations/us-central1/builds/5ecef68a-7831-4574-b250-58a873b844d2"},"done":false}
[debug] [2026-08-20T10:00:14.589Z] [update-default-us-central1-criarSubcontaAcademia] Retrying task index 0
[debug] [2026-08-20T10:00:14.590Z] Checked if tokens are valid: true, expires at: 1787222614580
[debug] [2026-08-20T10:00:14.590Z] Checked if tokens are valid: true, expires at: 1787222614580
[debug] [2026-08-20T10:00:14.590Z] >>> [apiv2][query] GET https://cloudfunctions.googleapis.com/v2/projects/sensei-manager-d64c0/locations/us-central1/operations/operation-1787220001630-6597795552858-a4ed1cbe-40169e89 [none]
[debug] [2026-08-20T10:00:15.695Z] <<< [apiv2][status] GET https://cloudfunctions.googleapis.com/v2/projects/sensei-manager-d64c0/locations/us-central1/operations/operation-1787220001630-6597795552858-a4ed1cbe-40169e89 200
[debug] [2026-08-20T10:00:15.695Z] <<< [apiv2][body] GET https://cloudfunctions.googleapis.com/v2/projects/sensei-manager-d64c0/locations/us-central1/operations/operation-1787220001630-6597795552858-a4ed1cbe-40169e89 {"name":"projects/sensei-manager-d64c0/locations/us-central1/operations/operation-1787220001630-6597795552858-a4ed1cbe-40169e89","metadata":{"@type":"type.googleapis.com/google.cloud.functions.v2.OperationMetadata","createTime":"2026-08-20T10:00:02.804064839Z","target":"projects/sensei-manager-d64c0/locations/us-central1/functions/criarSubcontaAcademia","verb":"update","cancelRequested":false,"apiVersion":"v2","requestResource":{"@type":"type.googleapis.com/google.cloud.functions.v2.Function","name":"projects/sensei-manager-d64c0/locations/us-central1/functions/criarSubcontaAcademia","buildConfig":{"runtime":"nodejs20","entryPoint":"criarSubcontaAcademia","source":{"storageSource":{"bucket":"gcf-v2-sources-376094928692-us-central1","object":"criarSubcontaAcademia/function-source.zip","generation":"1787220002740999"}},"environmentVariables":{"GOOGLE_NODE_RUN_SCRIPTS":""},"dockerRepository":"projects/sensei-manager-d64c0/locations/us-central1/repositories/gcf-artifacts","sourceProvenance":{"resolvedStorageSource":{"bucket":"gcf-v2-sources-376094928692-us-central1","object":"criarSubcontaAcademia/function-source.zip","generation":"1786989821676536"}},"dockerRegistry":"ARTIFACT_REGISTRY","serviceAccount":"projects/sensei-manager-d64c0/serviceAccounts/376094928692-compute@developer.gserviceaccount.com","automaticUpdatePolicy":{}},"serviceConfig":{"service":"projects/sensei-manager-d64c0/locations/us-central1/services/criarsubcontaacademia","timeoutSeconds":60,"environmentVariables":{"FIREBASE_CONFIG":"{\"projectId\":\"sensei-manager-d64c0\",\"storageBucket\":\"sensei-manager-d64c0.firebasestorage.app\"}","GCLOUD_PROJECT":"sensei-manager-d64c0","EVENTARC_CLOUD_EVENT_SOURCE":"projects/sensei-manager-d64c0/locations/us-central1/services/criarSubcontaAcademia","FUNCTION_TARGET":"criarSubcontaAcademia","LOG_EXECUTION_ID":"true"},"ingressSettings":"ALLOW_ALL","serviceAccountEmail":"376094928692-compute@developer.gserviceaccount.com","availableMemory":"256Mi","secretEnvironmentVariables":[{"key":"ASAAS_API_KEY","projectId":"sensei-manager-d64c0","secret":"ASAAS_API_KEY","version":"1"}],"maxInstanceRequestConcurrency":80,"availableCpu":"1"},"state":"UNKNOWN","labels":{"deployment-callable":"true","firebase-functions-hash":"bbc2f0e50f837243b6332780cdd9814ce9042c3a"},"stateMessages":[{"severity":"ERROR","type":"CloudRunServiceNotFound","message":"Cloud Run service projects/sensei-manager-d64c0/locations/us-central1/services/criarsubcontaacademia for the function was not found. The function will not work correctly. Please redeploy."}],"environment":"GEN_2","url":"https://us-central1-sensei-manager-d64c0.cloudfunctions.net/criarSubcontaAcademia","satisfiesPzi":true},"stages":[{"name":"BUILD","message":"Build in progress","state":"IN_PROGRESS","resource":"projects/376094928692/locations/us-central1/builds/5ecef68a-7831-4574-b250-58a873b844d2","resourceUri":"https://console.cloud.google.com/cloud-build/builds;region=us-central1/5ecef68a-7831-4574-b250-58a873b844d2?project=376094928692"},{"name":"SERVICE","state":"NOT_STARTED"}],"operationType":"UPDATE_FUNCTION","buildName":"projects/376094928692/locations/us-central1/builds/5ecef68a-7831-4574-b250-58a873b844d2"},"done":false}
[debug] [2026-08-20T10:00:23.696Z] [update-default-us-central1-criarSubcontaAcademia] Retrying task index 0
[debug] [2026-08-20T10:00:23.696Z] Checked if tokens are valid: true, expires at: 1787222614580
[debug] [2026-08-20T10:00:23.696Z] Checked if tokens are valid: true, expires at: 1787222614580
[debug] [2026-08-20T10:00:23.697Z] >>> [apiv2][query] GET https://cloudfunctions.googleapis.com/v2/projects/sensei-manager-d64c0/locations/us-central1/operations/operation-1787220001630-6597795552858-a4ed1cbe-40169e89 [none]
[debug] [2026-08-20T10:00:24.807Z] <<< [apiv2][status] GET https://cloudfunctions.googleapis.com/v2/projects/sensei-manager-d64c0/locations/us-central1/operations/operation-1787220001630-6597795552858-a4ed1cbe-40169e89 200
[debug] [2026-08-20T10:00:24.807Z] <<< [apiv2][body] GET https://cloudfunctions.googleapis.com/v2/projects/sensei-manager-d64c0/locations/us-central1/operations/operation-1787220001630-6597795552858-a4ed1cbe-40169e89 {"name":"projects/sensei-manager-d64c0/locations/us-central1/operations/operation-1787220001630-6597795552858-a4ed1cbe-40169e89","metadata":{"@type":"type.googleapis.com/google.cloud.functions.v2.OperationMetadata","createTime":"2026-08-20T10:00:02.804064839Z","target":"projects/sensei-manager-d64c0/locations/us-central1/functions/criarSubcontaAcademia","verb":"update","cancelRequested":false,"apiVersion":"v2","requestResource":{"@type":"type.googleapis.com/google.cloud.functions.v2.Function","name":"projects/sensei-manager-d64c0/locations/us-central1/functions/criarSubcontaAcademia","buildConfig":{"runtime":"nodejs20","entryPoint":"criarSubcontaAcademia","source":{"storageSource":{"bucket":"gcf-v2-sources-376094928692-us-central1","object":"criarSubcontaAcademia/function-source.zip","generation":"1787220002740999"}},"environmentVariables":{"GOOGLE_NODE_RUN_SCRIPTS":""},"dockerRepository":"projects/sensei-manager-d64c0/locations/us-central1/repositories/gcf-artifacts","sourceProvenance":{"resolvedStorageSource":{"bucket":"gcf-v2-sources-376094928692-us-central1","object":"criarSubcontaAcademia/function-source.zip","generation":"1786989821676536"}},"dockerRegistry":"ARTIFACT_REGISTRY","serviceAccount":"projects/sensei-manager-d64c0/serviceAccounts/376094928692-compute@developer.gserviceaccount.com","automaticUpdatePolicy":{}},"serviceConfig":{"service":"projects/sensei-manager-d64c0/locations/us-central1/services/criarsubcontaacademia","timeoutSeconds":60,"environmentVariables":{"FIREBASE_CONFIG":"{\"projectId\":\"sensei-manager-d64c0\",\"storageBucket\":\"sensei-manager-d64c0.firebasestorage.app\"}","GCLOUD_PROJECT":"sensei-manager-d64c0","EVENTARC_CLOUD_EVENT_SOURCE":"projects/sensei-manager-d64c0/locations/us-central1/services/criarSubcontaAcademia","FUNCTION_TARGET":"criarSubcontaAcademia","LOG_EXECUTION_ID":"true"},"ingressSettings":"ALLOW_ALL","serviceAccountEmail":"376094928692-compute@developer.gserviceaccount.com","availableMemory":"256Mi","secretEnvironmentVariables":[{"key":"ASAAS_API_KEY","projectId":"sensei-manager-d64c0","secret":"ASAAS_API_KEY","version":"1"}],"maxInstanceRequestConcurrency":80,"availableCpu":"1"},"state":"UNKNOWN","labels":{"deployment-callable":"true","firebase-functions-hash":"bbc2f0e50f837243b6332780cdd9814ce9042c3a"},"stateMessages":[{"severity":"ERROR","type":"CloudRunServiceNotFound","message":"Cloud Run service projects/sensei-manager-d64c0/locations/us-central1/services/criarsubcontaacademia for the function was not found. The function will not work correctly. Please redeploy."}],"environment":"GEN_2","url":"https://us-central1-sensei-manager-d64c0.cloudfunctions.net/criarSubcontaAcademia","satisfiesPzi":true},"stages":[{"name":"BUILD","message":"Build in progress","state":"IN_PROGRESS","resource":"projects/376094928692/locations/us-central1/builds/5ecef68a-7831-4574-b250-58a873b844d2","resourceUri":"https://console.cloud.google.com/cloud-build/builds;region=us-central1/5ecef68a-7831-4574-b250-58a873b844d2?project=376094928692"},{"name":"SERVICE","state":"NOT_STARTED"}],"operationType":"UPDATE_FUNCTION","buildName":"projects/376094928692/locations/us-central1/builds/5ecef68a-7831-4574-b250-58a873b844d2"},"done":false}
[debug] [2026-08-20T10:00:34.809Z] [update-default-us-central1-criarSubcontaAcademia] Retrying task index 0
[debug] [2026-08-20T10:00:34.809Z] Checked if tokens are valid: true, expires at: 1787222614580
[debug] [2026-08-20T10:00:34.809Z] Checked if tokens are valid: true, expires at: 1787222614580
[debug] [2026-08-20T10:00:34.809Z] >>> [apiv2][query] GET https://cloudfunctions.googleapis.com/v2/projects/sensei-manager-d64c0/locations/us-central1/operations/operation-1787220001630-6597795552858-a4ed1cbe-40169e89 [none]
[debug] [2026-08-20T10:00:36.072Z] <<< [apiv2][status] GET https://cloudfunctions.googleapis.com/v2/projects/sensei-manager-d64c0/locations/us-central1/operations/operation-1787220001630-6597795552858-a4ed1cbe-40169e89 200
[debug] [2026-08-20T10:00:36.072Z] <<< [apiv2][body] GET https://cloudfunctions.googleapis.com/v2/projects/sensei-manager-d64c0/locations/us-central1/operations/operation-1787220001630-6597795552858-a4ed1cbe-40169e89 {"name":"projects/sensei-manager-d64c0/locations/us-central1/operations/operation-1787220001630-6597795552858-a4ed1cbe-40169e89","metadata":{"@type":"type.googleapis.com/google.cloud.functions.v2.OperationMetadata","createTime":"2026-08-20T10:00:02.804064839Z","target":"projects/sensei-manager-d64c0/locations/us-central1/functions/criarSubcontaAcademia","verb":"update","cancelRequested":false,"apiVersion":"v2","requestResource":{"@type":"type.googleapis.com/google.cloud.functions.v2.Function","name":"projects/sensei-manager-d64c0/locations/us-central1/functions/criarSubcontaAcademia","buildConfig":{"runtime":"nodejs20","entryPoint":"criarSubcontaAcademia","source":{"storageSource":{"bucket":"gcf-v2-sources-376094928692-us-central1","object":"criarSubcontaAcademia/function-source.zip","generation":"1787220002740999"}},"environmentVariables":{"GOOGLE_NODE_RUN_SCRIPTS":""},"dockerRepository":"projects/sensei-manager-d64c0/locations/us-central1/repositories/gcf-artifacts","sourceProvenance":{"resolvedStorageSource":{"bucket":"gcf-v2-sources-376094928692-us-central1","object":"criarSubcontaAcademia/function-source.zip","generation":"1786989821676536"}},"dockerRegistry":"ARTIFACT_REGISTRY","serviceAccount":"projects/sensei-manager-d64c0/serviceAccounts/376094928692-compute@developer.gserviceaccount.com","automaticUpdatePolicy":{}},"serviceConfig":{"service":"projects/sensei-manager-d64c0/locations/us-central1/services/criarsubcontaacademia","timeoutSeconds":60,"environmentVariables":{"FIREBASE_CONFIG":"{\"projectId\":\"sensei-manager-d64c0\",\"storageBucket\":\"sensei-manager-d64c0.firebasestorage.app\"}","GCLOUD_PROJECT":"sensei-manager-d64c0","EVENTARC_CLOUD_EVENT_SOURCE":"projects/sensei-manager-d64c0/locations/us-central1/services/criarSubcontaAcademia","FUNCTION_TARGET":"criarSubcontaAcademia","LOG_EXECUTION_ID":"true"},"ingressSettings":"ALLOW_ALL","serviceAccountEmail":"376094928692-compute@developer.gserviceaccount.com","availableMemory":"256Mi","secretEnvironmentVariables":[{"key":"ASAAS_API_KEY","projectId":"sensei-manager-d64c0","secret":"ASAAS_API_KEY","version":"1"}],"maxInstanceRequestConcurrency":80,"availableCpu":"1"},"state":"UNKNOWN","labels":{"deployment-callable":"true","firebase-functions-hash":"bbc2f0e50f837243b6332780cdd9814ce9042c3a"},"stateMessages":[{"severity":"ERROR","type":"CloudRunServiceNotFound","message":"Cloud Run service projects/sensei-manager-d64c0/locations/us-central1/services/criarsubcontaacademia for the function was not found. The function will not work correctly. Please redeploy."}],"environment":"GEN_2","url":"https://us-central1-sensei-manager-d64c0.cloudfunctions.net/criarSubcontaAcademia","satisfiesPzi":true},"stages":[{"name":"BUILD","message":"Build in progress","state":"IN_PROGRESS","resource":"projects/376094928692/locations/us-central1/builds/5ecef68a-7831-4574-b250-58a873b844d2","resourceUri":"https://console.cloud.google.com/cloud-build/builds;region=us-central1/5ecef68a-7831-4574-b250-58a873b844d2?project=376094928692"},{"name":"SERVICE","state":"NOT_STARTED"}],"operationType":"UPDATE_FUNCTION","buildName":"projects/376094928692/locations/us-central1/builds/5ecef68a-7831-4574-b250-58a873b844d2"},"done":false}
[debug] [2026-08-20T10:00:46.073Z] [update-default-us-central1-criarSubcontaAcademia] Retrying task index 0
[debug] [2026-08-20T10:00:46.074Z] Checked if tokens are valid: true, expires at: 1787222614580
[debug] [2026-08-20T10:00:46.074Z] Checked if tokens are valid: true, expires at: 1787222614580
[debug] [2026-08-20T10:00:46.074Z] >>> [apiv2][query] GET https://cloudfunctions.googleapis.com/v2/projects/sensei-manager-d64c0/locations/us-central1/operations/operation-1787220001630-6597795552858-a4ed1cbe-40169e89 [none]
[debug] [2026-08-20T10:00:47.234Z] <<< [apiv2][status] GET https://cloudfunctions.googleapis.com/v2/projects/sensei-manager-d64c0/locations/us-central1/operations/operation-1787220001630-6597795552858-a4ed1cbe-40169e89 200
[debug] [2026-08-20T10:00:47.234Z] <<< [apiv2][body] GET https://cloudfunctions.googleapis.com/v2/projects/sensei-manager-d64c0/locations/us-central1/operations/operation-1787220001630-6597795552858-a4ed1cbe-40169e89 {"name":"projects/sensei-manager-d64c0/locations/us-central1/operations/operation-1787220001630-6597795552858-a4ed1cbe-40169e89","metadata":{"@type":"type.googleapis.com/google.cloud.functions.v2.OperationMetadata","createTime":"2026-08-20T10:00:02.804064839Z","endTime":"2026-08-20T10:00:38.238110812Z","target":"projects/sensei-manager-d64c0/locations/us-central1/functions/criarSubcontaAcademia","verb":"update","cancelRequested":false,"apiVersion":"v2","requestResource":{"@type":"type.googleapis.com/google.cloud.functions.v2.Function","name":"projects/sensei-manager-d64c0/locations/us-central1/functions/criarSubcontaAcademia","buildConfig":{"runtime":"nodejs20","entryPoint":"criarSubcontaAcademia","source":{"storageSource":{"bucket":"gcf-v2-sources-376094928692-us-central1","object":"criarSubcontaAcademia/function-source.zip","generation":"1787220002740999"}},"environmentVariables":{"GOOGLE_NODE_RUN_SCRIPTS":""},"dockerRepository":"projects/sensei-manager-d64c0/locations/us-central1/repositories/gcf-artifacts","sourceProvenance":{"resolvedStorageSource":{"bucket":"gcf-v2-sources-376094928692-us-central1","object":"criarSubcontaAcademia/function-source.zip","generation":"1786989821676536"}},"dockerRegistry":"ARTIFACT_REGISTRY","serviceAccount":"projects/sensei-manager-d64c0/serviceAccounts/376094928692-compute@developer.gserviceaccount.com","automaticUpdatePolicy":{}},"serviceConfig":{"service":"projects/sensei-manager-d64c0/locations/us-central1/services/criarsubcontaacademia","timeoutSeconds":60,"environmentVariables":{"FIREBASE_CONFIG":"{\"projectId\":\"sensei-manager-d64c0\",\"storageBucket\":\"sensei-manager-d64c0.firebasestorage.app\"}","GCLOUD_PROJECT":"sensei-manager-d64c0","EVENTARC_CLOUD_EVENT_SOURCE":"projects/sensei-manager-d64c0/locations/us-central1/services/criarSubcontaAcademia","FUNCTION_TARGET":"criarSubcontaAcademia","LOG_EXECUTION_ID":"true"},"ingressSettings":"ALLOW_ALL","serviceAccountEmail":"376094928692-compute@developer.gserviceaccount.com","availableMemory":"256Mi","secretEnvironmentVariables":[{"key":"ASAAS_API_KEY","projectId":"sensei-manager-d64c0","secret":"ASAAS_API_KEY","version":"1"}],"maxInstanceRequestConcurrency":80,"availableCpu":"1"},"state":"UNKNOWN","labels":{"deployment-callable":"true","firebase-functions-hash":"bbc2f0e50f837243b6332780cdd9814ce9042c3a"},"stateMessages":[{"severity":"ERROR","type":"CloudRunServiceNotFound","message":"Cloud Run service projects/sensei-manager-d64c0/locations/us-central1/services/criarsubcontaacademia for the function was not found. The function will not work correctly. Please redeploy."}],"environment":"GEN_2","url":"https://us-central1-sensei-manager-d64c0.cloudfunctions.net/criarSubcontaAcademia","satisfiesPzi":true},"stages":[{"name":"SERVICE","state":"NOT_STARTED"}],"operationType":"UPDATE_FUNCTION"},"done":true,"error":{"code":3,"message":"Build failed with status: FAILURE. Could not build the function due to a missing permission on the build service account. If you didn't revoke that permission explicitly, this could be caused by a change in the organization policies. Please refer to the following documentation for more details and resolution: https://cloud.google.com/functions/docs/troubleshooting#build-service-account\n You can also view the logs at https://console.cloud.google.com/cloud-build/builds;region=us-central1/5ecef68a-7831-4574-b250-58a873b844d2?project=376094928692.\n"}}
[debug] [2026-08-20T10:00:47.234Z] Got source token undefined for region us-central1
[debug] [2026-08-20T10:00:47.235Z] Checked if tokens are valid: true, expires at: 1787222614580
[debug] [2026-08-20T10:00:47.235Z] Checked if tokens are valid: true, expires at: 1787222614580
[debug] [2026-08-20T10:00:47.235Z] Checked if tokens are valid: true, expires at: 1787222614580
[debug] [2026-08-20T10:00:47.235Z] Checked if tokens are valid: true, expires at: 1787222614580
[debug] [2026-08-20T10:00:47.235Z] Checked if tokens are valid: true, expires at: 1787222614580
[debug] [2026-08-20T10:00:47.235Z] Checked if tokens are valid: true, expires at: 1787222614580
[debug] [2026-08-20T10:00:47.235Z] >>> [apiv2][query] PATCH https://cloudfunctions.googleapis.com/v2/projects/sensei-manager-d64c0/locations/us-central1/functions/verificarStatusAsaas updateMask=name%2CbuildConfig.runtime%2CbuildConfig.entryPoint%2CbuildConfig.source.storageSource.bucket%2CbuildConfig.source.storageSource.object%2CbuildConfig.environmentVariables%2CbuildConfig.sourceToken%2CserviceConfig.environmentVariables%2CserviceConfig.secretEnvironmentVariables%2CserviceConfig.ingressSettings%2CserviceConfig.timeoutSeconds%2CserviceConfig.serviceAccountEmail%2CserviceConfig.availableMemory%2CserviceConfig.minInstanceCount%2CserviceConfig.maxInstanceCount%2CserviceConfig.maxInstanceRequestConcurrency%2CserviceConfig.availableCpu%2CserviceConfig.vpcConnector%2CserviceConfig.vpcConnectorEgressSettings%2CserviceConfig.directVpcNetworkInterface%2CserviceConfig.directVpcEgress%2Clabels
[debug] [2026-08-20T10:00:47.235Z] >>> [apiv2][body] PATCH https://cloudfunctions.googleapis.com/v2/projects/sensei-manager-d64c0/locations/us-central1/functions/verificarStatusAsaas {"name":"projects/sensei-manager-d64c0/locations/us-central1/functions/verificarStatusAsaas","buildConfig":{"runtime":"nodejs20","entryPoint":"verificarStatusAsaas","source":{"storageSource":{"bucket":"gcf-v2-uploads-376094928692.us-central1.cloudfunctions.appspot.com","object":"19eee15d-0434-440b-93ff-581cff93050a.zip"}},"environmentVariables":{"GOOGLE_NODE_RUN_SCRIPTS":""}},"serviceConfig":{"environmentVariables":{"FIREBASE_CONFIG":"{\"projectId\":\"sensei-manager-d64c0\",\"storageBucket\":\"sensei-manager-d64c0.firebasestorage.app\"}","GCLOUD_PROJECT":"sensei-manager-d64c0","EVENTARC_CLOUD_EVENT_SOURCE":"projects/sensei-manager-d64c0/locations/us-central1/services/verificarStatusAsaas","FUNCTION_TARGET":"verificarStatusAsaas","LOG_EXECUTION_ID":"true"},"secretEnvironmentVariables":[{"key":"ASAAS_API_KEY","secret":"ASAAS_API_KEY","projectId":"sensei-manager-d64c0","version":"1"}],"ingressSettings":null,"timeoutSeconds":null,"serviceAccountEmail":null,"availableMemory":"256Mi","minInstanceCount":null,"maxInstanceCount":null,"maxInstanceRequestConcurrency":80,"availableCpu":"1","vpcConnector":null,"vpcConnectorEgressSettings":null,"directVpcNetworkInterface":null,"directVpcEgress":null},"labels":{"deployment-tool":"cli-firebase","deployment-callable":"true","firebase-functions-hash":"bbc2f0e50f837243b6332780cdd9814ce9042c3a"}}
[debug] [2026-08-20T10:00:47.236Z] >>> [apiv2][query] PATCH https://cloudfunctions.googleapis.com/v2/projects/sensei-manager-d64c0/locations/us-central1/functions/criarCobrancaPix updateMask=name%2CbuildConfig.runtime%2CbuildConfig.entryPoint%2CbuildConfig.source.storageSource.bucket%2CbuildConfig.source.storageSource.object%2CbuildConfig.environmentVariables%2CbuildConfig.sourceToken%2CserviceConfig.environmentVariables%2CserviceConfig.secretEnvironmentVariables%2CserviceConfig.ingressSettings%2CserviceConfig.timeoutSeconds%2CserviceConfig.serviceAccountEmail%2CserviceConfig.availableMemory%2CserviceConfig.minInstanceCount%2CserviceConfig.maxInstanceCount%2CserviceConfig.maxInstanceRequestConcurrency%2CserviceConfig.availableCpu%2CserviceConfig.vpcConnector%2CserviceConfig.vpcConnectorEgressSettings%2CserviceConfig.directVpcNetworkInterface%2CserviceConfig.directVpcEgress%2Clabels
[debug] [2026-08-20T10:00:47.236Z] >>> [apiv2][body] PATCH https://cloudfunctions.googleapis.com/v2/projects/sensei-manager-d64c0/locations/us-central1/functions/criarCobrancaPix {"name":"projects/sensei-manager-d64c0/locations/us-central1/functions/criarCobrancaPix","buildConfig":{"runtime":"nodejs20","entryPoint":"criarCobrancaPix","source":{"storageSource":{"bucket":"gcf-v2-uploads-376094928692.us-central1.cloudfunctions.appspot.com","object":"19eee15d-0434-440b-93ff-581cff93050a.zip"}},"environmentVariables":{"GOOGLE_NODE_RUN_SCRIPTS":""}},"serviceConfig":{"environmentVariables":{"FIREBASE_CONFIG":"{\"projectId\":\"sensei-manager-d64c0\",\"storageBucket\":\"sensei-manager-d64c0.firebasestorage.app\"}","GCLOUD_PROJECT":"sensei-manager-d64c0","EVENTARC_CLOUD_EVENT_SOURCE":"projects/sensei-manager-d64c0/locations/us-central1/services/criarCobrancaPix","FUNCTION_TARGET":"criarCobrancaPix","LOG_EXECUTION_ID":"true"},"secretEnvironmentVariables":[{"key":"ASAAS_API_KEY","secret":"ASAAS_API_KEY","projectId":"sensei-manager-d64c0","version":"1"}],"ingressSettings":null,"timeoutSeconds":null,"serviceAccountEmail":null,"availableMemory":"256Mi","minInstanceCount":null,"maxInstanceCount":null,"maxInstanceRequestConcurrency":80,"availableCpu":"1","vpcConnector":null,"vpcConnectorEgressSettings":null,"directVpcNetworkInterface":null,"directVpcEgress":null},"labels":{"deployment-tool":"cli-firebase","deployment-callable":"true","firebase-functions-hash":"bbc2f0e50f837243b6332780cdd9814ce9042c3a"}}
[debug] [2026-08-20T10:00:47.237Z] >>> [apiv2][query] PATCH https://cloudfunctions.googleapis.com/v2/projects/sensei-manager-d64c0/locations/us-central1/functions/webhookAsaas updateMask=name%2CbuildConfig.runtime%2CbuildConfig.entryPoint%2CbuildConfig.source.storageSource.bucket%2CbuildConfig.source.storageSource.object%2CbuildConfig.environmentVariables%2CbuildConfig.sourceToken%2CserviceConfig.environmentVariables%2CserviceConfig.secretEnvironmentVariables%2CserviceConfig.ingressSettings%2CserviceConfig.timeoutSeconds%2CserviceConfig.serviceAccountEmail%2CserviceConfig.availableMemory%2CserviceConfig.minInstanceCount%2CserviceConfig.maxInstanceCount%2CserviceConfig.maxInstanceRequestConcurrency%2CserviceConfig.availableCpu%2CserviceConfig.vpcConnector%2CserviceConfig.vpcConnectorEgressSettings%2CserviceConfig.directVpcNetworkInterface%2CserviceConfig.directVpcEgress%2Clabels
[debug] [2026-08-20T10:00:47.237Z] >>> [apiv2][body] PATCH https://cloudfunctions.googleapis.com/v2/projects/sensei-manager-d64c0/locations/us-central1/functions/webhookAsaas {"name":"projects/sensei-manager-d64c0/locations/us-central1/functions/webhookAsaas","buildConfig":{"runtime":"nodejs20","entryPoint":"webhookAsaas","source":{"storageSource":{"bucket":"gcf-v2-uploads-376094928692.us-central1.cloudfunctions.appspot.com","object":"19eee15d-0434-440b-93ff-581cff93050a.zip"}},"environmentVariables":{"GOOGLE_NODE_RUN_SCRIPTS":""}},"serviceConfig":{"environmentVariables":{"FIREBASE_CONFIG":"{\"projectId\":\"sensei-manager-d64c0\",\"storageBucket\":\"sensei-manager-d64c0.firebasestorage.app\"}","GCLOUD_PROJECT":"sensei-manager-d64c0","EVENTARC_CLOUD_EVENT_SOURCE":"projects/sensei-manager-d64c0/locations/us-central1/services/webhookAsaas","FUNCTION_TARGET":"webhookAsaas","LOG_EXECUTION_ID":"true"},"secretEnvironmentVariables":[{"key":"ASAAS_WEBHOOK_TOKEN","secret":"ASAAS_WEBHOOK_TOKEN","projectId":"sensei-manager-d64c0","version":"1"}],"ingressSettings":null,"timeoutSeconds":null,"serviceAccountEmail":null,"availableMemory":"256Mi","minInstanceCount":null,"maxInstanceCount":null,"maxInstanceRequestConcurrency":80,"availableCpu":"1","vpcConnector":null,"vpcConnectorEgressSettings":null,"directVpcNetworkInterface":null,"directVpcEgress":null},"labels":{"deployment-tool":"cli-firebase","firebase-functions-hash":"57636b5a224fd2a5e0f1d825b2658881cd8fdb30"}}
[error] Build failed with status: FAILURE. Could not build the function due to a missing permission on the build service account. If you didn't revoke that permission explicitly, this could be caused by a change in the organization policies. Please refer to the following documentation for more details and resolution: https://cloud.google.com/functions/docs/troubleshooting#build-service-account
 You can also view the logs at https://console.cloud.google.com/cloud-build/builds;region=us-central1/5ecef68a-7831-4574-b250-58a873b844d2?project=376094928692.

[debug] [2026-08-20T10:00:49.273Z] <<< [apiv2][status] PATCH https://cloudfunctions.googleapis.com/v2/projects/sensei-manager-d64c0/locations/us-central1/functions/verificarStatusAsaas 200
[debug] [2026-08-20T10:00:49.273Z] <<< [apiv2][body] PATCH https://cloudfunctions.googleapis.com/v2/projects/sensei-manager-d64c0/locations/us-central1/functions/verificarStatusAsaas {"name":"projects/sensei-manager-d64c0/locations/us-central1/operations/operation-1787220048148-65977981af7e1-22da729f-9d1c9d9c","metadata":{"@type":"type.googleapis.com/google.cloud.functions.v2.OperationMetadata","createTime":"2026-08-20T10:00:49.133753648Z","target":"projects/sensei-manager-d64c0/locations/us-central1/functions/verificarStatusAsaas","verb":"update","cancelRequested":false,"apiVersion":"v2"},"done":false}
[debug] [2026-08-20T10:00:49.274Z] Checked if tokens are valid: true, expires at: 1787222614580
[debug] [2026-08-20T10:00:49.274Z] Checked if tokens are valid: true, expires at: 1787222614580
[debug] [2026-08-20T10:00:49.274Z] >>> [apiv2][query] GET https://cloudfunctions.googleapis.com/v2/projects/sensei-manager-d64c0/locations/us-central1/operations/operation-1787220048148-65977981af7e1-22da729f-9d1c9d9c [none]
[debug] [2026-08-20T10:00:49.360Z] <<< [apiv2][status] PATCH https://cloudfunctions.googleapis.com/v2/projects/sensei-manager-d64c0/locations/us-central1/functions/webhookAsaas 200
[debug] [2026-08-20T10:00:49.360Z] <<< [apiv2][body] PATCH https://cloudfunctions.googleapis.com/v2/projects/sensei-manager-d64c0/locations/us-central1/functions/webhookAsaas {"name":"projects/sensei-manager-d64c0/locations/us-central1/operations/operation-1787220048253-65977981c9422-7a45c1e9-87e740ea","metadata":{"@type":"type.googleapis.com/google.cloud.functions.v2.OperationMetadata","createTime":"2026-08-20T10:00:49.261922776Z","target":"projects/sensei-manager-d64c0/locations/us-central1/functions/webhookAsaas","verb":"update","cancelRequested":false,"apiVersion":"v2"},"done":false}
[debug] [2026-08-20T10:00:49.361Z] Checked if tokens are valid: true, expires at: 1787222614580
[debug] [2026-08-20T10:00:49.361Z] Checked if tokens are valid: true, expires at: 1787222614580
[debug] [2026-08-20T10:00:49.361Z] >>> [apiv2][query] GET https://cloudfunctions.googleapis.com/v2/projects/sensei-manager-d64c0/locations/us-central1/operations/operation-1787220048253-65977981c9422-7a45c1e9-87e740ea [none]
[debug] [2026-08-20T10:00:49.495Z] <<< [apiv2][status] PATCH https://cloudfunctions.googleapis.com/v2/projects/sensei-manager-d64c0/locations/us-central1/functions/criarCobrancaPix 200
[debug] [2026-08-20T10:00:49.495Z] <<< [apiv2][body] PATCH https://cloudfunctions.googleapis.com/v2/projects/sensei-manager-d64c0/locations/us-central1/functions/criarCobrancaPix {"name":"projects/sensei-manager-d64c0/locations/us-central1/operations/operation-1787220048295-65977981d3737-a86a676f-cfc8c07b","metadata":{"@type":"type.googleapis.com/google.cloud.functions.v2.OperationMetadata","createTime":"2026-08-20T10:00:49.377823433Z","target":"projects/sensei-manager-d64c0/locations/us-central1/functions/criarCobrancaPix","verb":"update","cancelRequested":false,"apiVersion":"v2"},"done":false}
[debug] [2026-08-20T10:00:49.495Z] Checked if tokens are valid: true, expires at: 1787222614580
[debug] [2026-08-20T10:00:49.495Z] Checked if tokens are valid: true, expires at: 1787222614580
[debug] [2026-08-20T10:00:49.495Z] >>> [apiv2][query] GET https://cloudfunctions.googleapis.com/v2/projects/sensei-manager-d64c0/locations/us-central1/operations/operation-1787220048295-65977981d3737-a86a676f-cfc8c07b [none]
[debug] [2026-08-20T10:00:50.296Z] <<< [apiv2][status] GET https://cloudfunctions.googleapis.com/v2/projects/sensei-manager-d64c0/locations/us-central1/operations/operation-1787220048148-65977981af7e1-22da729f-9d1c9d9c 200
[debug] [2026-08-20T10:00:50.297Z] <<< [apiv2][body] GET https://cloudfunctions.googleapis.com/v2/projects/sensei-manager-d64c0/locations/us-central1/operations/operation-1787220048148-65977981af7e1-22da729f-9d1c9d9c {"name":"projects/sensei-manager-d64c0/locations/us-central1/operations/operation-1787220048148-65977981af7e1-22da729f-9d1c9d9c","metadata":{"@type":"type.googleapis.com/google.cloud.functions.v2.OperationMetadata","createTime":"2026-08-20T10:00:49.133753648Z","target":"projects/sensei-manager-d64c0/locations/us-central1/functions/verificarStatusAsaas","verb":"update","cancelRequested":false,"apiVersion":"v2","requestResource":{"@type":"type.googleapis.com/google.cloud.functions.v2.Function","name":"projects/sensei-manager-d64c0/locations/us-central1/functions/verificarStatusAsaas","buildConfig":{"runtime":"nodejs20","entryPoint":"verificarStatusAsaas","source":{"storageSource":{"bucket":"gcf-v2-sources-376094928692-us-central1","object":"verificarStatusAsaas/function-source.zip","generation":"1787220049073370"}},"environmentVariables":{"GOOGLE_NODE_RUN_SCRIPTS":""},"dockerRepository":"projects/sensei-manager-d64c0/locations/us-central1/repositories/gcf-artifacts","sourceProvenance":{"resolvedStorageSource":{"bucket":"gcf-v2-sources-376094928692-us-central1","object":"verificarStatusAsaas/function-source.zip","generation":"1786989866286603"}},"dockerRegistry":"ARTIFACT_REGISTRY","serviceAccount":"projects/sensei-manager-d64c0/serviceAccounts/376094928692-compute@developer.gserviceaccount.com","automaticUpdatePolicy":{}},"serviceConfig":{"service":"projects/sensei-manager-d64c0/locations/us-central1/services/verificarstatusasaas","timeoutSeconds":60,"environmentVariables":{"FIREBASE_CONFIG":"{\"projectId\":\"sensei-manager-d64c0\",\"storageBucket\":\"sensei-manager-d64c0.firebasestorage.app\"}","GCLOUD_PROJECT":"sensei-manager-d64c0","EVENTARC_CLOUD_EVENT_SOURCE":"projects/sensei-manager-d64c0/locations/us-central1/services/verificarStatusAsaas","FUNCTION_TARGET":"verificarStatusAsaas","LOG_EXECUTION_ID":"true"},"ingressSettings":"ALLOW_ALL","serviceAccountEmail":"376094928692-compute@developer.gserviceaccount.com","availableMemory":"256Mi","secretEnvironmentVariables":[{"key":"ASAAS_API_KEY","projectId":"sensei-manager-d64c0","secret":"ASAAS_API_KEY","version":"1"}],"maxInstanceRequestConcurrency":80,"availableCpu":"1"},"state":"UNKNOWN","labels":{"deployment-callable":"true","firebase-functions-hash":"bbc2f0e50f837243b6332780cdd9814ce9042c3a"},"stateMessages":[{"severity":"ERROR","type":"CloudRunServiceNotFound","message":"Cloud Run service projects/sensei-manager-d64c0/locations/us-central1/services/verificarstatusasaas for the function was not found. The function will not work correctly. Please redeploy."}],"environment":"GEN_2","url":"https://us-central1-sensei-manager-d64c0.cloudfunctions.net/verificarStatusAsaas","satisfiesPzi":true},"stages":[{"name":"BUILD","state":"NOT_STARTED","stateMessages":[{"severity":"WARNING","type":"BuildAnalysisWarning","message":"Node.js 20 is no longer supported by the Node.js community as of 30 April, 2026. Node.js 20 will be decommissioned on 2026-10-30. As of 2026-10-30 you will no longer be able to deploy your Cloud Functions using nodejs20. We recommend you to upgrade to the latest version of Node.js as soon as possible."}]},{"name":"SERVICE","state":"NOT_STARTED"}],"operationType":"UPDATE_FUNCTION"},"done":false}
[debug] [2026-08-20T10:00:50.307Z] <<< [apiv2][status] GET https://cloudfunctions.googleapis.com/v2/projects/sensei-manager-d64c0/locations/us-central1/operations/operation-1787220048253-65977981c9422-7a45c1e9-87e740ea 200
[debug] [2026-08-20T10:00:50.307Z] <<< [apiv2][body] GET https://cloudfunctions.googleapis.com/v2/projects/sensei-manager-d64c0/locations/us-central1/operations/operation-1787220048253-65977981c9422-7a45c1e9-87e740ea {"name":"projects/sensei-manager-d64c0/locations/us-central1/operations/operation-1787220048253-65977981c9422-7a45c1e9-87e740ea","metadata":{"@type":"type.googleapis.com/google.cloud.functions.v2.OperationMetadata","createTime":"2026-08-20T10:00:49.261922776Z","target":"projects/sensei-manager-d64c0/locations/us-central1/functions/webhookAsaas","verb":"update","cancelRequested":false,"apiVersion":"v2","requestResource":{"@type":"type.googleapis.com/google.cloud.functions.v2.Function","name":"projects/sensei-manager-d64c0/locations/us-central1/functions/webhookAsaas","buildConfig":{"runtime":"nodejs20","entryPoint":"webhookAsaas","source":{"storageSource":{"bucket":"gcf-v2-sources-376094928692-us-central1","object":"webhookAsaas/function-source.zip","generation":"1787220049193651"}},"environmentVariables":{"GOOGLE_NODE_RUN_SCRIPTS":""},"dockerRepository":"projects/sensei-manager-d64c0/locations/us-central1/repositories/gcf-artifacts","sourceProvenance":{"resolvedStorageSource":{"bucket":"gcf-v2-sources-376094928692-us-central1","object":"webhookAsaas/function-source.zip","generation":"1786989867148965"}},"dockerRegistry":"ARTIFACT_REGISTRY","serviceAccount":"projects/sensei-manager-d64c0/serviceAccounts/376094928692-compute@developer.gserviceaccount.com","automaticUpdatePolicy":{}},"serviceConfig":{"service":"projects/sensei-manager-d64c0/locations/us-central1/services/webhookasaas","timeoutSeconds":60,"environmentVariables":{"FIREBASE_CONFIG":"{\"projectId\":\"sensei-manager-d64c0\",\"storageBucket\":\"sensei-manager-d64c0.firebasestorage.app\"}","GCLOUD_PROJECT":"sensei-manager-d64c0","EVENTARC_CLOUD_EVENT_SOURCE":"projects/sensei-manager-d64c0/locations/us-central1/services/webhookAsaas","FUNCTION_TARGET":"webhookAsaas","LOG_EXECUTION_ID":"true"},"ingressSettings":"ALLOW_ALL","serviceAccountEmail":"376094928692-compute@developer.gserviceaccount.com","availableMemory":"256Mi","secretEnvironmentVariables":[{"key":"ASAAS_WEBHOOK_TOKEN","projectId":"sensei-manager-d64c0","secret":"ASAAS_WEBHOOK_TOKEN","version":"1"}],"maxInstanceRequestConcurrency":80,"availableCpu":"1"},"state":"UNKNOWN","labels":{"firebase-functions-hash":"57636b5a224fd2a5e0f1d825b2658881cd8fdb30"},"stateMessages":[{"severity":"ERROR","type":"CloudRunServiceNotFound","message":"Cloud Run service projects/sensei-manager-d64c0/locations/us-central1/services/webhookasaas for the function was not found. The function will not work correctly. Please redeploy."}],"environment":"GEN_2","url":"https://us-central1-sensei-manager-d64c0.cloudfunctions.net/webhookAsaas","satisfiesPzi":true},"stages":[{"name":"BUILD","message":"Build in progress","state":"IN_PROGRESS","resource":"projects/376094928692/locations/us-central1/builds/29df92fd-14a7-4b5e-aab8-12cf1506ce64","resourceUri":"https://console.cloud.google.com/cloud-build/builds;region=us-central1/29df92fd-14a7-4b5e-aab8-12cf1506ce64?project=376094928692"},{"name":"SERVICE","state":"NOT_STARTED"}],"operationType":"UPDATE_FUNCTION","buildName":"projects/376094928692/locations/us-central1/builds/29df92fd-14a7-4b5e-aab8-12cf1506ce64"},"done":false}
[debug] [2026-08-20T10:00:50.458Z] <<< [apiv2][status] GET https://cloudfunctions.googleapis.com/v2/projects/sensei-manager-d64c0/locations/us-central1/operations/operation-1787220048295-65977981d3737-a86a676f-cfc8c07b 200
[debug] [2026-08-20T10:00:50.458Z] <<< [apiv2][body] GET https://cloudfunctions.googleapis.com/v2/projects/sensei-manager-d64c0/locations/us-central1/operations/operation-1787220048295-65977981d3737-a86a676f-cfc8c07b {"name":"projects/sensei-manager-d64c0/locations/us-central1/operations/operation-1787220048295-65977981d3737-a86a676f-cfc8c07b","metadata":{"@type":"type.googleapis.com/google.cloud.functions.v2.OperationMetadata","createTime":"2026-08-20T10:00:49.377823433Z","target":"projects/sensei-manager-d64c0/locations/us-central1/functions/criarCobrancaPix","verb":"update","cancelRequested":false,"apiVersion":"v2","requestResource":{"@type":"type.googleapis.com/google.cloud.functions.v2.Function","name":"projects/sensei-manager-d64c0/locations/us-central1/functions/criarCobrancaPix","buildConfig":{"runtime":"nodejs20","entryPoint":"criarCobrancaPix","source":{"storageSource":{"bucket":"gcf-v2-sources-376094928692-us-central1","object":"criarCobrancaPix/function-source.zip","generation":"1787220049317437"}},"environmentVariables":{"GOOGLE_NODE_RUN_SCRIPTS":""},"dockerRepository":"projects/sensei-manager-d64c0/locations/us-central1/repositories/gcf-artifacts","sourceProvenance":{"resolvedStorageSource":{"bucket":"gcf-v2-sources-376094928692-us-central1","object":"criarCobrancaPix/function-source.zip","generation":"1786989867112722"}},"dockerRegistry":"ARTIFACT_REGISTRY","serviceAccount":"projects/sensei-manager-d64c0/serviceAccounts/376094928692-compute@developer.gserviceaccount.com","automaticUpdatePolicy":{}},"serviceConfig":{"service":"projects/sensei-manager-d64c0/locations/us-central1/services/criarcobrancapix","timeoutSeconds":60,"environmentVariables":{"FIREBASE_CONFIG":"{\"projectId\":\"sensei-manager-d64c0\",\"storageBucket\":\"sensei-manager-d64c0.firebasestorage.app\"}","GCLOUD_PROJECT":"sensei-manager-d64c0","EVENTARC_CLOUD_EVENT_SOURCE":"projects/sensei-manager-d64c0/locations/us-central1/services/criarCobrancaPix","FUNCTION_TARGET":"criarCobrancaPix","LOG_EXECUTION_ID":"true"},"ingressSettings":"ALLOW_ALL","serviceAccountEmail":"376094928692-compute@developer.gserviceaccount.com","availableMemory":"256Mi","secretEnvironmentVariables":[{"key":"ASAAS_API_KEY","projectId":"sensei-manager-d64c0","secret":"ASAAS_API_KEY","version":"1"}],"maxInstanceRequestConcurrency":80,"availableCpu":"1"},"state":"UNKNOWN","labels":{"deployment-callable":"true","firebase-functions-hash":"bbc2f0e50f837243b6332780cdd9814ce9042c3a"},"stateMessages":[{"severity":"ERROR","type":"CloudRunServiceNotFound","message":"Cloud Run service projects/sensei-manager-d64c0/locations/us-central1/services/criarcobrancapix for the function was not found. The function will not work correctly. Please redeploy."}],"environment":"GEN_2","url":"https://us-central1-sensei-manager-d64c0.cloudfunctions.net/criarCobrancaPix","satisfiesPzi":true},"stages":[{"name":"BUILD","message":"Creating build","state":"IN_PROGRESS","resource":"projects/376094928692/locations/us-central1/builds/135952d7-ac45-477e-803d-5d02cdc6a926","resourceUri":"https://console.cloud.google.com/cloud-build/builds;region=us-central1/135952d7-ac45-477e-803d-5d02cdc6a926?project=376094928692"},{"name":"SERVICE","state":"NOT_STARTED"}],"operationType":"UPDATE_FUNCTION","buildName":"projects/376094928692/locations/us-central1/builds/135952d7-ac45-477e-803d-5d02cdc6a926"},"done":false}
[debug] [2026-08-20T10:00:50.799Z] [update-default-us-central1-verificarStatusAsaas] Retrying task index 0
[debug] [2026-08-20T10:00:50.799Z] Checked if tokens are valid: true, expires at: 1787222614580
[debug] [2026-08-20T10:00:50.800Z] Checked if tokens are valid: true, expires at: 1787222614580
[debug] [2026-08-20T10:00:50.800Z] >>> [apiv2][query] GET https://cloudfunctions.googleapis.com/v2/projects/sensei-manager-d64c0/locations/us-central1/operations/operation-1787220048148-65977981af7e1-22da729f-9d1c9d9c [none]
[debug] [2026-08-20T10:00:50.809Z] [update-default-us-central1-webhookAsaas] Retrying task index 0
[debug] [2026-08-20T10:00:50.809Z] Checked if tokens are valid: true, expires at: 1787222614580
[debug] [2026-08-20T10:00:50.809Z] Checked if tokens are valid: true, expires at: 1787222614580
[debug] [2026-08-20T10:00:50.809Z] >>> [apiv2][query] GET https://cloudfunctions.googleapis.com/v2/projects/sensei-manager-d64c0/locations/us-central1/operations/operation-1787220048253-65977981c9422-7a45c1e9-87e740ea [none]
[debug] [2026-08-20T10:00:50.958Z] [update-default-us-central1-criarCobrancaPix] Retrying task index 0
[debug] [2026-08-20T10:00:50.959Z] Checked if tokens are valid: true, expires at: 1787222614580
[debug] [2026-08-20T10:00:50.959Z] Checked if tokens are valid: true, expires at: 1787222614580
[debug] [2026-08-20T10:00:50.959Z] >>> [apiv2][query] GET https://cloudfunctions.googleapis.com/v2/projects/sensei-manager-d64c0/locations/us-central1/operations/operation-1787220048295-65977981d3737-a86a676f-cfc8c07b [none]
[debug] [2026-08-20T10:00:51.824Z] <<< [apiv2][status] GET https://cloudfunctions.googleapis.com/v2/projects/sensei-manager-d64c0/locations/us-central1/operations/operation-1787220048253-65977981c9422-7a45c1e9-87e740ea 200
[debug] [2026-08-20T10:00:51.824Z] <<< [apiv2][body] GET https://cloudfunctions.googleapis.com/v2/projects/sensei-manager-d64c0/locations/us-central1/operations/operation-1787220048253-65977981c9422-7a45c1e9-87e740ea {"name":"projects/sensei-manager-d64c0/locations/us-central1/operations/operation-1787220048253-65977981c9422-7a45c1e9-87e740ea","metadata":{"@type":"type.googleapis.com/google.cloud.functions.v2.OperationMetadata","createTime":"2026-08-20T10:00:49.261922776Z","target":"projects/sensei-manager-d64c0/locations/us-central1/functions/webhookAsaas","verb":"update","cancelRequested":false,"apiVersion":"v2","requestResource":{"@type":"type.googleapis.com/google.cloud.functions.v2.Function","name":"projects/sensei-manager-d64c0/locations/us-central1/functions/webhookAsaas","buildConfig":{"runtime":"nodejs20","entryPoint":"webhookAsaas","source":{"storageSource":{"bucket":"gcf-v2-sources-376094928692-us-central1","object":"webhookAsaas/function-source.zip","generation":"1787220049193651"}},"environmentVariables":{"GOOGLE_NODE_RUN_SCRIPTS":""},"dockerRepository":"projects/sensei-manager-d64c0/locations/us-central1/repositories/gcf-artifacts","sourceProvenance":{"resolvedStorageSource":{"bucket":"gcf-v2-sources-376094928692-us-central1","object":"webhookAsaas/function-source.zip","generation":"1786989867148965"}},"dockerRegistry":"ARTIFACT_REGISTRY","serviceAccount":"projects/sensei-manager-d64c0/serviceAccounts/376094928692-compute@developer.gserviceaccount.com","automaticUpdatePolicy":{}},"serviceConfig":{"service":"projects/sensei-manager-d64c0/locations/us-central1/services/webhookasaas","timeoutSeconds":60,"environmentVariables":{"FIREBASE_CONFIG":"{\"projectId\":\"sensei-manager-d64c0\",\"storageBucket\":\"sensei-manager-d64c0.firebasestorage.app\"}","GCLOUD_PROJECT":"sensei-manager-d64c0","EVENTARC_CLOUD_EVENT_SOURCE":"projects/sensei-manager-d64c0/locations/us-central1/services/webhookAsaas","FUNCTION_TARGET":"webhookAsaas","LOG_EXECUTION_ID":"true"},"ingressSettings":"ALLOW_ALL","serviceAccountEmail":"376094928692-compute@developer.gserviceaccount.com","availableMemory":"256Mi","secretEnvironmentVariables":[{"key":"ASAAS_WEBHOOK_TOKEN","projectId":"sensei-manager-d64c0","secret":"ASAAS_WEBHOOK_TOKEN","version":"1"}],"maxInstanceRequestConcurrency":80,"availableCpu":"1"},"state":"UNKNOWN","labels":{"firebase-functions-hash":"57636b5a224fd2a5e0f1d825b2658881cd8fdb30"},"stateMessages":[{"severity":"ERROR","type":"CloudRunServiceNotFound","message":"Cloud Run service projects/sensei-manager-d64c0/locations/us-central1/services/webhookasaas for the function was not found. The function will not work correctly. Please redeploy."}],"environment":"GEN_2","url":"https://us-central1-sensei-manager-d64c0.cloudfunctions.net/webhookAsaas","satisfiesPzi":true},"stages":[{"name":"BUILD","message":"Build in progress","state":"IN_PROGRESS","resource":"projects/376094928692/locations/us-central1/builds/29df92fd-14a7-4b5e-aab8-12cf1506ce64","resourceUri":"https://console.cloud.google.com/cloud-build/builds;region=us-central1/29df92fd-14a7-4b5e-aab8-12cf1506ce64?project=376094928692"},{"name":"SERVICE","state":"NOT_STARTED"}],"operationType":"UPDATE_FUNCTION","buildName":"projects/376094928692/locations/us-central1/builds/29df92fd-14a7-4b5e-aab8-12cf1506ce64"},"done":false}
[debug] [2026-08-20T10:00:51.824Z] <<< [apiv2][status] GET https://cloudfunctions.googleapis.com/v2/projects/sensei-manager-d64c0/locations/us-central1/operations/operation-1787220048148-65977981af7e1-22da729f-9d1c9d9c 200
[debug] [2026-08-20T10:00:51.824Z] <<< [apiv2][body] GET https://cloudfunctions.googleapis.com/v2/projects/sensei-manager-d64c0/locations/us-central1/operations/operation-1787220048148-65977981af7e1-22da729f-9d1c9d9c {"name":"projects/sensei-manager-d64c0/locations/us-central1/operations/operation-1787220048148-65977981af7e1-22da729f-9d1c9d9c","metadata":{"@type":"type.googleapis.com/google.cloud.functions.v2.OperationMetadata","createTime":"2026-08-20T10:00:49.133753648Z","target":"projects/sensei-manager-d64c0/locations/us-central1/functions/verificarStatusAsaas","verb":"update","cancelRequested":false,"apiVersion":"v2","requestResource":{"@type":"type.googleapis.com/google.cloud.functions.v2.Function","name":"projects/sensei-manager-d64c0/locations/us-central1/functions/verificarStatusAsaas","buildConfig":{"runtime":"nodejs20","entryPoint":"verificarStatusAsaas","source":{"storageSource":{"bucket":"gcf-v2-sources-376094928692-us-central1","object":"verificarStatusAsaas/function-source.zip","generation":"1787220049073370"}},"environmentVariables":{"GOOGLE_NODE_RUN_SCRIPTS":""},"dockerRepository":"projects/sensei-manager-d64c0/locations/us-central1/repositories/gcf-artifacts","sourceProvenance":{"resolvedStorageSource":{"bucket":"gcf-v2-sources-376094928692-us-central1","object":"verificarStatusAsaas/function-source.zip","generation":"1786989866286603"}},"dockerRegistry":"ARTIFACT_REGISTRY","serviceAccount":"projects/sensei-manager-d64c0/serviceAccounts/376094928692-compute@developer.gserviceaccount.com","automaticUpdatePolicy":{}},"serviceConfig":{"service":"projects/sensei-manager-d64c0/locations/us-central1/services/verificarstatusasaas","timeoutSeconds":60,"environmentVariables":{"FIREBASE_CONFIG":"{\"projectId\":\"sensei-manager-d64c0\",\"storageBucket\":\"sensei-manager-d64c0.firebasestorage.app\"}","GCLOUD_PROJECT":"sensei-manager-d64c0","EVENTARC_CLOUD_EVENT_SOURCE":"projects/sensei-manager-d64c0/locations/us-central1/services/verificarStatusAsaas","FUNCTION_TARGET":"verificarStatusAsaas","LOG_EXECUTION_ID":"true"},"ingressSettings":"ALLOW_ALL","serviceAccountEmail":"376094928692-compute@developer.gserviceaccount.com","availableMemory":"256Mi","secretEnvironmentVariables":[{"key":"ASAAS_API_KEY","projectId":"sensei-manager-d64c0","secret":"ASAAS_API_KEY","version":"1"}],"maxInstanceRequestConcurrency":80,"availableCpu":"1"},"state":"UNKNOWN","labels":{"deployment-callable":"true","firebase-functions-hash":"bbc2f0e50f837243b6332780cdd9814ce9042c3a"},"stateMessages":[{"severity":"ERROR","type":"CloudRunServiceNotFound","message":"Cloud Run service projects/sensei-manager-d64c0/locations/us-central1/services/verificarstatusasaas for the function was not found. The function will not work correctly. Please redeploy."}],"environment":"GEN_2","url":"https://us-central1-sensei-manager-d64c0.cloudfunctions.net/verificarStatusAsaas","satisfiesPzi":true},"stages":[{"name":"BUILD","message":"Build in progress","state":"IN_PROGRESS","resource":"projects/376094928692/locations/us-central1/builds/e320e4ba-4d68-4704-bd3d-4a272d02ed73","resourceUri":"https://console.cloud.google.com/cloud-build/builds;region=us-central1/e320e4ba-4d68-4704-bd3d-4a272d02ed73?project=376094928692"},{"name":"SERVICE","state":"NOT_STARTED"}],"operationType":"UPDATE_FUNCTION","buildName":"projects/376094928692/locations/us-central1/builds/e320e4ba-4d68-4704-bd3d-4a272d02ed73"},"done":false}
[debug] [2026-08-20T10:00:51.915Z] <<< [apiv2][status] GET https://cloudfunctions.googleapis.com/v2/projects/sensei-manager-d64c0/locations/us-central1/operations/operation-1787220048295-65977981d3737-a86a676f-cfc8c07b 200
[debug] [2026-08-20T10:00:51.915Z] <<< [apiv2][body] GET https://cloudfunctions.googleapis.com/v2/projects/sensei-manager-d64c0/locations/us-central1/operations/operation-1787220048295-65977981d3737-a86a676f-cfc8c07b {"name":"projects/sensei-manager-d64c0/locations/us-central1/operations/operation-1787220048295-65977981d3737-a86a676f-cfc8c07b","metadata":{"@type":"type.googleapis.com/google.cloud.functions.v2.OperationMetadata","createTime":"2026-08-20T10:00:49.377823433Z","target":"projects/sensei-manager-d64c0/locations/us-central1/functions/criarCobrancaPix","verb":"update","cancelRequested":false,"apiVersion":"v2","requestResource":{"@type":"type.googleapis.com/google.cloud.functions.v2.Function","name":"projects/sensei-manager-d64c0/locations/us-central1/functions/criarCobrancaPix","buildConfig":{"runtime":"nodejs20","entryPoint":"criarCobrancaPix","source":{"storageSource":{"bucket":"gcf-v2-sources-376094928692-us-central1","object":"criarCobrancaPix/function-source.zip","generation":"1787220049317437"}},"environmentVariables":{"GOOGLE_NODE_RUN_SCRIPTS":""},"dockerRepository":"projects/sensei-manager-d64c0/locations/us-central1/repositories/gcf-artifacts","sourceProvenance":{"resolvedStorageSource":{"bucket":"gcf-v2-sources-376094928692-us-central1","object":"criarCobrancaPix/function-source.zip","generation":"1786989867112722"}},"dockerRegistry":"ARTIFACT_REGISTRY","serviceAccount":"projects/sensei-manager-d64c0/serviceAccounts/376094928692-compute@developer.gserviceaccount.com","automaticUpdatePolicy":{}},"serviceConfig":{"service":"projects/sensei-manager-d64c0/locations/us-central1/services/criarcobrancapix","timeoutSeconds":60,"environmentVariables":{"FIREBASE_CONFIG":"{\"projectId\":\"sensei-manager-d64c0\",\"storageBucket\":\"sensei-manager-d64c0.firebasestorage.app\"}","GCLOUD_PROJECT":"sensei-manager-d64c0","EVENTARC_CLOUD_EVENT_SOURCE":"projects/sensei-manager-d64c0/locations/us-central1/services/criarCobrancaPix","FUNCTION_TARGET":"criarCobrancaPix","LOG_EXECUTION_ID":"true"},"ingressSettings":"ALLOW_ALL","serviceAccountEmail":"376094928692-compute@developer.gserviceaccount.com","availableMemory":"256Mi","secretEnvironmentVariables":[{"key":"ASAAS_API_KEY","projectId":"sensei-manager-d64c0","secret":"ASAAS_API_KEY","version":"1"}],"maxInstanceRequestConcurrency":80,"availableCpu":"1"},"state":"UNKNOWN","labels":{"deployment-callable":"true","firebase-functions-hash":"bbc2f0e50f837243b6332780cdd9814ce9042c3a"},"stateMessages":[{"severity":"ERROR","type":"CloudRunServiceNotFound","message":"Cloud Run service projects/sensei-manager-d64c0/locations/us-central1/services/criarcobrancapix for the function was not found. The function will not work correctly. Please redeploy."}],"environment":"GEN_2","url":"https://us-central1-sensei-manager-d64c0.cloudfunctions.net/criarCobrancaPix","satisfiesPzi":true},"stages":[{"name":"BUILD","message":"Build in progress","state":"IN_PROGRESS","resource":"projects/376094928692/locations/us-central1/builds/135952d7-ac45-477e-803d-5d02cdc6a926","resourceUri":"https://console.cloud.google.com/cloud-build/builds;region=us-central1/135952d7-ac45-477e-803d-5d02cdc6a926?project=376094928692"},{"name":"SERVICE","state":"NOT_STARTED"}],"operationType":"UPDATE_FUNCTION","buildName":"projects/376094928692/locations/us-central1/builds/135952d7-ac45-477e-803d-5d02cdc6a926"},"done":false}
[debug] [2026-08-20T10:00:52.826Z] [update-default-us-central1-webhookAsaas] Retrying task index 0
[debug] [2026-08-20T10:00:52.826Z] Checked if tokens are valid: true, expires at: 1787222614580
[debug] [2026-08-20T10:00:52.826Z] Checked if tokens are valid: true, expires at: 1787222614580
[debug] [2026-08-20T10:00:52.826Z] >>> [apiv2][query] GET https://cloudfunctions.googleapis.com/v2/projects/sensei-manager-d64c0/locations/us-central1/operations/operation-1787220048253-65977981c9422-7a45c1e9-87e740ea [none]
[debug] [2026-08-20T10:00:52.827Z] [update-default-us-central1-verificarStatusAsaas] Retrying task index 0
[debug] [2026-08-20T10:00:52.827Z] Checked if tokens are valid: true, expires at: 1787222614580
[debug] [2026-08-20T10:00:52.827Z] Checked if tokens are valid: true, expires at: 1787222614580
[debug] [2026-08-20T10:00:52.827Z] >>> [apiv2][query] GET https://cloudfunctions.googleapis.com/v2/projects/sensei-manager-d64c0/locations/us-central1/operations/operation-1787220048148-65977981af7e1-22da729f-9d1c9d9c [none]
[debug] [2026-08-20T10:00:52.917Z] [update-default-us-central1-criarCobrancaPix] Retrying task index 0
[debug] [2026-08-20T10:00:52.917Z] Checked if tokens are valid: true, expires at: 1787222614580
[debug] [2026-08-20T10:00:52.917Z] Checked if tokens are valid: true, expires at: 1787222614580
[debug] [2026-08-20T10:00:52.917Z] >>> [apiv2][query] GET https://cloudfunctions.googleapis.com/v2/projects/sensei-manager-d64c0/locations/us-central1/operations/operation-1787220048295-65977981d3737-a86a676f-cfc8c07b [none]
[debug] [2026-08-20T10:00:53.857Z] <<< [apiv2][status] GET https://cloudfunctions.googleapis.com/v2/projects/sensei-manager-d64c0/locations/us-central1/operations/operation-1787220048148-65977981af7e1-22da729f-9d1c9d9c 200
[debug] [2026-08-20T10:00:53.858Z] <<< [apiv2][body] GET https://cloudfunctions.googleapis.com/v2/projects/sensei-manager-d64c0/locations/us-central1/operations/operation-1787220048148-65977981af7e1-22da729f-9d1c9d9c {"name":"projects/sensei-manager-d64c0/locations/us-central1/operations/operation-1787220048148-65977981af7e1-22da729f-9d1c9d9c","metadata":{"@type":"type.googleapis.com/google.cloud.functions.v2.OperationMetadata","createTime":"2026-08-20T10:00:49.133753648Z","target":"projects/sensei-manager-d64c0/locations/us-central1/functions/verificarStatusAsaas","verb":"update","cancelRequested":false,"apiVersion":"v2","requestResource":{"@type":"type.googleapis.com/google.cloud.functions.v2.Function","name":"projects/sensei-manager-d64c0/locations/us-central1/functions/verificarStatusAsaas","buildConfig":{"runtime":"nodejs20","entryPoint":"verificarStatusAsaas","source":{"storageSource":{"bucket":"gcf-v2-sources-376094928692-us-central1","object":"verificarStatusAsaas/function-source.zip","generation":"1787220049073370"}},"environmentVariables":{"GOOGLE_NODE_RUN_SCRIPTS":""},"dockerRepository":"projects/sensei-manager-d64c0/locations/us-central1/repositories/gcf-artifacts","sourceProvenance":{"resolvedStorageSource":{"bucket":"gcf-v2-sources-376094928692-us-central1","object":"verificarStatusAsaas/function-source.zip","generation":"1786989866286603"}},"dockerRegistry":"ARTIFACT_REGISTRY","serviceAccount":"projects/sensei-manager-d64c0/serviceAccounts/376094928692-compute@developer.gserviceaccount.com","automaticUpdatePolicy":{}},"serviceConfig":{"service":"projects/sensei-manager-d64c0/locations/us-central1/services/verificarstatusasaas","timeoutSeconds":60,"environmentVariables":{"FIREBASE_CONFIG":"{\"projectId\":\"sensei-manager-d64c0\",\"storageBucket\":\"sensei-manager-d64c0.firebasestorage.app\"}","GCLOUD_PROJECT":"sensei-manager-d64c0","EVENTARC_CLOUD_EVENT_SOURCE":"projects/sensei-manager-d64c0/locations/us-central1/services/verificarStatusAsaas","FUNCTION_TARGET":"verificarStatusAsaas","LOG_EXECUTION_ID":"true"},"ingressSettings":"ALLOW_ALL","serviceAccountEmail":"376094928692-compute@developer.gserviceaccount.com","availableMemory":"256Mi","secretEnvironmentVariables":[{"key":"ASAAS_API_KEY","projectId":"sensei-manager-d64c0","secret":"ASAAS_API_KEY","version":"1"}],"maxInstanceRequestConcurrency":80,"availableCpu":"1"},"state":"UNKNOWN","labels":{"deployment-callable":"true","firebase-functions-hash":"bbc2f0e50f837243b6332780cdd9814ce9042c3a"},"stateMessages":[{"severity":"ERROR","type":"CloudRunServiceNotFound","message":"Cloud Run service projects/sensei-manager-d64c0/locations/us-central1/services/verificarstatusasaas for the function was not found. The function will not work correctly. Please redeploy."}],"environment":"GEN_2","url":"https://us-central1-sensei-manager-d64c0.cloudfunctions.net/verificarStatusAsaas","satisfiesPzi":true},"stages":[{"name":"BUILD","message":"Build in progress","state":"IN_PROGRESS","resource":"projects/376094928692/locations/us-central1/builds/e320e4ba-4d68-4704-bd3d-4a272d02ed73","resourceUri":"https://console.cloud.google.com/cloud-build/builds;region=us-central1/e320e4ba-4d68-4704-bd3d-4a272d02ed73?project=376094928692"},{"name":"SERVICE","state":"NOT_STARTED"}],"operationType":"UPDATE_FUNCTION","buildName":"projects/376094928692/locations/us-central1/builds/e320e4ba-4d68-4704-bd3d-4a272d02ed73"},"done":false}
[debug] [2026-08-20T10:00:53.858Z] <<< [apiv2][status] GET https://cloudfunctions.googleapis.com/v2/projects/sensei-manager-d64c0/locations/us-central1/operations/operation-1787220048253-65977981c9422-7a45c1e9-87e740ea 200
[debug] [2026-08-20T10:00:53.859Z] <<< [apiv2][body] GET https://cloudfunctions.googleapis.com/v2/projects/sensei-manager-d64c0/locations/us-central1/operations/operation-1787220048253-65977981c9422-7a45c1e9-87e740ea {"name":"projects/sensei-manager-d64c0/locations/us-central1/operations/operation-1787220048253-65977981c9422-7a45c1e9-87e740ea","metadata":{"@type":"type.googleapis.com/google.cloud.functions.v2.OperationMetadata","createTime":"2026-08-20T10:00:49.261922776Z","target":"projects/sensei-manager-d64c0/locations/us-central1/functions/webhookAsaas","verb":"update","cancelRequested":false,"apiVersion":"v2","requestResource":{"@type":"type.googleapis.com/google.cloud.functions.v2.Function","name":"projects/sensei-manager-d64c0/locations/us-central1/functions/webhookAsaas","buildConfig":{"runtime":"nodejs20","entryPoint":"webhookAsaas","source":{"storageSource":{"bucket":"gcf-v2-sources-376094928692-us-central1","object":"webhookAsaas/function-source.zip","generation":"1787220049193651"}},"environmentVariables":{"GOOGLE_NODE_RUN_SCRIPTS":""},"dockerRepository":"projects/sensei-manager-d64c0/locations/us-central1/repositories/gcf-artifacts","sourceProvenance":{"resolvedStorageSource":{"bucket":"gcf-v2-sources-376094928692-us-central1","object":"webhookAsaas/function-source.zip","generation":"1786989867148965"}},"dockerRegistry":"ARTIFACT_REGISTRY","serviceAccount":"projects/sensei-manager-d64c0/serviceAccounts/376094928692-compute@developer.gserviceaccount.com","automaticUpdatePolicy":{}},"serviceConfig":{"service":"projects/sensei-manager-d64c0/locations/us-central1/services/webhookasaas","timeoutSeconds":60,"environmentVariables":{"FIREBASE_CONFIG":"{\"projectId\":\"sensei-manager-d64c0\",\"storageBucket\":\"sensei-manager-d64c0.firebasestorage.app\"}","GCLOUD_PROJECT":"sensei-manager-d64c0","EVENTARC_CLOUD_EVENT_SOURCE":"projects/sensei-manager-d64c0/locations/us-central1/services/webhookAsaas","FUNCTION_TARGET":"webhookAsaas","LOG_EXECUTION_ID":"true"},"ingressSettings":"ALLOW_ALL","serviceAccountEmail":"376094928692-compute@developer.gserviceaccount.com","availableMemory":"256Mi","secretEnvironmentVariables":[{"key":"ASAAS_WEBHOOK_TOKEN","projectId":"sensei-manager-d64c0","secret":"ASAAS_WEBHOOK_TOKEN","version":"1"}],"maxInstanceRequestConcurrency":80,"availableCpu":"1"},"state":"UNKNOWN","labels":{"firebase-functions-hash":"57636b5a224fd2a5e0f1d825b2658881cd8fdb30"},"stateMessages":[{"severity":"ERROR","type":"CloudRunServiceNotFound","message":"Cloud Run service projects/sensei-manager-d64c0/locations/us-central1/services/webhookasaas for the function was not found. The function will not work correctly. Please redeploy."}],"environment":"GEN_2","url":"https://us-central1-sensei-manager-d64c0.cloudfunctions.net/webhookAsaas","satisfiesPzi":true},"stages":[{"name":"BUILD","message":"Build in progress","state":"IN_PROGRESS","resource":"projects/376094928692/locations/us-central1/builds/29df92fd-14a7-4b5e-aab8-12cf1506ce64","resourceUri":"https://console.cloud.google.com/cloud-build/builds;region=us-central1/29df92fd-14a7-4b5e-aab8-12cf1506ce64?project=376094928692"},{"name":"SERVICE","state":"NOT_STARTED"}],"operationType":"UPDATE_FUNCTION","buildName":"projects/376094928692/locations/us-central1/builds/29df92fd-14a7-4b5e-aab8-12cf1506ce64"},"done":false}
[debug] [2026-08-20T10:00:53.971Z] <<< [apiv2][status] GET https://cloudfunctions.googleapis.com/v2/projects/sensei-manager-d64c0/locations/us-central1/operations/operation-1787220048295-65977981d3737-a86a676f-cfc8c07b 200
[debug] [2026-08-20T10:00:53.972Z] <<< [apiv2][body] GET https://cloudfunctions.googleapis.com/v2/projects/sensei-manager-d64c0/locations/us-central1/operations/operation-1787220048295-65977981d3737-a86a676f-cfc8c07b {"name":"projects/sensei-manager-d64c0/locations/us-central1/operations/operation-1787220048295-65977981d3737-a86a676f-cfc8c07b","metadata":{"@type":"type.googleapis.com/google.cloud.functions.v2.OperationMetadata","createTime":"2026-08-20T10:00:49.377823433Z","target":"projects/sensei-manager-d64c0/locations/us-central1/functions/criarCobrancaPix","verb":"update","cancelRequested":false,"apiVersion":"v2","requestResource":{"@type":"type.googleapis.com/google.cloud.functions.v2.Function","name":"projects/sensei-manager-d64c0/locations/us-central1/functions/criarCobrancaPix","buildConfig":{"runtime":"nodejs20","entryPoint":"criarCobrancaPix","source":{"storageSource":{"bucket":"gcf-v2-sources-376094928692-us-central1","object":"criarCobrancaPix/function-source.zip","generation":"1787220049317437"}},"environmentVariables":{"GOOGLE_NODE_RUN_SCRIPTS":""},"dockerRepository":"projects/sensei-manager-d64c0/locations/us-central1/repositories/gcf-artifacts","sourceProvenance":{"resolvedStorageSource":{"bucket":"gcf-v2-sources-376094928692-us-central1","object":"criarCobrancaPix/function-source.zip","generation":"1786989867112722"}},"dockerRegistry":"ARTIFACT_REGISTRY","serviceAccount":"projects/sensei-manager-d64c0/serviceAccounts/376094928692-compute@developer.gserviceaccount.com","automaticUpdatePolicy":{}},"serviceConfig":{"service":"projects/sensei-manager-d64c0/locations/us-central1/services/criarcobrancapix","timeoutSeconds":60,"environmentVariables":{"FIREBASE_CONFIG":"{\"projectId\":\"sensei-manager-d64c0\",\"storageBucket\":\"sensei-manager-d64c0.firebasestorage.app\"}","GCLOUD_PROJECT":"sensei-manager-d64c0","EVENTARC_CLOUD_EVENT_SOURCE":"projects/sensei-manager-d64c0/locations/us-central1/services/criarCobrancaPix","FUNCTION_TARGET":"criarCobrancaPix","LOG_EXECUTION_ID":"true"},"ingressSettings":"ALLOW_ALL","serviceAccountEmail":"376094928692-compute@developer.gserviceaccount.com","availableMemory":"256Mi","secretEnvironmentVariables":[{"key":"ASAAS_API_KEY","projectId":"sensei-manager-d64c0","secret":"ASAAS_API_KEY","version":"1"}],"maxInstanceRequestConcurrency":80,"availableCpu":"1"},"state":"UNKNOWN","labels":{"deployment-callable":"true","firebase-functions-hash":"bbc2f0e50f837243b6332780cdd9814ce9042c3a"},"stateMessages":[{"severity":"ERROR","type":"CloudRunServiceNotFound","message":"Cloud Run service projects/sensei-manager-d64c0/locations/us-central1/services/criarcobrancapix for the function was not found. The function will not work correctly. Please redeploy."}],"environment":"GEN_2","url":"https://us-central1-sensei-manager-d64c0.cloudfunctions.net/criarCobrancaPix","satisfiesPzi":true},"stages":[{"name":"BUILD","message":"Build in progress","state":"IN_PROGRESS","resource":"projects/376094928692/locations/us-central1/builds/135952d7-ac45-477e-803d-5d02cdc6a926","resourceUri":"https://console.cloud.google.com/cloud-build/builds;region=us-central1/135952d7-ac45-477e-803d-5d02cdc6a926?project=376094928692"},{"name":"SERVICE","state":"NOT_STARTED"}],"operationType":"UPDATE_FUNCTION","buildName":"projects/376094928692/locations/us-central1/builds/135952d7-ac45-477e-803d-5d02cdc6a926"},"done":false}
[debug] [2026-08-20T10:00:55.859Z] [update-default-us-central1-verificarStatusAsaas] Retrying task index 0
[debug] [2026-08-20T10:00:55.860Z] Checked if tokens are valid: true, expires at: 1787222614580
[debug] [2026-08-20T10:00:55.860Z] Checked if tokens are valid: true, expires at: 1787222614580
[debug] [2026-08-20T10:00:55.860Z] >>> [apiv2][query] GET https://cloudfunctions.googleapis.com/v2/projects/sensei-manager-d64c0/locations/us-central1/operations/operation-1787220048148-65977981af7e1-22da729f-9d1c9d9c [none]
[debug] [2026-08-20T10:00:55.860Z] [update-default-us-central1-webhookAsaas] Retrying task index 0
[debug] [2026-08-20T10:00:55.861Z] Checked if tokens are valid: true, expires at: 1787222614580
[debug] [2026-08-20T10:00:55.861Z] Checked if tokens are valid: true, expires at: 1787222614580
[debug] [2026-08-20T10:00:55.861Z] >>> [apiv2][query] GET https://cloudfunctions.googleapis.com/v2/projects/sensei-manager-d64c0/locations/us-central1/operations/operation-1787220048253-65977981c9422-7a45c1e9-87e740ea [none]
[debug] [2026-08-20T10:00:55.973Z] [update-default-us-central1-criarCobrancaPix] Retrying task index 0
[debug] [2026-08-20T10:00:55.974Z] Checked if tokens are valid: true, expires at: 1787222614580
[debug] [2026-08-20T10:00:55.974Z] Checked if tokens are valid: true, expires at: 1787222614580
[debug] [2026-08-20T10:00:55.974Z] >>> [apiv2][query] GET https://cloudfunctions.googleapis.com/v2/projects/sensei-manager-d64c0/locations/us-central1/operations/operation-1787220048295-65977981d3737-a86a676f-cfc8c07b [none]
[debug] [2026-08-20T10:00:56.837Z] <<< [apiv2][status] GET https://cloudfunctions.googleapis.com/v2/projects/sensei-manager-d64c0/locations/us-central1/operations/operation-1787220048253-65977981c9422-7a45c1e9-87e740ea 200
[debug] [2026-08-20T10:00:56.837Z] <<< [apiv2][body] GET https://cloudfunctions.googleapis.com/v2/projects/sensei-manager-d64c0/locations/us-central1/operations/operation-1787220048253-65977981c9422-7a45c1e9-87e740ea {"name":"projects/sensei-manager-d64c0/locations/us-central1/operations/operation-1787220048253-65977981c9422-7a45c1e9-87e740ea","metadata":{"@type":"type.googleapis.com/google.cloud.functions.v2.OperationMetadata","createTime":"2026-08-20T10:00:49.261922776Z","target":"projects/sensei-manager-d64c0/locations/us-central1/functions/webhookAsaas","verb":"update","cancelRequested":false,"apiVersion":"v2","requestResource":{"@type":"type.googleapis.com/google.cloud.functions.v2.Function","name":"projects/sensei-manager-d64c0/locations/us-central1/functions/webhookAsaas","buildConfig":{"runtime":"nodejs20","entryPoint":"webhookAsaas","source":{"storageSource":{"bucket":"gcf-v2-sources-376094928692-us-central1","object":"webhookAsaas/function-source.zip","generation":"1787220049193651"}},"environmentVariables":{"GOOGLE_NODE_RUN_SCRIPTS":""},"dockerRepository":"projects/sensei-manager-d64c0/locations/us-central1/repositories/gcf-artifacts","sourceProvenance":{"resolvedStorageSource":{"bucket":"gcf-v2-sources-376094928692-us-central1","object":"webhookAsaas/function-source.zip","generation":"1786989867148965"}},"dockerRegistry":"ARTIFACT_REGISTRY","serviceAccount":"projects/sensei-manager-d64c0/serviceAccounts/376094928692-compute@developer.gserviceaccount.com","automaticUpdatePolicy":{}},"serviceConfig":{"service":"projects/sensei-manager-d64c0/locations/us-central1/services/webhookasaas","timeoutSeconds":60,"environmentVariables":{"FIREBASE_CONFIG":"{\"projectId\":\"sensei-manager-d64c0\",\"storageBucket\":\"sensei-manager-d64c0.firebasestorage.app\"}","GCLOUD_PROJECT":"sensei-manager-d64c0","EVENTARC_CLOUD_EVENT_SOURCE":"projects/sensei-manager-d64c0/locations/us-central1/services/webhookAsaas","FUNCTION_TARGET":"webhookAsaas","LOG_EXECUTION_ID":"true"},"ingressSettings":"ALLOW_ALL","serviceAccountEmail":"376094928692-compute@developer.gserviceaccount.com","availableMemory":"256Mi","secretEnvironmentVariables":[{"key":"ASAAS_WEBHOOK_TOKEN","projectId":"sensei-manager-d64c0","secret":"ASAAS_WEBHOOK_TOKEN","version":"1"}],"maxInstanceRequestConcurrency":80,"availableCpu":"1"},"state":"UNKNOWN","labels":{"firebase-functions-hash":"57636b5a224fd2a5e0f1d825b2658881cd8fdb30"},"stateMessages":[{"severity":"ERROR","type":"CloudRunServiceNotFound","message":"Cloud Run service projects/sensei-manager-d64c0/locations/us-central1/services/webhookasaas for the function was not found. The function will not work correctly. Please redeploy."}],"environment":"GEN_2","url":"https://us-central1-sensei-manager-d64c0.cloudfunctions.net/webhookAsaas","satisfiesPzi":true},"stages":[{"name":"BUILD","message":"Build in progress","state":"IN_PROGRESS","resource":"projects/376094928692/locations/us-central1/builds/29df92fd-14a7-4b5e-aab8-12cf1506ce64","resourceUri":"https://console.cloud.google.com/cloud-build/builds;region=us-central1/29df92fd-14a7-4b5e-aab8-12cf1506ce64?project=376094928692"},{"name":"SERVICE","state":"NOT_STARTED"}],"operationType":"UPDATE_FUNCTION","buildName":"projects/376094928692/locations/us-central1/builds/29df92fd-14a7-4b5e-aab8-12cf1506ce64"},"done":false}
[debug] [2026-08-20T10:00:56.869Z] <<< [apiv2][status] GET https://cloudfunctions.googleapis.com/v2/projects/sensei-manager-d64c0/locations/us-central1/operations/operation-1787220048148-65977981af7e1-22da729f-9d1c9d9c 200
[debug] [2026-08-20T10:00:56.870Z] <<< [apiv2][body] GET https://cloudfunctions.googleapis.com/v2/projects/sensei-manager-d64c0/locations/us-central1/operations/operation-1787220048148-65977981af7e1-22da729f-9d1c9d9c {"name":"projects/sensei-manager-d64c0/locations/us-central1/operations/operation-1787220048148-65977981af7e1-22da729f-9d1c9d9c","metadata":{"@type":"type.googleapis.com/google.cloud.functions.v2.OperationMetadata","createTime":"2026-08-20T10:00:49.133753648Z","target":"projects/sensei-manager-d64c0/locations/us-central1/functions/verificarStatusAsaas","verb":"update","cancelRequested":false,"apiVersion":"v2","requestResource":{"@type":"type.googleapis.com/google.cloud.functions.v2.Function","name":"projects/sensei-manager-d64c0/locations/us-central1/functions/verificarStatusAsaas","buildConfig":{"runtime":"nodejs20","entryPoint":"verificarStatusAsaas","source":{"storageSource":{"bucket":"gcf-v2-sources-376094928692-us-central1","object":"verificarStatusAsaas/function-source.zip","generation":"1787220049073370"}},"environmentVariables":{"GOOGLE_NODE_RUN_SCRIPTS":""},"dockerRepository":"projects/sensei-manager-d64c0/locations/us-central1/repositories/gcf-artifacts","sourceProvenance":{"resolvedStorageSource":{"bucket":"gcf-v2-sources-376094928692-us-central1","object":"verificarStatusAsaas/function-source.zip","generation":"1786989866286603"}},"dockerRegistry":"ARTIFACT_REGISTRY","serviceAccount":"projects/sensei-manager-d64c0/serviceAccounts/376094928692-compute@developer.gserviceaccount.com","automaticUpdatePolicy":{}},"serviceConfig":{"service":"projects/sensei-manager-d64c0/locations/us-central1/services/verificarstatusasaas","timeoutSeconds":60,"environmentVariables":{"FIREBASE_CONFIG":"{\"projectId\":\"sensei-manager-d64c0\",\"storageBucket\":\"sensei-manager-d64c0.firebasestorage.app\"}","GCLOUD_PROJECT":"sensei-manager-d64c0","EVENTARC_CLOUD_EVENT_SOURCE":"projects/sensei-manager-d64c0/locations/us-central1/services/verificarStatusAsaas","FUNCTION_TARGET":"verificarStatusAsaas","LOG_EXECUTION_ID":"true"},"ingressSettings":"ALLOW_ALL","serviceAccountEmail":"376094928692-compute@developer.gserviceaccount.com","availableMemory":"256Mi","secretEnvironmentVariables":[{"key":"ASAAS_API_KEY","projectId":"sensei-manager-d64c0","secret":"ASAAS_API_KEY","version":"1"}],"maxInstanceRequestConcurrency":80,"availableCpu":"1"},"state":"UNKNOWN","labels":{"deployment-callable":"true","firebase-functions-hash":"bbc2f0e50f837243b6332780cdd9814ce9042c3a"},"stateMessages":[{"severity":"ERROR","type":"CloudRunServiceNotFound","message":"Cloud Run service projects/sensei-manager-d64c0/locations/us-central1/services/verificarstatusasaas for the function was not found. The function will not work correctly. Please redeploy."}],"environment":"GEN_2","url":"https://us-central1-sensei-manager-d64c0.cloudfunctions.net/verificarStatusAsaas","satisfiesPzi":true},"stages":[{"name":"BUILD","message":"Build in progress","state":"IN_PROGRESS","resource":"projects/376094928692/locations/us-central1/builds/e320e4ba-4d68-4704-bd3d-4a272d02ed73","resourceUri":"https://console.cloud.google.com/cloud-build/builds;region=us-central1/e320e4ba-4d68-4704-bd3d-4a272d02ed73?project=376094928692"},{"name":"SERVICE","state":"NOT_STARTED"}],"operationType":"UPDATE_FUNCTION","buildName":"projects/376094928692/locations/us-central1/builds/e320e4ba-4d68-4704-bd3d-4a272d02ed73"},"done":false}
[debug] [2026-08-20T10:00:56.921Z] <<< [apiv2][status] GET https://cloudfunctions.googleapis.com/v2/projects/sensei-manager-d64c0/locations/us-central1/operations/operation-1787220048295-65977981d3737-a86a676f-cfc8c07b 200
[debug] [2026-08-20T10:00:56.921Z] <<< [apiv2][body] GET https://cloudfunctions.googleapis.com/v2/projects/sensei-manager-d64c0/locations/us-central1/operations/operation-1787220048295-65977981d3737-a86a676f-cfc8c07b {"name":"projects/sensei-manager-d64c0/locations/us-central1/operations/operation-1787220048295-65977981d3737-a86a676f-cfc8c07b","metadata":{"@type":"type.googleapis.com/google.cloud.functions.v2.OperationMetadata","createTime":"2026-08-20T10:00:49.377823433Z","target":"projects/sensei-manager-d64c0/locations/us-central1/functions/criarCobrancaPix","verb":"update","cancelRequested":false,"apiVersion":"v2","requestResource":{"@type":"type.googleapis.com/google.cloud.functions.v2.Function","name":"projects/sensei-manager-d64c0/locations/us-central1/functions/criarCobrancaPix","buildConfig":{"runtime":"nodejs20","entryPoint":"criarCobrancaPix","source":{"storageSource":{"bucket":"gcf-v2-sources-376094928692-us-central1","object":"criarCobrancaPix/function-source.zip","generation":"1787220049317437"}},"environmentVariables":{"GOOGLE_NODE_RUN_SCRIPTS":""},"dockerRepository":"projects/sensei-manager-d64c0/locations/us-central1/repositories/gcf-artifacts","sourceProvenance":{"resolvedStorageSource":{"bucket":"gcf-v2-sources-376094928692-us-central1","object":"criarCobrancaPix/function-source.zip","generation":"1786989867112722"}},"dockerRegistry":"ARTIFACT_REGISTRY","serviceAccount":"projects/sensei-manager-d64c0/serviceAccounts/376094928692-compute@developer.gserviceaccount.com","automaticUpdatePolicy":{}},"serviceConfig":{"service":"projects/sensei-manager-d64c0/locations/us-central1/services/criarcobrancapix","timeoutSeconds":60,"environmentVariables":{"FIREBASE_CONFIG":"{\"projectId\":\"sensei-manager-d64c0\",\"storageBucket\":\"sensei-manager-d64c0.firebasestorage.app\"}","GCLOUD_PROJECT":"sensei-manager-d64c0","EVENTARC_CLOUD_EVENT_SOURCE":"projects/sensei-manager-d64c0/locations/us-central1/services/criarCobrancaPix","FUNCTION_TARGET":"criarCobrancaPix","LOG_EXECUTION_ID":"true"},"ingressSettings":"ALLOW_ALL","serviceAccountEmail":"376094928692-compute@developer.gserviceaccount.com","availableMemory":"256Mi","secretEnvironmentVariables":[{"key":"ASAAS_API_KEY","projectId":"sensei-manager-d64c0","secret":"ASAAS_API_KEY","version":"1"}],"maxInstanceRequestConcurrency":80,"availableCpu":"1"},"state":"UNKNOWN","labels":{"deployment-callable":"true","firebase-functions-hash":"bbc2f0e50f837243b6332780cdd9814ce9042c3a"},"stateMessages":[{"severity":"ERROR","type":"CloudRunServiceNotFound","message":"Cloud Run service projects/sensei-manager-d64c0/locations/us-central1/services/criarcobrancapix for the function was not found. The function will not work correctly. Please redeploy."}],"environment":"GEN_2","url":"https://us-central1-sensei-manager-d64c0.cloudfunctions.net/criarCobrancaPix","satisfiesPzi":true},"stages":[{"name":"BUILD","message":"Build in progress","state":"IN_PROGRESS","resource":"projects/376094928692/locations/us-central1/builds/135952d7-ac45-477e-803d-5d02cdc6a926","resourceUri":"https://console.cloud.google.com/cloud-build/builds;region=us-central1/135952d7-ac45-477e-803d-5d02cdc6a926?project=376094928692"},{"name":"SERVICE","state":"NOT_STARTED"}],"operationType":"UPDATE_FUNCTION","buildName":"projects/376094928692/locations/us-central1/builds/135952d7-ac45-477e-803d-5d02cdc6a926"},"done":false}
[debug] [2026-08-20T10:01:00.839Z] [update-default-us-central1-webhookAsaas] Retrying task index 0
[debug] [2026-08-20T10:01:00.839Z] Checked if tokens are valid: true, expires at: 1787222614580
[debug] [2026-08-20T10:01:00.839Z] Checked if tokens are valid: true, expires at: 1787222614580
[debug] [2026-08-20T10:01:00.839Z] >>> [apiv2][query] GET https://cloudfunctions.googleapis.com/v2/projects/sensei-manager-d64c0/locations/us-central1/operations/operation-1787220048253-65977981c9422-7a45c1e9-87e740ea [none]
[debug] [2026-08-20T10:01:00.872Z] [update-default-us-central1-verificarStatusAsaas] Retrying task index 0
[debug] [2026-08-20T10:01:00.872Z] Checked if tokens are valid: true, expires at: 1787222614580
[debug] [2026-08-20T10:01:00.872Z] Checked if tokens are valid: true, expires at: 1787222614580
[debug] [2026-08-20T10:01:00.872Z] >>> [apiv2][query] GET https://cloudfunctions.googleapis.com/v2/projects/sensei-manager-d64c0/locations/us-central1/operations/operation-1787220048148-65977981af7e1-22da729f-9d1c9d9c [none]
[debug] [2026-08-20T10:01:00.922Z] [update-default-us-central1-criarCobrancaPix] Retrying task index 0
[debug] [2026-08-20T10:01:00.923Z] Checked if tokens are valid: true, expires at: 1787222614580
[debug] [2026-08-20T10:01:00.923Z] Checked if tokens are valid: true, expires at: 1787222614580
[debug] [2026-08-20T10:01:00.923Z] >>> [apiv2][query] GET https://cloudfunctions.googleapis.com/v2/projects/sensei-manager-d64c0/locations/us-central1/operations/operation-1787220048295-65977981d3737-a86a676f-cfc8c07b [none]
[debug] [2026-08-20T10:01:01.142Z] <<< [apiv2][status] GET https://cloudfunctions.googleapis.com/v2/projects/sensei-manager-d64c0/locations/us-central1/operations/operation-1787220048148-65977981af7e1-22da729f-9d1c9d9c 200
[debug] [2026-08-20T10:01:01.142Z] <<< [apiv2][body] GET https://cloudfunctions.googleapis.com/v2/projects/sensei-manager-d64c0/locations/us-central1/operations/operation-1787220048148-65977981af7e1-22da729f-9d1c9d9c {"name":"projects/sensei-manager-d64c0/locations/us-central1/operations/operation-1787220048148-65977981af7e1-22da729f-9d1c9d9c","metadata":{"@type":"type.googleapis.com/google.cloud.functions.v2.OperationMetadata","createTime":"2026-08-20T10:00:49.133753648Z","target":"projects/sensei-manager-d64c0/locations/us-central1/functions/verificarStatusAsaas","verb":"update","cancelRequested":false,"apiVersion":"v2","requestResource":{"@type":"type.googleapis.com/google.cloud.functions.v2.Function","name":"projects/sensei-manager-d64c0/locations/us-central1/functions/verificarStatusAsaas","buildConfig":{"runtime":"nodejs20","entryPoint":"verificarStatusAsaas","source":{"storageSource":{"bucket":"gcf-v2-sources-376094928692-us-central1","object":"verificarStatusAsaas/function-source.zip","generation":"1787220049073370"}},"environmentVariables":{"GOOGLE_NODE_RUN_SCRIPTS":""},"dockerRepository":"projects/sensei-manager-d64c0/locations/us-central1/repositories/gcf-artifacts","sourceProvenance":{"resolvedStorageSource":{"bucket":"gcf-v2-sources-376094928692-us-central1","object":"verificarStatusAsaas/function-source.zip","generation":"1786989866286603"}},"dockerRegistry":"ARTIFACT_REGISTRY","serviceAccount":"projects/sensei-manager-d64c0/serviceAccounts/376094928692-compute@developer.gserviceaccount.com","automaticUpdatePolicy":{}},"serviceConfig":{"service":"projects/sensei-manager-d64c0/locations/us-central1/services/verificarstatusasaas","timeoutSeconds":60,"environmentVariables":{"FIREBASE_CONFIG":"{\"projectId\":\"sensei-manager-d64c0\",\"storageBucket\":\"sensei-manager-d64c0.firebasestorage.app\"}","GCLOUD_PROJECT":"sensei-manager-d64c0","EVENTARC_CLOUD_EVENT_SOURCE":"projects/sensei-manager-d64c0/locations/us-central1/services/verificarStatusAsaas","FUNCTION_TARGET":"verificarStatusAsaas","LOG_EXECUTION_ID":"true"},"ingressSettings":"ALLOW_ALL","serviceAccountEmail":"376094928692-compute@developer.gserviceaccount.com","availableMemory":"256Mi","secretEnvironmentVariables":[{"key":"ASAAS_API_KEY","projectId":"sensei-manager-d64c0","secret":"ASAAS_API_KEY","version":"1"}],"maxInstanceRequestConcurrency":80,"availableCpu":"1"},"state":"UNKNOWN","labels":{"deployment-callable":"true","firebase-functions-hash":"bbc2f0e50f837243b6332780cdd9814ce9042c3a"},"stateMessages":[{"severity":"ERROR","type":"CloudRunServiceNotFound","message":"Cloud Run service projects/sensei-manager-d64c0/locations/us-central1/services/verificarstatusasaas for the function was not found. The function will not work correctly. Please redeploy."}],"environment":"GEN_2","url":"https://us-central1-sensei-manager-d64c0.cloudfunctions.net/verificarStatusAsaas","satisfiesPzi":true},"stages":[{"name":"BUILD","message":"Build in progress","state":"IN_PROGRESS","resource":"projects/376094928692/locations/us-central1/builds/e320e4ba-4d68-4704-bd3d-4a272d02ed73","resourceUri":"https://console.cloud.google.com/cloud-build/builds;region=us-central1/e320e4ba-4d68-4704-bd3d-4a272d02ed73?project=376094928692"},{"name":"SERVICE","state":"NOT_STARTED"}],"operationType":"UPDATE_FUNCTION","buildName":"projects/376094928692/locations/us-central1/builds/e320e4ba-4d68-4704-bd3d-4a272d02ed73"},"done":false}
[debug] [2026-08-20T10:01:01.874Z] <<< [apiv2][status] GET https://cloudfunctions.googleapis.com/v2/projects/sensei-manager-d64c0/locations/us-central1/operations/operation-1787220048253-65977981c9422-7a45c1e9-87e740ea 200
[debug] [2026-08-20T10:01:01.874Z] <<< [apiv2][body] GET https://cloudfunctions.googleapis.com/v2/projects/sensei-manager-d64c0/locations/us-central1/operations/operation-1787220048253-65977981c9422-7a45c1e9-87e740ea {"name":"projects/sensei-manager-d64c0/locations/us-central1/operations/operation-1787220048253-65977981c9422-7a45c1e9-87e740ea","metadata":{"@type":"type.googleapis.com/google.cloud.functions.v2.OperationMetadata","createTime":"2026-08-20T10:00:49.261922776Z","target":"projects/sensei-manager-d64c0/locations/us-central1/functions/webhookAsaas","verb":"update","cancelRequested":false,"apiVersion":"v2","requestResource":{"@type":"type.googleapis.com/google.cloud.functions.v2.Function","name":"projects/sensei-manager-d64c0/locations/us-central1/functions/webhookAsaas","buildConfig":{"runtime":"nodejs20","entryPoint":"webhookAsaas","source":{"storageSource":{"bucket":"gcf-v2-sources-376094928692-us-central1","object":"webhookAsaas/function-source.zip","generation":"1787220049193651"}},"environmentVariables":{"GOOGLE_NODE_RUN_SCRIPTS":""},"dockerRepository":"projects/sensei-manager-d64c0/locations/us-central1/repositories/gcf-artifacts","sourceProvenance":{"resolvedStorageSource":{"bucket":"gcf-v2-sources-376094928692-us-central1","object":"webhookAsaas/function-source.zip","generation":"1786989867148965"}},"dockerRegistry":"ARTIFACT_REGISTRY","serviceAccount":"projects/sensei-manager-d64c0/serviceAccounts/376094928692-compute@developer.gserviceaccount.com","automaticUpdatePolicy":{}},"serviceConfig":{"service":"projects/sensei-manager-d64c0/locations/us-central1/services/webhookasaas","timeoutSeconds":60,"environmentVariables":{"FIREBASE_CONFIG":"{\"projectId\":\"sensei-manager-d64c0\",\"storageBucket\":\"sensei-manager-d64c0.firebasestorage.app\"}","GCLOUD_PROJECT":"sensei-manager-d64c0","EVENTARC_CLOUD_EVENT_SOURCE":"projects/sensei-manager-d64c0/locations/us-central1/services/webhookAsaas","FUNCTION_TARGET":"webhookAsaas","LOG_EXECUTION_ID":"true"},"ingressSettings":"ALLOW_ALL","serviceAccountEmail":"376094928692-compute@developer.gserviceaccount.com","availableMemory":"256Mi","secretEnvironmentVariables":[{"key":"ASAAS_WEBHOOK_TOKEN","projectId":"sensei-manager-d64c0","secret":"ASAAS_WEBHOOK_TOKEN","version":"1"}],"maxInstanceRequestConcurrency":80,"availableCpu":"1"},"state":"UNKNOWN","labels":{"firebase-functions-hash":"57636b5a224fd2a5e0f1d825b2658881cd8fdb30"},"stateMessages":[{"severity":"ERROR","type":"CloudRunServiceNotFound","message":"Cloud Run service projects/sensei-manager-d64c0/locations/us-central1/services/webhookasaas for the function was not found. The function will not work correctly. Please redeploy."}],"environment":"GEN_2","url":"https://us-central1-sensei-manager-d64c0.cloudfunctions.net/webhookAsaas","satisfiesPzi":true},"stages":[{"name":"BUILD","message":"Build in progress","state":"IN_PROGRESS","resource":"projects/376094928692/locations/us-central1/builds/29df92fd-14a7-4b5e-aab8-12cf1506ce64","resourceUri":"https://console.cloud.google.com/cloud-build/builds;region=us-central1/29df92fd-14a7-4b5e-aab8-12cf1506ce64?project=376094928692"},{"name":"SERVICE","state":"NOT_STARTED"}],"operationType":"UPDATE_FUNCTION","buildName":"projects/376094928692/locations/us-central1/builds/29df92fd-14a7-4b5e-aab8-12cf1506ce64"},"done":false}
[debug] [2026-08-20T10:01:01.902Z] <<< [apiv2][status] GET https://cloudfunctions.googleapis.com/v2/projects/sensei-manager-d64c0/locations/us-central1/operations/operation-1787220048295-65977981d3737-a86a676f-cfc8c07b 200
[debug] [2026-08-20T10:01:01.902Z] <<< [apiv2][body] GET https://cloudfunctions.googleapis.com/v2/projects/sensei-manager-d64c0/locations/us-central1/operations/operation-1787220048295-65977981d3737-a86a676f-cfc8c07b {"name":"projects/sensei-manager-d64c0/locations/us-central1/operations/operation-1787220048295-65977981d3737-a86a676f-cfc8c07b","metadata":{"@type":"type.googleapis.com/google.cloud.functions.v2.OperationMetadata","createTime":"2026-08-20T10:00:49.377823433Z","target":"projects/sensei-manager-d64c0/locations/us-central1/functions/criarCobrancaPix","verb":"update","cancelRequested":false,"apiVersion":"v2","requestResource":{"@type":"type.googleapis.com/google.cloud.functions.v2.Function","name":"projects/sensei-manager-d64c0/locations/us-central1/functions/criarCobrancaPix","buildConfig":{"runtime":"nodejs20","entryPoint":"criarCobrancaPix","source":{"storageSource":{"bucket":"gcf-v2-sources-376094928692-us-central1","object":"criarCobrancaPix/function-source.zip","generation":"1787220049317437"}},"environmentVariables":{"GOOGLE_NODE_RUN_SCRIPTS":""},"dockerRepository":"projects/sensei-manager-d64c0/locations/us-central1/repositories/gcf-artifacts","sourceProvenance":{"resolvedStorageSource":{"bucket":"gcf-v2-sources-376094928692-us-central1","object":"criarCobrancaPix/function-source.zip","generation":"1786989867112722"}},"dockerRegistry":"ARTIFACT_REGISTRY","serviceAccount":"projects/sensei-manager-d64c0/serviceAccounts/376094928692-compute@developer.gserviceaccount.com","automaticUpdatePolicy":{}},"serviceConfig":{"service":"projects/sensei-manager-d64c0/locations/us-central1/services/criarcobrancapix","timeoutSeconds":60,"environmentVariables":{"FIREBASE_CONFIG":"{\"projectId\":\"sensei-manager-d64c0\",\"storageBucket\":\"sensei-manager-d64c0.firebasestorage.app\"}","GCLOUD_PROJECT":"sensei-manager-d64c0","EVENTARC_CLOUD_EVENT_SOURCE":"projects/sensei-manager-d64c0/locations/us-central1/services/criarCobrancaPix","FUNCTION_TARGET":"criarCobrancaPix","LOG_EXECUTION_ID":"true"},"ingressSettings":"ALLOW_ALL","serviceAccountEmail":"376094928692-compute@developer.gserviceaccount.com","availableMemory":"256Mi","secretEnvironmentVariables":[{"key":"ASAAS_API_KEY","projectId":"sensei-manager-d64c0","secret":"ASAAS_API_KEY","version":"1"}],"maxInstanceRequestConcurrency":80,"availableCpu":"1"},"state":"UNKNOWN","labels":{"deployment-callable":"true","firebase-functions-hash":"bbc2f0e50f837243b6332780cdd9814ce9042c3a"},"stateMessages":[{"severity":"ERROR","type":"CloudRunServiceNotFound","message":"Cloud Run service projects/sensei-manager-d64c0/locations/us-central1/services/criarcobrancapix for the function was not found. The function will not work correctly. Please redeploy."}],"environment":"GEN_2","url":"https://us-central1-sensei-manager-d64c0.cloudfunctions.net/criarCobrancaPix","satisfiesPzi":true},"stages":[{"name":"BUILD","message":"Build in progress","state":"IN_PROGRESS","resource":"projects/376094928692/locations/us-central1/builds/135952d7-ac45-477e-803d-5d02cdc6a926","resourceUri":"https://console.cloud.google.com/cloud-build/builds;region=us-central1/135952d7-ac45-477e-803d-5d02cdc6a926?project=376094928692"},{"name":"SERVICE","state":"NOT_STARTED"}],"operationType":"UPDATE_FUNCTION","buildName":"projects/376094928692/locations/us-central1/builds/135952d7-ac45-477e-803d-5d02cdc6a926"},"done":false}
[debug] [2026-08-20T10:01:09.143Z] [update-default-us-central1-verificarStatusAsaas] Retrying task index 0
[debug] [2026-08-20T10:01:09.144Z] Checked if tokens are valid: true, expires at: 1787222614580
[debug] [2026-08-20T10:01:09.144Z] Checked if tokens are valid: true, expires at: 1787222614580
[debug] [2026-08-20T10:01:09.144Z] >>> [apiv2][query] GET https://cloudfunctions.googleapis.com/v2/projects/sensei-manager-d64c0/locations/us-central1/operations/operation-1787220048148-65977981af7e1-22da729f-9d1c9d9c [none]
[debug] [2026-08-20T10:01:09.875Z] [update-default-us-central1-webhookAsaas] Retrying task index 0
[debug] [2026-08-20T10:01:09.876Z] Checked if tokens are valid: true, expires at: 1787222614580
[debug] [2026-08-20T10:01:09.876Z] Checked if tokens are valid: true, expires at: 1787222614580
[debug] [2026-08-20T10:01:09.876Z] >>> [apiv2][query] GET https://cloudfunctions.googleapis.com/v2/projects/sensei-manager-d64c0/locations/us-central1/operations/operation-1787220048253-65977981c9422-7a45c1e9-87e740ea [none]
[debug] [2026-08-20T10:01:09.903Z] [update-default-us-central1-criarCobrancaPix] Retrying task index 0
[debug] [2026-08-20T10:01:09.903Z] Checked if tokens are valid: true, expires at: 1787222614580
[debug] [2026-08-20T10:01:09.903Z] Checked if tokens are valid: true, expires at: 1787222614580
[debug] [2026-08-20T10:01:09.903Z] >>> [apiv2][query] GET https://cloudfunctions.googleapis.com/v2/projects/sensei-manager-d64c0/locations/us-central1/operations/operation-1787220048295-65977981d3737-a86a676f-cfc8c07b [none]
[debug] [2026-08-20T10:01:10.189Z] <<< [apiv2][status] GET https://cloudfunctions.googleapis.com/v2/projects/sensei-manager-d64c0/locations/us-central1/operations/operation-1787220048148-65977981af7e1-22da729f-9d1c9d9c 200
[debug] [2026-08-20T10:01:10.190Z] <<< [apiv2][body] GET https://cloudfunctions.googleapis.com/v2/projects/sensei-manager-d64c0/locations/us-central1/operations/operation-1787220048148-65977981af7e1-22da729f-9d1c9d9c {"name":"projects/sensei-manager-d64c0/locations/us-central1/operations/operation-1787220048148-65977981af7e1-22da729f-9d1c9d9c","metadata":{"@type":"type.googleapis.com/google.cloud.functions.v2.OperationMetadata","createTime":"2026-08-20T10:00:49.133753648Z","target":"projects/sensei-manager-d64c0/locations/us-central1/functions/verificarStatusAsaas","verb":"update","cancelRequested":false,"apiVersion":"v2","requestResource":{"@type":"type.googleapis.com/google.cloud.functions.v2.Function","name":"projects/sensei-manager-d64c0/locations/us-central1/functions/verificarStatusAsaas","buildConfig":{"runtime":"nodejs20","entryPoint":"verificarStatusAsaas","source":{"storageSource":{"bucket":"gcf-v2-sources-376094928692-us-central1","object":"verificarStatusAsaas/function-source.zip","generation":"1787220049073370"}},"environmentVariables":{"GOOGLE_NODE_RUN_SCRIPTS":""},"dockerRepository":"projects/sensei-manager-d64c0/locations/us-central1/repositories/gcf-artifacts","sourceProvenance":{"resolvedStorageSource":{"bucket":"gcf-v2-sources-376094928692-us-central1","object":"verificarStatusAsaas/function-source.zip","generation":"1786989866286603"}},"dockerRegistry":"ARTIFACT_REGISTRY","serviceAccount":"projects/sensei-manager-d64c0/serviceAccounts/376094928692-compute@developer.gserviceaccount.com","automaticUpdatePolicy":{}},"serviceConfig":{"service":"projects/sensei-manager-d64c0/locations/us-central1/services/verificarstatusasaas","timeoutSeconds":60,"environmentVariables":{"FIREBASE_CONFIG":"{\"projectId\":\"sensei-manager-d64c0\",\"storageBucket\":\"sensei-manager-d64c0.firebasestorage.app\"}","GCLOUD_PROJECT":"sensei-manager-d64c0","EVENTARC_CLOUD_EVENT_SOURCE":"projects/sensei-manager-d64c0/locations/us-central1/services/verificarStatusAsaas","FUNCTION_TARGET":"verificarStatusAsaas","LOG_EXECUTION_ID":"true"},"ingressSettings":"ALLOW_ALL","serviceAccountEmail":"376094928692-compute@developer.gserviceaccount.com","availableMemory":"256Mi","secretEnvironmentVariables":[{"key":"ASAAS_API_KEY","projectId":"sensei-manager-d64c0","secret":"ASAAS_API_KEY","version":"1"}],"maxInstanceRequestConcurrency":80,"availableCpu":"1"},"state":"UNKNOWN","labels":{"deployment-callable":"true","firebase-functions-hash":"bbc2f0e50f837243b6332780cdd9814ce9042c3a"},"stateMessages":[{"severity":"ERROR","type":"CloudRunServiceNotFound","message":"Cloud Run service projects/sensei-manager-d64c0/locations/us-central1/services/verificarstatusasaas for the function was not found. The function will not work correctly. Please redeploy."}],"environment":"GEN_2","url":"https://us-central1-sensei-manager-d64c0.cloudfunctions.net/verificarStatusAsaas","satisfiesPzi":true},"stages":[{"name":"BUILD","message":"Build in progress","state":"IN_PROGRESS","resource":"projects/376094928692/locations/us-central1/builds/e320e4ba-4d68-4704-bd3d-4a272d02ed73","resourceUri":"https://console.cloud.google.com/cloud-build/builds;region=us-central1/e320e4ba-4d68-4704-bd3d-4a272d02ed73?project=376094928692"},{"name":"SERVICE","state":"NOT_STARTED"}],"operationType":"UPDATE_FUNCTION","buildName":"projects/376094928692/locations/us-central1/builds/e320e4ba-4d68-4704-bd3d-4a272d02ed73"},"done":false}
[debug] [2026-08-20T10:01:10.930Z] <<< [apiv2][status] GET https://cloudfunctions.googleapis.com/v2/projects/sensei-manager-d64c0/locations/us-central1/operations/operation-1787220048295-65977981d3737-a86a676f-cfc8c07b 200
[debug] [2026-08-20T10:01:10.931Z] <<< [apiv2][body] GET https://cloudfunctions.googleapis.com/v2/projects/sensei-manager-d64c0/locations/us-central1/operations/operation-1787220048295-65977981d3737-a86a676f-cfc8c07b {"name":"projects/sensei-manager-d64c0/locations/us-central1/operations/operation-1787220048295-65977981d3737-a86a676f-cfc8c07b","metadata":{"@type":"type.googleapis.com/google.cloud.functions.v2.OperationMetadata","createTime":"2026-08-20T10:00:49.377823433Z","target":"projects/sensei-manager-d64c0/locations/us-central1/functions/criarCobrancaPix","verb":"update","cancelRequested":false,"apiVersion":"v2","requestResource":{"@type":"type.googleapis.com/google.cloud.functions.v2.Function","name":"projects/sensei-manager-d64c0/locations/us-central1/functions/criarCobrancaPix","buildConfig":{"runtime":"nodejs20","entryPoint":"criarCobrancaPix","source":{"storageSource":{"bucket":"gcf-v2-sources-376094928692-us-central1","object":"criarCobrancaPix/function-source.zip","generation":"1787220049317437"}},"environmentVariables":{"GOOGLE_NODE_RUN_SCRIPTS":""},"dockerRepository":"projects/sensei-manager-d64c0/locations/us-central1/repositories/gcf-artifacts","sourceProvenance":{"resolvedStorageSource":{"bucket":"gcf-v2-sources-376094928692-us-central1","object":"criarCobrancaPix/function-source.zip","generation":"1786989867112722"}},"dockerRegistry":"ARTIFACT_REGISTRY","serviceAccount":"projects/sensei-manager-d64c0/serviceAccounts/376094928692-compute@developer.gserviceaccount.com","automaticUpdatePolicy":{}},"serviceConfig":{"service":"projects/sensei-manager-d64c0/locations/us-central1/services/criarcobrancapix","timeoutSeconds":60,"environmentVariables":{"FIREBASE_CONFIG":"{\"projectId\":\"sensei-manager-d64c0\",\"storageBucket\":\"sensei-manager-d64c0.firebasestorage.app\"}","GCLOUD_PROJECT":"sensei-manager-d64c0","EVENTARC_CLOUD_EVENT_SOURCE":"projects/sensei-manager-d64c0/locations/us-central1/services/criarCobrancaPix","FUNCTION_TARGET":"criarCobrancaPix","LOG_EXECUTION_ID":"true"},"ingressSettings":"ALLOW_ALL","serviceAccountEmail":"376094928692-compute@developer.gserviceaccount.com","availableMemory":"256Mi","secretEnvironmentVariables":[{"key":"ASAAS_API_KEY","projectId":"sensei-manager-d64c0","secret":"ASAAS_API_KEY","version":"1"}],"maxInstanceRequestConcurrency":80,"availableCpu":"1"},"state":"UNKNOWN","labels":{"deployment-callable":"true","firebase-functions-hash":"bbc2f0e50f837243b6332780cdd9814ce9042c3a"},"stateMessages":[{"severity":"ERROR","type":"CloudRunServiceNotFound","message":"Cloud Run service projects/sensei-manager-d64c0/locations/us-central1/services/criarcobrancapix for the function was not found. The function will not work correctly. Please redeploy."}],"environment":"GEN_2","url":"https://us-central1-sensei-manager-d64c0.cloudfunctions.net/criarCobrancaPix","satisfiesPzi":true},"stages":[{"name":"BUILD","message":"Build in progress","state":"IN_PROGRESS","resource":"projects/376094928692/locations/us-central1/builds/135952d7-ac45-477e-803d-5d02cdc6a926","resourceUri":"https://console.cloud.google.com/cloud-build/builds;region=us-central1/135952d7-ac45-477e-803d-5d02cdc6a926?project=376094928692"},{"name":"SERVICE","state":"NOT_STARTED"}],"operationType":"UPDATE_FUNCTION","buildName":"projects/376094928692/locations/us-central1/builds/135952d7-ac45-477e-803d-5d02cdc6a926"},"done":false}
[debug] [2026-08-20T10:01:11.041Z] <<< [apiv2][status] GET https://cloudfunctions.googleapis.com/v2/projects/sensei-manager-d64c0/locations/us-central1/operations/operation-1787220048253-65977981c9422-7a45c1e9-87e740ea 200
[debug] [2026-08-20T10:01:11.041Z] <<< [apiv2][body] GET https://cloudfunctions.googleapis.com/v2/projects/sensei-manager-d64c0/locations/us-central1/operations/operation-1787220048253-65977981c9422-7a45c1e9-87e740ea {"name":"projects/sensei-manager-d64c0/locations/us-central1/operations/operation-1787220048253-65977981c9422-7a45c1e9-87e740ea","metadata":{"@type":"type.googleapis.com/google.cloud.functions.v2.OperationMetadata","createTime":"2026-08-20T10:00:49.261922776Z","target":"projects/sensei-manager-d64c0/locations/us-central1/functions/webhookAsaas","verb":"update","cancelRequested":false,"apiVersion":"v2","requestResource":{"@type":"type.googleapis.com/google.cloud.functions.v2.Function","name":"projects/sensei-manager-d64c0/locations/us-central1/functions/webhookAsaas","buildConfig":{"runtime":"nodejs20","entryPoint":"webhookAsaas","source":{"storageSource":{"bucket":"gcf-v2-sources-376094928692-us-central1","object":"webhookAsaas/function-source.zip","generation":"1787220049193651"}},"environmentVariables":{"GOOGLE_NODE_RUN_SCRIPTS":""},"dockerRepository":"projects/sensei-manager-d64c0/locations/us-central1/repositories/gcf-artifacts","sourceProvenance":{"resolvedStorageSource":{"bucket":"gcf-v2-sources-376094928692-us-central1","object":"webhookAsaas/function-source.zip","generation":"1786989867148965"}},"dockerRegistry":"ARTIFACT_REGISTRY","serviceAccount":"projects/sensei-manager-d64c0/serviceAccounts/376094928692-compute@developer.gserviceaccount.com","automaticUpdatePolicy":{}},"serviceConfig":{"service":"projects/sensei-manager-d64c0/locations/us-central1/services/webhookasaas","timeoutSeconds":60,"environmentVariables":{"FIREBASE_CONFIG":"{\"projectId\":\"sensei-manager-d64c0\",\"storageBucket\":\"sensei-manager-d64c0.firebasestorage.app\"}","GCLOUD_PROJECT":"sensei-manager-d64c0","EVENTARC_CLOUD_EVENT_SOURCE":"projects/sensei-manager-d64c0/locations/us-central1/services/webhookAsaas","FUNCTION_TARGET":"webhookAsaas","LOG_EXECUTION_ID":"true"},"ingressSettings":"ALLOW_ALL","serviceAccountEmail":"376094928692-compute@developer.gserviceaccount.com","availableMemory":"256Mi","secretEnvironmentVariables":[{"key":"ASAAS_WEBHOOK_TOKEN","projectId":"sensei-manager-d64c0","secret":"ASAAS_WEBHOOK_TOKEN","version":"1"}],"maxInstanceRequestConcurrency":80,"availableCpu":"1"},"state":"UNKNOWN","labels":{"firebase-functions-hash":"57636b5a224fd2a5e0f1d825b2658881cd8fdb30"},"stateMessages":[{"severity":"ERROR","type":"CloudRunServiceNotFound","message":"Cloud Run service projects/sensei-manager-d64c0/locations/us-central1/services/webhookasaas for the function was not found. The function will not work correctly. Please redeploy."}],"environment":"GEN_2","url":"https://us-central1-sensei-manager-d64c0.cloudfunctions.net/webhookAsaas","satisfiesPzi":true},"stages":[{"name":"BUILD","message":"Build in progress","state":"IN_PROGRESS","resource":"projects/376094928692/locations/us-central1/builds/29df92fd-14a7-4b5e-aab8-12cf1506ce64","resourceUri":"https://console.cloud.google.com/cloud-build/builds;region=us-central1/29df92fd-14a7-4b5e-aab8-12cf1506ce64?project=376094928692"},{"name":"SERVICE","state":"NOT_STARTED"}],"operationType":"UPDATE_FUNCTION","buildName":"projects/376094928692/locations/us-central1/builds/29df92fd-14a7-4b5e-aab8-12cf1506ce64"},"done":false}
[debug] [2026-08-20T10:01:20.191Z] [update-default-us-central1-verificarStatusAsaas] Retrying task index 0
[debug] [2026-08-20T10:01:20.192Z] Checked if tokens are valid: true, expires at: 1787222614580
[debug] [2026-08-20T10:01:20.192Z] Checked if tokens are valid: true, expires at: 1787222614580
[debug] [2026-08-20T10:01:20.192Z] >>> [apiv2][query] GET https://cloudfunctions.googleapis.com/v2/projects/sensei-manager-d64c0/locations/us-central1/operations/operation-1787220048148-65977981af7e1-22da729f-9d1c9d9c [none]
[debug] [2026-08-20T10:01:20.719Z] <<< [apiv2][status] GET https://cloudfunctions.googleapis.com/v2/projects/sensei-manager-d64c0/locations/us-central1/operations/operation-1787220048148-65977981af7e1-22da729f-9d1c9d9c 200
[debug] [2026-08-20T10:01:20.719Z] <<< [apiv2][body] GET https://cloudfunctions.googleapis.com/v2/projects/sensei-manager-d64c0/locations/us-central1/operations/operation-1787220048148-65977981af7e1-22da729f-9d1c9d9c {"name":"projects/sensei-manager-d64c0/locations/us-central1/operations/operation-1787220048148-65977981af7e1-22da729f-9d1c9d9c","metadata":{"@type":"type.googleapis.com/google.cloud.functions.v2.OperationMetadata","createTime":"2026-08-20T10:00:49.133753648Z","target":"projects/sensei-manager-d64c0/locations/us-central1/functions/verificarStatusAsaas","verb":"update","cancelRequested":false,"apiVersion":"v2","requestResource":{"@type":"type.googleapis.com/google.cloud.functions.v2.Function","name":"projects/sensei-manager-d64c0/locations/us-central1/functions/verificarStatusAsaas","buildConfig":{"runtime":"nodejs20","entryPoint":"verificarStatusAsaas","source":{"storageSource":{"bucket":"gcf-v2-sources-376094928692-us-central1","object":"verificarStatusAsaas/function-source.zip","generation":"1787220049073370"}},"environmentVariables":{"GOOGLE_NODE_RUN_SCRIPTS":""},"dockerRepository":"projects/sensei-manager-d64c0/locations/us-central1/repositories/gcf-artifacts","sourceProvenance":{"resolvedStorageSource":{"bucket":"gcf-v2-sources-376094928692-us-central1","object":"verificarStatusAsaas/function-source.zip","generation":"1786989866286603"}},"dockerRegistry":"ARTIFACT_REGISTRY","serviceAccount":"projects/sensei-manager-d64c0/serviceAccounts/376094928692-compute@developer.gserviceaccount.com","automaticUpdatePolicy":{}},"serviceConfig":{"service":"projects/sensei-manager-d64c0/locations/us-central1/services/verificarstatusasaas","timeoutSeconds":60,"environmentVariables":{"FIREBASE_CONFIG":"{\"projectId\":\"sensei-manager-d64c0\",\"storageBucket\":\"sensei-manager-d64c0.firebasestorage.app\"}","GCLOUD_PROJECT":"sensei-manager-d64c0","EVENTARC_CLOUD_EVENT_SOURCE":"projects/sensei-manager-d64c0/locations/us-central1/services/verificarStatusAsaas","FUNCTION_TARGET":"verificarStatusAsaas","LOG_EXECUTION_ID":"true"},"ingressSettings":"ALLOW_ALL","serviceAccountEmail":"376094928692-compute@developer.gserviceaccount.com","availableMemory":"256Mi","secretEnvironmentVariables":[{"key":"ASAAS_API_KEY","projectId":"sensei-manager-d64c0","secret":"ASAAS_API_KEY","version":"1"}],"maxInstanceRequestConcurrency":80,"availableCpu":"1"},"state":"UNKNOWN","labels":{"deployment-callable":"true","firebase-functions-hash":"bbc2f0e50f837243b6332780cdd9814ce9042c3a"},"stateMessages":[{"severity":"ERROR","type":"CloudRunServiceNotFound","message":"Cloud Run service projects/sensei-manager-d64c0/locations/us-central1/services/verificarstatusasaas for the function was not found. The function will not work correctly. Please redeploy."}],"environment":"GEN_2","url":"https://us-central1-sensei-manager-d64c0.cloudfunctions.net/verificarStatusAsaas","satisfiesPzi":true},"stages":[{"name":"BUILD","message":"Build in progress","state":"IN_PROGRESS","resource":"projects/376094928692/locations/us-central1/builds/e320e4ba-4d68-4704-bd3d-4a272d02ed73","resourceUri":"https://console.cloud.google.com/cloud-build/builds;region=us-central1/e320e4ba-4d68-4704-bd3d-4a272d02ed73?project=376094928692"},{"name":"SERVICE","state":"NOT_STARTED"}],"operationType":"UPDATE_FUNCTION","buildName":"projects/376094928692/locations/us-central1/builds/e320e4ba-4d68-4704-bd3d-4a272d02ed73"},"done":false}
[debug] [2026-08-20T10:01:20.933Z] [update-default-us-central1-criarCobrancaPix] Retrying task index 0
[debug] [2026-08-20T10:01:20.933Z] Checked if tokens are valid: true, expires at: 1787222614580
[debug] [2026-08-20T10:01:20.933Z] Checked if tokens are valid: true, expires at: 1787222614580
[debug] [2026-08-20T10:01:20.933Z] >>> [apiv2][query] GET https://cloudfunctions.googleapis.com/v2/projects/sensei-manager-d64c0/locations/us-central1/operations/operation-1787220048295-65977981d3737-a86a676f-cfc8c07b [none]
[debug] [2026-08-20T10:01:21.042Z] [update-default-us-central1-webhookAsaas] Retrying task index 0
[debug] [2026-08-20T10:01:21.042Z] Checked if tokens are valid: true, expires at: 1787222614580
[debug] [2026-08-20T10:01:21.043Z] Checked if tokens are valid: true, expires at: 1787222614580
[debug] [2026-08-20T10:01:21.043Z] >>> [apiv2][query] GET https://cloudfunctions.googleapis.com/v2/projects/sensei-manager-d64c0/locations/us-central1/operations/operation-1787220048253-65977981c9422-7a45c1e9-87e740ea [none]
[debug] [2026-08-20T10:01:21.947Z] <<< [apiv2][status] GET https://cloudfunctions.googleapis.com/v2/projects/sensei-manager-d64c0/locations/us-central1/operations/operation-1787220048295-65977981d3737-a86a676f-cfc8c07b 200
[debug] [2026-08-20T10:01:21.947Z] <<< [apiv2][body] GET https://cloudfunctions.googleapis.com/v2/projects/sensei-manager-d64c0/locations/us-central1/operations/operation-1787220048295-65977981d3737-a86a676f-cfc8c07b {"name":"projects/sensei-manager-d64c0/locations/us-central1/operations/operation-1787220048295-65977981d3737-a86a676f-cfc8c07b","metadata":{"@type":"type.googleapis.com/google.cloud.functions.v2.OperationMetadata","createTime":"2026-08-20T10:00:49.377823433Z","target":"projects/sensei-manager-d64c0/locations/us-central1/functions/criarCobrancaPix","verb":"update","cancelRequested":false,"apiVersion":"v2","requestResource":{"@type":"type.googleapis.com/google.cloud.functions.v2.Function","name":"projects/sensei-manager-d64c0/locations/us-central1/functions/criarCobrancaPix","buildConfig":{"runtime":"nodejs20","entryPoint":"criarCobrancaPix","source":{"storageSource":{"bucket":"gcf-v2-sources-376094928692-us-central1","object":"criarCobrancaPix/function-source.zip","generation":"1787220049317437"}},"environmentVariables":{"GOOGLE_NODE_RUN_SCRIPTS":""},"dockerRepository":"projects/sensei-manager-d64c0/locations/us-central1/repositories/gcf-artifacts","sourceProvenance":{"resolvedStorageSource":{"bucket":"gcf-v2-sources-376094928692-us-central1","object":"criarCobrancaPix/function-source.zip","generation":"1786989867112722"}},"dockerRegistry":"ARTIFACT_REGISTRY","serviceAccount":"projects/sensei-manager-d64c0/serviceAccounts/376094928692-compute@developer.gserviceaccount.com","automaticUpdatePolicy":{}},"serviceConfig":{"service":"projects/sensei-manager-d64c0/locations/us-central1/services/criarcobrancapix","timeoutSeconds":60,"environmentVariables":{"FIREBASE_CONFIG":"{\"projectId\":\"sensei-manager-d64c0\",\"storageBucket\":\"sensei-manager-d64c0.firebasestorage.app\"}","GCLOUD_PROJECT":"sensei-manager-d64c0","EVENTARC_CLOUD_EVENT_SOURCE":"projects/sensei-manager-d64c0/locations/us-central1/services/criarCobrancaPix","FUNCTION_TARGET":"criarCobrancaPix","LOG_EXECUTION_ID":"true"},"ingressSettings":"ALLOW_ALL","serviceAccountEmail":"376094928692-compute@developer.gserviceaccount.com","availableMemory":"256Mi","secretEnvironmentVariables":[{"key":"ASAAS_API_KEY","projectId":"sensei-manager-d64c0","secret":"ASAAS_API_KEY","version":"1"}],"maxInstanceRequestConcurrency":80,"availableCpu":"1"},"state":"UNKNOWN","labels":{"deployment-callable":"true","firebase-functions-hash":"bbc2f0e50f837243b6332780cdd9814ce9042c3a"},"stateMessages":[{"severity":"ERROR","type":"CloudRunServiceNotFound","message":"Cloud Run service projects/sensei-manager-d64c0/locations/us-central1/services/criarcobrancapix for the function was not found. The function will not work correctly. Please redeploy."}],"environment":"GEN_2","url":"https://us-central1-sensei-manager-d64c0.cloudfunctions.net/criarCobrancaPix","satisfiesPzi":true},"stages":[{"name":"BUILD","message":"Build in progress","state":"IN_PROGRESS","resource":"projects/376094928692/locations/us-central1/builds/135952d7-ac45-477e-803d-5d02cdc6a926","resourceUri":"https://console.cloud.google.com/cloud-build/builds;region=us-central1/135952d7-ac45-477e-803d-5d02cdc6a926?project=376094928692"},{"name":"SERVICE","state":"NOT_STARTED"}],"operationType":"UPDATE_FUNCTION","buildName":"projects/376094928692/locations/us-central1/builds/135952d7-ac45-477e-803d-5d02cdc6a926"},"done":false}
[debug] [2026-08-20T10:01:22.097Z] <<< [apiv2][status] GET https://cloudfunctions.googleapis.com/v2/projects/sensei-manager-d64c0/locations/us-central1/operations/operation-1787220048253-65977981c9422-7a45c1e9-87e740ea 200
[debug] [2026-08-20T10:01:22.097Z] <<< [apiv2][body] GET https://cloudfunctions.googleapis.com/v2/projects/sensei-manager-d64c0/locations/us-central1/operations/operation-1787220048253-65977981c9422-7a45c1e9-87e740ea {"name":"projects/sensei-manager-d64c0/locations/us-central1/operations/operation-1787220048253-65977981c9422-7a45c1e9-87e740ea","metadata":{"@type":"type.googleapis.com/google.cloud.functions.v2.OperationMetadata","createTime":"2026-08-20T10:00:49.261922776Z","target":"projects/sensei-manager-d64c0/locations/us-central1/functions/webhookAsaas","verb":"update","cancelRequested":false,"apiVersion":"v2","requestResource":{"@type":"type.googleapis.com/google.cloud.functions.v2.Function","name":"projects/sensei-manager-d64c0/locations/us-central1/functions/webhookAsaas","buildConfig":{"runtime":"nodejs20","entryPoint":"webhookAsaas","source":{"storageSource":{"bucket":"gcf-v2-sources-376094928692-us-central1","object":"webhookAsaas/function-source.zip","generation":"1787220049193651"}},"environmentVariables":{"GOOGLE_NODE_RUN_SCRIPTS":""},"dockerRepository":"projects/sensei-manager-d64c0/locations/us-central1/repositories/gcf-artifacts","sourceProvenance":{"resolvedStorageSource":{"bucket":"gcf-v2-sources-376094928692-us-central1","object":"webhookAsaas/function-source.zip","generation":"1786989867148965"}},"dockerRegistry":"ARTIFACT_REGISTRY","serviceAccount":"projects/sensei-manager-d64c0/serviceAccounts/376094928692-compute@developer.gserviceaccount.com","automaticUpdatePolicy":{}},"serviceConfig":{"service":"projects/sensei-manager-d64c0/locations/us-central1/services/webhookasaas","timeoutSeconds":60,"environmentVariables":{"FIREBASE_CONFIG":"{\"projectId\":\"sensei-manager-d64c0\",\"storageBucket\":\"sensei-manager-d64c0.firebasestorage.app\"}","GCLOUD_PROJECT":"sensei-manager-d64c0","EVENTARC_CLOUD_EVENT_SOURCE":"projects/sensei-manager-d64c0/locations/us-central1/services/webhookAsaas","FUNCTION_TARGET":"webhookAsaas","LOG_EXECUTION_ID":"true"},"ingressSettings":"ALLOW_ALL","serviceAccountEmail":"376094928692-compute@developer.gserviceaccount.com","availableMemory":"256Mi","secretEnvironmentVariables":[{"key":"ASAAS_WEBHOOK_TOKEN","projectId":"sensei-manager-d64c0","secret":"ASAAS_WEBHOOK_TOKEN","version":"1"}],"maxInstanceRequestConcurrency":80,"availableCpu":"1"},"state":"UNKNOWN","labels":{"firebase-functions-hash":"57636b5a224fd2a5e0f1d825b2658881cd8fdb30"},"stateMessages":[{"severity":"ERROR","type":"CloudRunServiceNotFound","message":"Cloud Run service projects/sensei-manager-d64c0/locations/us-central1/services/webhookasaas for the function was not found. The function will not work correctly. Please redeploy."}],"environment":"GEN_2","url":"https://us-central1-sensei-manager-d64c0.cloudfunctions.net/webhookAsaas","satisfiesPzi":true},"stages":[{"name":"BUILD","message":"Build in progress","state":"IN_PROGRESS","resource":"projects/376094928692/locations/us-central1/builds/29df92fd-14a7-4b5e-aab8-12cf1506ce64","resourceUri":"https://console.cloud.google.com/cloud-build/builds;region=us-central1/29df92fd-14a7-4b5e-aab8-12cf1506ce64?project=376094928692"},{"name":"SERVICE","state":"NOT_STARTED"}],"operationType":"UPDATE_FUNCTION","buildName":"projects/376094928692/locations/us-central1/builds/29df92fd-14a7-4b5e-aab8-12cf1506ce64"},"done":false}
[debug] [2026-08-20T10:01:30.721Z] [update-default-us-central1-verificarStatusAsaas] Retrying task index 0
[debug] [2026-08-20T10:01:30.721Z] Checked if tokens are valid: true, expires at: 1787222614580
[debug] [2026-08-20T10:01:30.721Z] Checked if tokens are valid: true, expires at: 1787222614580
[debug] [2026-08-20T10:01:30.721Z] >>> [apiv2][query] GET https://cloudfunctions.googleapis.com/v2/projects/sensei-manager-d64c0/locations/us-central1/operations/operation-1787220048148-65977981af7e1-22da729f-9d1c9d9c [none]
[debug] [2026-08-20T10:01:31.880Z] <<< [apiv2][status] GET https://cloudfunctions.googleapis.com/v2/projects/sensei-manager-d64c0/locations/us-central1/operations/operation-1787220048148-65977981af7e1-22da729f-9d1c9d9c 200
[debug] [2026-08-20T10:01:31.880Z] <<< [apiv2][body] GET https://cloudfunctions.googleapis.com/v2/projects/sensei-manager-d64c0/locations/us-central1/operations/operation-1787220048148-65977981af7e1-22da729f-9d1c9d9c {"name":"projects/sensei-manager-d64c0/locations/us-central1/operations/operation-1787220048148-65977981af7e1-22da729f-9d1c9d9c","metadata":{"@type":"type.googleapis.com/google.cloud.functions.v2.OperationMetadata","createTime":"2026-08-20T10:00:49.133753648Z","target":"projects/sensei-manager-d64c0/locations/us-central1/functions/verificarStatusAsaas","verb":"update","cancelRequested":false,"apiVersion":"v2","requestResource":{"@type":"type.googleapis.com/google.cloud.functions.v2.Function","name":"projects/sensei-manager-d64c0/locations/us-central1/functions/verificarStatusAsaas","buildConfig":{"runtime":"nodejs20","entryPoint":"verificarStatusAsaas","source":{"storageSource":{"bucket":"gcf-v2-sources-376094928692-us-central1","object":"verificarStatusAsaas/function-source.zip","generation":"1787220049073370"}},"environmentVariables":{"GOOGLE_NODE_RUN_SCRIPTS":""},"dockerRepository":"projects/sensei-manager-d64c0/locations/us-central1/repositories/gcf-artifacts","sourceProvenance":{"resolvedStorageSource":{"bucket":"gcf-v2-sources-376094928692-us-central1","object":"verificarStatusAsaas/function-source.zip","generation":"1786989866286603"}},"dockerRegistry":"ARTIFACT_REGISTRY","serviceAccount":"projects/sensei-manager-d64c0/serviceAccounts/376094928692-compute@developer.gserviceaccount.com","automaticUpdatePolicy":{}},"serviceConfig":{"service":"projects/sensei-manager-d64c0/locations/us-central1/services/verificarstatusasaas","timeoutSeconds":60,"environmentVariables":{"FIREBASE_CONFIG":"{\"projectId\":\"sensei-manager-d64c0\",\"storageBucket\":\"sensei-manager-d64c0.firebasestorage.app\"}","GCLOUD_PROJECT":"sensei-manager-d64c0","EVENTARC_CLOUD_EVENT_SOURCE":"projects/sensei-manager-d64c0/locations/us-central1/services/verificarStatusAsaas","FUNCTION_TARGET":"verificarStatusAsaas","LOG_EXECUTION_ID":"true"},"ingressSettings":"ALLOW_ALL","serviceAccountEmail":"376094928692-compute@developer.gserviceaccount.com","availableMemory":"256Mi","secretEnvironmentVariables":[{"key":"ASAAS_API_KEY","projectId":"sensei-manager-d64c0","secret":"ASAAS_API_KEY","version":"1"}],"maxInstanceRequestConcurrency":80,"availableCpu":"1"},"state":"UNKNOWN","labels":{"deployment-callable":"true","firebase-functions-hash":"bbc2f0e50f837243b6332780cdd9814ce9042c3a"},"stateMessages":[{"severity":"ERROR","type":"CloudRunServiceNotFound","message":"Cloud Run service projects/sensei-manager-d64c0/locations/us-central1/services/verificarstatusasaas for the function was not found. The function will not work correctly. Please redeploy."}],"environment":"GEN_2","url":"https://us-central1-sensei-manager-d64c0.cloudfunctions.net/verificarStatusAsaas","satisfiesPzi":true},"stages":[{"name":"BUILD","message":"Build in progress","state":"IN_PROGRESS","resource":"projects/376094928692/locations/us-central1/builds/e320e4ba-4d68-4704-bd3d-4a272d02ed73","resourceUri":"https://console.cloud.google.com/cloud-build/builds;region=us-central1/e320e4ba-4d68-4704-bd3d-4a272d02ed73?project=376094928692"},{"name":"SERVICE","state":"NOT_STARTED"}],"operationType":"UPDATE_FUNCTION","buildName":"projects/376094928692/locations/us-central1/builds/e320e4ba-4d68-4704-bd3d-4a272d02ed73"},"done":false}
[debug] [2026-08-20T10:01:31.948Z] [update-default-us-central1-criarCobrancaPix] Retrying task index 0
[debug] [2026-08-20T10:01:31.949Z] Checked if tokens are valid: true, expires at: 1787222614580
[debug] [2026-08-20T10:01:31.949Z] Checked if tokens are valid: true, expires at: 1787222614580
[debug] [2026-08-20T10:01:31.949Z] >>> [apiv2][query] GET https://cloudfunctions.googleapis.com/v2/projects/sensei-manager-d64c0/locations/us-central1/operations/operation-1787220048295-65977981d3737-a86a676f-cfc8c07b [none]
[debug] [2026-08-20T10:01:32.099Z] [update-default-us-central1-webhookAsaas] Retrying task index 0
[debug] [2026-08-20T10:01:32.099Z] Checked if tokens are valid: true, expires at: 1787222614580
[debug] [2026-08-20T10:01:32.099Z] Checked if tokens are valid: true, expires at: 1787222614580
[debug] [2026-08-20T10:01:32.100Z] >>> [apiv2][query] GET https://cloudfunctions.googleapis.com/v2/projects/sensei-manager-d64c0/locations/us-central1/operations/operation-1787220048253-65977981c9422-7a45c1e9-87e740ea [none]
[debug] [2026-08-20T10:01:32.324Z] <<< [apiv2][status] GET https://cloudfunctions.googleapis.com/v2/projects/sensei-manager-d64c0/locations/us-central1/operations/operation-1787220048295-65977981d3737-a86a676f-cfc8c07b 200
[debug] [2026-08-20T10:01:32.325Z] <<< [apiv2][body] GET https://cloudfunctions.googleapis.com/v2/projects/sensei-manager-d64c0/locations/us-central1/operations/operation-1787220048295-65977981d3737-a86a676f-cfc8c07b {"name":"projects/sensei-manager-d64c0/locations/us-central1/operations/operation-1787220048295-65977981d3737-a86a676f-cfc8c07b","metadata":{"@type":"type.googleapis.com/google.cloud.functions.v2.OperationMetadata","createTime":"2026-08-20T10:00:49.377823433Z","endTime":"2026-08-20T10:01:28.031692880Z","target":"projects/sensei-manager-d64c0/locations/us-central1/functions/criarCobrancaPix","verb":"update","cancelRequested":false,"apiVersion":"v2","requestResource":{"@type":"type.googleapis.com/google.cloud.functions.v2.Function","name":"projects/sensei-manager-d64c0/locations/us-central1/functions/criarCobrancaPix","buildConfig":{"runtime":"nodejs20","entryPoint":"criarCobrancaPix","source":{"storageSource":{"bucket":"gcf-v2-sources-376094928692-us-central1","object":"criarCobrancaPix/function-source.zip","generation":"1787220049317437"}},"environmentVariables":{"GOOGLE_NODE_RUN_SCRIPTS":""},"dockerRepository":"projects/sensei-manager-d64c0/locations/us-central1/repositories/gcf-artifacts","sourceProvenance":{"resolvedStorageSource":{"bucket":"gcf-v2-sources-376094928692-us-central1","object":"criarCobrancaPix/function-source.zip","generation":"1786989867112722"}},"dockerRegistry":"ARTIFACT_REGISTRY","serviceAccount":"projects/sensei-manager-d64c0/serviceAccounts/376094928692-compute@developer.gserviceaccount.com","automaticUpdatePolicy":{}},"serviceConfig":{"service":"projects/sensei-manager-d64c0/locations/us-central1/services/criarcobrancapix","timeoutSeconds":60,"environmentVariables":{"FIREBASE_CONFIG":"{\"projectId\":\"sensei-manager-d64c0\",\"storageBucket\":\"sensei-manager-d64c0.firebasestorage.app\"}","GCLOUD_PROJECT":"sensei-manager-d64c0","EVENTARC_CLOUD_EVENT_SOURCE":"projects/sensei-manager-d64c0/locations/us-central1/services/criarCobrancaPix","FUNCTION_TARGET":"criarCobrancaPix","LOG_EXECUTION_ID":"true"},"ingressSettings":"ALLOW_ALL","serviceAccountEmail":"376094928692-compute@developer.gserviceaccount.com","availableMemory":"256Mi","secretEnvironmentVariables":[{"key":"ASAAS_API_KEY","projectId":"sensei-manager-d64c0","secret":"ASAAS_API_KEY","version":"1"}],"maxInstanceRequestConcurrency":80,"availableCpu":"1"},"state":"UNKNOWN","labels":{"deployment-callable":"true","firebase-functions-hash":"bbc2f0e50f837243b6332780cdd9814ce9042c3a"},"stateMessages":[{"severity":"ERROR","type":"CloudRunServiceNotFound","message":"Cloud Run service projects/sensei-manager-d64c0/locations/us-central1/services/criarcobrancapix for the function was not found. The function will not work correctly. Please redeploy."}],"environment":"GEN_2","url":"https://us-central1-sensei-manager-d64c0.cloudfunctions.net/criarCobrancaPix","satisfiesPzi":true},"stages":[{"name":"SERVICE","state":"NOT_STARTED"}],"operationType":"UPDATE_FUNCTION"},"done":true,"error":{"code":13,"message":"Build failed with status: FAILURE and message: An unexpected error occurred. Refer to build logs: https://console.cloud.google.com/cloud-build/builds;region=us-central1/135952d7-ac45-477e-803d-5d02cdc6a926?project=376094928692. For more details see the logs at https://console.cloud.google.com/cloud-build/builds;region=us-central1/135952d7-ac45-477e-803d-5d02cdc6a926?project=376094928692."}}
[debug] [2026-08-20T10:01:32.325Z] Got source token undefined for region us-central1
[error] Build failed with status: FAILURE and message: An unexpected error occurred. Refer to build logs: https://console.cloud.google.com/cloud-build/builds;region=us-central1/135952d7-ac45-477e-803d-5d02cdc6a926?project=376094928692. For more details see the logs at https://console.cloud.google.com/cloud-build/builds;region=us-central1/135952d7-ac45-477e-803d-5d02cdc6a926?project=376094928692.
[debug] [2026-08-20T10:01:33.213Z] <<< [apiv2][status] GET https://cloudfunctions.googleapis.com/v2/projects/sensei-manager-d64c0/locations/us-central1/operations/operation-1787220048253-65977981c9422-7a45c1e9-87e740ea 200
[debug] [2026-08-20T10:01:33.213Z] <<< [apiv2][body] GET https://cloudfunctions.googleapis.com/v2/projects/sensei-manager-d64c0/locations/us-central1/operations/operation-1787220048253-65977981c9422-7a45c1e9-87e740ea {"name":"projects/sensei-manager-d64c0/locations/us-central1/operations/operation-1787220048253-65977981c9422-7a45c1e9-87e740ea","metadata":{"@type":"type.googleapis.com/google.cloud.functions.v2.OperationMetadata","createTime":"2026-08-20T10:00:49.261922776Z","endTime":"2026-08-20T10:01:31.896252922Z","target":"projects/sensei-manager-d64c0/locations/us-central1/functions/webhookAsaas","verb":"update","cancelRequested":false,"apiVersion":"v2","requestResource":{"@type":"type.googleapis.com/google.cloud.functions.v2.Function","name":"projects/sensei-manager-d64c0/locations/us-central1/functions/webhookAsaas","buildConfig":{"runtime":"nodejs20","entryPoint":"webhookAsaas","source":{"storageSource":{"bucket":"gcf-v2-sources-376094928692-us-central1","object":"webhookAsaas/function-source.zip","generation":"1787220049193651"}},"environmentVariables":{"GOOGLE_NODE_RUN_SCRIPTS":""},"dockerRepository":"projects/sensei-manager-d64c0/locations/us-central1/repositories/gcf-artifacts","sourceProvenance":{"resolvedStorageSource":{"bucket":"gcf-v2-sources-376094928692-us-central1","object":"webhookAsaas/function-source.zip","generation":"1786989867148965"}},"dockerRegistry":"ARTIFACT_REGISTRY","serviceAccount":"projects/sensei-manager-d64c0/serviceAccounts/376094928692-compute@developer.gserviceaccount.com","automaticUpdatePolicy":{}},"serviceConfig":{"service":"projects/sensei-manager-d64c0/locations/us-central1/services/webhookasaas","timeoutSeconds":60,"environmentVariables":{"FIREBASE_CONFIG":"{\"projectId\":\"sensei-manager-d64c0\",\"storageBucket\":\"sensei-manager-d64c0.firebasestorage.app\"}","GCLOUD_PROJECT":"sensei-manager-d64c0","EVENTARC_CLOUD_EVENT_SOURCE":"projects/sensei-manager-d64c0/locations/us-central1/services/webhookAsaas","FUNCTION_TARGET":"webhookAsaas","LOG_EXECUTION_ID":"true"},"ingressSettings":"ALLOW_ALL","serviceAccountEmail":"376094928692-compute@developer.gserviceaccount.com","availableMemory":"256Mi","secretEnvironmentVariables":[{"key":"ASAAS_WEBHOOK_TOKEN","projectId":"sensei-manager-d64c0","secret":"ASAAS_WEBHOOK_TOKEN","version":"1"}],"maxInstanceRequestConcurrency":80,"availableCpu":"1"},"state":"UNKNOWN","labels":{"firebase-functions-hash":"57636b5a224fd2a5e0f1d825b2658881cd8fdb30"},"stateMessages":[{"severity":"ERROR","type":"CloudRunServiceNotFound","message":"Cloud Run service projects/sensei-manager-d64c0/locations/us-central1/services/webhookasaas for the function was not found. The function will not work correctly. Please redeploy."}],"environment":"GEN_2","url":"https://us-central1-sensei-manager-d64c0.cloudfunctions.net/webhookAsaas","satisfiesPzi":true},"stages":[{"name":"SERVICE","state":"NOT_STARTED"}],"operationType":"UPDATE_FUNCTION"},"done":true,"error":{"code":13,"message":"Build failed with status: FAILURE and message: An unexpected error occurred. Refer to build logs: https://console.cloud.google.com/cloud-build/builds;region=us-central1/29df92fd-14a7-4b5e-aab8-12cf1506ce64?project=376094928692. For more details see the logs at https://console.cloud.google.com/cloud-build/builds;region=us-central1/29df92fd-14a7-4b5e-aab8-12cf1506ce64?project=376094928692."}}
[debug] [2026-08-20T10:01:33.213Z] Got source token undefined for region us-central1
[error] Build failed with status: FAILURE and message: An unexpected error occurred. Refer to build logs: https://console.cloud.google.com/cloud-build/builds;region=us-central1/29df92fd-14a7-4b5e-aab8-12cf1506ce64?project=376094928692. For more details see the logs at https://console.cloud.google.com/cloud-build/builds;region=us-central1/29df92fd-14a7-4b5e-aab8-12cf1506ce64?project=376094928692.
[debug] [2026-08-20T10:01:41.881Z] [update-default-us-central1-verificarStatusAsaas] Retrying task index 0
[debug] [2026-08-20T10:01:41.882Z] Checked if tokens are valid: true, expires at: 1787222614580
[debug] [2026-08-20T10:01:41.882Z] Checked if tokens are valid: true, expires at: 1787222614580
[debug] [2026-08-20T10:01:41.882Z] >>> [apiv2][query] GET https://cloudfunctions.googleapis.com/v2/projects/sensei-manager-d64c0/locations/us-central1/operations/operation-1787220048148-65977981af7e1-22da729f-9d1c9d9c [none]
[debug] [2026-08-20T10:01:43.145Z] <<< [apiv2][status] GET https://cloudfunctions.googleapis.com/v2/projects/sensei-manager-d64c0/locations/us-central1/operations/operation-1787220048148-65977981af7e1-22da729f-9d1c9d9c 200
[debug] [2026-08-20T10:01:43.145Z] <<< [apiv2][body] GET https://cloudfunctions.googleapis.com/v2/projects/sensei-manager-d64c0/locations/us-central1/operations/operation-1787220048148-65977981af7e1-22da729f-9d1c9d9c {"name":"projects/sensei-manager-d64c0/locations/us-central1/operations/operation-1787220048148-65977981af7e1-22da729f-9d1c9d9c","metadata":{"@type":"type.googleapis.com/google.cloud.functions.v2.OperationMetadata","createTime":"2026-08-20T10:00:49.133753648Z","endTime":"2026-08-20T10:01:36.453701460Z","target":"projects/sensei-manager-d64c0/locations/us-central1/functions/verificarStatusAsaas","verb":"update","cancelRequested":false,"apiVersion":"v2","requestResource":{"@type":"type.googleapis.com/google.cloud.functions.v2.Function","name":"projects/sensei-manager-d64c0/locations/us-central1/functions/verificarStatusAsaas","buildConfig":{"runtime":"nodejs20","entryPoint":"verificarStatusAsaas","source":{"storageSource":{"bucket":"gcf-v2-sources-376094928692-us-central1","object":"verificarStatusAsaas/function-source.zip","generation":"1787220049073370"}},"environmentVariables":{"GOOGLE_NODE_RUN_SCRIPTS":""},"dockerRepository":"projects/sensei-manager-d64c0/locations/us-central1/repositories/gcf-artifacts","sourceProvenance":{"resolvedStorageSource":{"bucket":"gcf-v2-sources-376094928692-us-central1","object":"verificarStatusAsaas/function-source.zip","generation":"1786989866286603"}},"dockerRegistry":"ARTIFACT_REGISTRY","serviceAccount":"projects/sensei-manager-d64c0/serviceAccounts/376094928692-compute@developer.gserviceaccount.com","automaticUpdatePolicy":{}},"serviceConfig":{"service":"projects/sensei-manager-d64c0/locations/us-central1/services/verificarstatusasaas","timeoutSeconds":60,"environmentVariables":{"FIREBASE_CONFIG":"{\"projectId\":\"sensei-manager-d64c0\",\"storageBucket\":\"sensei-manager-d64c0.firebasestorage.app\"}","GCLOUD_PROJECT":"sensei-manager-d64c0","EVENTARC_CLOUD_EVENT_SOURCE":"projects/sensei-manager-d64c0/locations/us-central1/services/verificarStatusAsaas","FUNCTION_TARGET":"verificarStatusAsaas","LOG_EXECUTION_ID":"true"},"ingressSettings":"ALLOW_ALL","serviceAccountEmail":"376094928692-compute@developer.gserviceaccount.com","availableMemory":"256Mi","secretEnvironmentVariables":[{"key":"ASAAS_API_KEY","projectId":"sensei-manager-d64c0","secret":"ASAAS_API_KEY","version":"1"}],"maxInstanceRequestConcurrency":80,"availableCpu":"1"},"state":"UNKNOWN","labels":{"deployment-callable":"true","firebase-functions-hash":"bbc2f0e50f837243b6332780cdd9814ce9042c3a"},"stateMessages":[{"severity":"ERROR","type":"CloudRunServiceNotFound","message":"Cloud Run service projects/sensei-manager-d64c0/locations/us-central1/services/verificarstatusasaas for the function was not found. The function will not work correctly. Please redeploy."}],"environment":"GEN_2","url":"https://us-central1-sensei-manager-d64c0.cloudfunctions.net/verificarStatusAsaas","satisfiesPzi":true},"stages":[{"name":"SERVICE","state":"NOT_STARTED"}],"operationType":"UPDATE_FUNCTION"},"done":true,"error":{"code":13,"message":"Build failed with status: FAILURE and message: An unexpected error occurred. Refer to build logs: https://console.cloud.google.com/cloud-build/builds;region=us-central1/e320e4ba-4d68-4704-bd3d-4a272d02ed73?project=376094928692. For more details see the logs at https://console.cloud.google.com/cloud-build/builds;region=us-central1/e320e4ba-4d68-4704-bd3d-4a272d02ed73?project=376094928692."}}
[debug] [2026-08-20T10:01:43.146Z] Got source token undefined for region us-central1
[error] Build failed with status: FAILURE and message: An unexpected error occurred. Refer to build logs: https://console.cloud.google.com/cloud-build/builds;region=us-central1/e320e4ba-4d68-4704-bd3d-4a272d02ed73?project=376094928692. For more details see the logs at https://console.cloud.google.com/cloud-build/builds;region=us-central1/e320e4ba-4d68-4704-bd3d-4a272d02ed73?project=376094928692.
[warn] ⚠  functions: Deploys failed. Skipping deletes. 
[debug] [2026-08-20T10:01:43.154Z] Total Function Deployment time: 102441
[debug] [2026-08-20T10:01:43.154Z] 4 Functions Deployed
[debug] [2026-08-20T10:01:43.154Z] 4 Functions Errored
[debug] [2026-08-20T10:01:43.154Z] 0 Function Deployments Aborted
[debug] [2026-08-20T10:01:43.154Z] Average Function Deployment time: 83274.5
[info] 
[info] Functions deploy had errors with the following functions:
	criarCobrancaPix(us-central1)
	criarSubcontaAcademia(us-central1)
	verificarStatusAsaas(us-central1)
	webhookAsaas(us-central1)
[debug] [2026-08-20T10:01:43.326Z] Not printing URL for HTTPS function. Typically this means it didn't match a filter or we failed deployment
[debug] [2026-08-20T10:01:43.326Z] Checked if tokens are valid: true, expires at: 1787222614580
[debug] [2026-08-20T10:01:43.326Z] Checked if tokens are valid: true, expires at: 1787222614580
[debug] [2026-08-20T10:01:43.326Z] >>> [apiv2][query] GET https://artifactregistry.googleapis.com/v1/projects/sensei-manager-d64c0/locations/us-central1/repositories/gcf-artifacts [none]
[debug] [2026-08-20T10:01:44.553Z] <<< [apiv2][status] GET https://artifactregistry.googleapis.com/v1/projects/sensei-manager-d64c0/locations/us-central1/repositories/gcf-artifacts 200
[debug] [2026-08-20T10:01:44.553Z] <<< [apiv2][body] GET https://artifactregistry.googleapis.com/v1/projects/sensei-manager-d64c0/locations/us-central1/repositories/gcf-artifacts {"name":"projects/sensei-manager-d64c0/locations/us-central1/repositories/gcf-artifacts","format":"DOCKER","description":"This repository is created and used by Cloud Functions for storing function docker images.","labels":{"goog-managed-by":"cloudfunctions"},"createTime":"2026-08-17T18:03:51.496633Z","updateTime":"2026-08-17T18:06:20.012547Z","mode":"STANDARD_REPOSITORY","cleanupPolicies":{"firebase-functions-cleanup":{"id":"firebase-functions-cleanup","action":"DELETE","condition":{"tagState":"ANY","olderThan":"86400s"}}},"vulnerabilityScanningConfig":{"lastEnableTime":"2026-08-17T18:03:42.381503507Z","enablementState":"SCANNING_DISABLED","enablementStateReason":"API containerscanning.googleapis.com is not enabled."},"satisfiesPzi":true,"registryUri":"us-central1-docker.pkg.dev/sensei-manager-d64c0/gcf-artifacts"}
[debug] [2026-08-20T10:01:44.553Z] Functions deploy failed.
[debug] [2026-08-20T10:01:44.553Z] {
  "endpoint": {
    "id": "criarSubcontaAcademia",
    "project": "sensei-manager-d64c0",
    "region": "us-central1",
    "entryPoint": "criarSubcontaAcademia",
    "platform": "gcfv2",
    "runtime": "nodejs20",
    "callableTrigger": {},
    "labels": {
      "deployment-tool": "cli-firebase"
    },
    "secretEnvironmentVariables": [
      {
        "key": "ASAAS_API_KEY",
        "secret": "ASAAS_API_KEY",
        "projectId": "sensei-manager-d64c0",
        "version": "1"
      }
    ],
    "serviceAccount": null,
    "ingressSettings": null,
    "availableMemoryMb": null,
    "timeoutSeconds": null,
    "maxInstances": null,
    "minInstances": null,
    "concurrency": 80,
    "vpc": null,
    "environmentVariables": {
      "FIREBASE_CONFIG": "{\"projectId\":\"sensei-manager-d64c0\",\"storageBucket\":\"sensei-manager-d64c0.firebasestorage.app\"}",
      "GCLOUD_PROJECT": "sensei-manager-d64c0",
      "EVENTARC_CLOUD_EVENT_SOURCE": "projects/sensei-manager-d64c0/locations/us-central1/services/criarSubcontaAcademia"
    },
    "codebase": "default",
    "securityLevel": "SECURE_ALWAYS",
    "cpu": 1,
    "targetedByOnly": false,
    "hash": "bbc2f0e50f837243b6332780cdd9814ce9042c3a"
  },
  "op": "update",
  "original": {
    "name": "FirebaseError",
    "children": [],
    "exit": 1,
    "message": "Build failed with status: FAILURE. Could not build the function due to a missing permission on the build service account. If you didn't revoke that permission explicitly, this could be caused by a change in the organization policies. Please refer to the following documentation for more details and resolution: https://cloud.google.com/functions/docs/troubleshooting#build-service-account\n You can also view the logs at https://console.cloud.google.com/cloud-build/builds;region=us-central1/5ecef68a-7831-4574-b250-58a873b844d2?project=376094928692.\n",
    "original": {
      "code": 3,
      "message": "Build failed with status: FAILURE. Could not build the function due to a missing permission on the build service account. If you didn't revoke that permission explicitly, this could be caused by a change in the organization policies. Please refer to the following documentation for more details and resolution: https://cloud.google.com/functions/docs/troubleshooting#build-service-account\n You can also view the logs at https://console.cloud.google.com/cloud-build/builds;region=us-central1/5ecef68a-7831-4574-b250-58a873b844d2?project=376094928692.\n"
    },
    "status": 3,
    "code": 3
  }
}
[debug] [2026-08-20T10:01:44.553Z] {
  "endpoint": {
    "id": "verificarStatusAsaas",
    "project": "sensei-manager-d64c0",
    "region": "us-central1",
    "entryPoint": "verificarStatusAsaas",
    "platform": "gcfv2",
    "runtime": "nodejs20",
    "callableTrigger": {},
    "labels": {
      "deployment-tool": "cli-firebase"
    },
    "secretEnvironmentVariables": [
      {
        "key": "ASAAS_API_KEY",
        "secret": "ASAAS_API_KEY",
        "projectId": "sensei-manager-d64c0",
        "version": "1"
      }
    ],
    "serviceAccount": null,
    "ingressSettings": null,
    "availableMemoryMb": null,
    "timeoutSeconds": null,
    "maxInstances": null,
    "minInstances": null,
    "concurrency": 80,
    "vpc": null,
    "environmentVariables": {
      "FIREBASE_CONFIG": "{\"projectId\":\"sensei-manager-d64c0\",\"storageBucket\":\"sensei-manager-d64c0.firebasestorage.app\"}",
      "GCLOUD_PROJECT": "sensei-manager-d64c0",
      "EVENTARC_CLOUD_EVENT_SOURCE": "projects/sensei-manager-d64c0/locations/us-central1/services/verificarStatusAsaas"
    },
    "codebase": "default",
    "securityLevel": "SECURE_ALWAYS",
    "cpu": 1,
    "targetedByOnly": false,
    "hash": "bbc2f0e50f837243b6332780cdd9814ce9042c3a"
  },
  "op": "update",
  "original": {
    "name": "FirebaseError",
    "children": [],
    "exit": 1,
    "message": "Build failed with status: FAILURE and message: An unexpected error occurred. Refer to build logs: https://console.cloud.google.com/cloud-build/builds;region=us-central1/e320e4ba-4d68-4704-bd3d-4a272d02ed73?project=376094928692. For more details see the logs at https://console.cloud.google.com/cloud-build/builds;region=us-central1/e320e4ba-4d68-4704-bd3d-4a272d02ed73?project=376094928692.",
    "original": {
      "code": 13,
      "message": "Build failed with status: FAILURE and message: An unexpected error occurred. Refer to build logs: https://console.cloud.google.com/cloud-build/builds;region=us-central1/e320e4ba-4d68-4704-bd3d-4a272d02ed73?project=376094928692. For more details see the logs at https://console.cloud.google.com/cloud-build/builds;region=us-central1/e320e4ba-4d68-4704-bd3d-4a272d02ed73?project=376094928692."
    },
    "status": 13,
    "code": 13
  }
}
[debug] [2026-08-20T10:01:44.553Z] {
  "endpoint": {
    "id": "criarCobrancaPix",
    "project": "sensei-manager-d64c0",
    "region": "us-central1",
    "entryPoint": "criarCobrancaPix",
    "platform": "gcfv2",
    "runtime": "nodejs20",
    "callableTrigger": {},
    "labels": {
      "deployment-tool": "cli-firebase"
    },
    "secretEnvironmentVariables": [
      {
        "key": "ASAAS_API_KEY",
        "secret": "ASAAS_API_KEY",
        "projectId": "sensei-manager-d64c0",
        "version": "1"
      }
    ],
    "serviceAccount": null,
    "ingressSettings": null,
    "availableMemoryMb": null,
    "timeoutSeconds": null,
    "maxInstances": null,
    "minInstances": null,
    "concurrency": 80,
    "vpc": null,
    "environmentVariables": {
      "FIREBASE_CONFIG": "{\"projectId\":\"sensei-manager-d64c0\",\"storageBucket\":\"sensei-manager-d64c0.firebasestorage.app\"}",
      "GCLOUD_PROJECT": "sensei-manager-d64c0",
      "EVENTARC_CLOUD_EVENT_SOURCE": "projects/sensei-manager-d64c0/locations/us-central1/services/criarCobrancaPix"
    },
    "codebase": "default",
    "securityLevel": "SECURE_ALWAYS",
    "cpu": 1,
    "targetedByOnly": false,
    "hash": "bbc2f0e50f837243b6332780cdd9814ce9042c3a"
  },
  "op": "update",
  "original": {
    "name": "FirebaseError",
    "children": [],
    "exit": 1,
    "message": "Build failed with status: FAILURE and message: An unexpected error occurred. Refer to build logs: https://console.cloud.google.com/cloud-build/builds;region=us-central1/135952d7-ac45-477e-803d-5d02cdc6a926?project=376094928692. For more details see the logs at https://console.cloud.google.com/cloud-build/builds;region=us-central1/135952d7-ac45-477e-803d-5d02cdc6a926?project=376094928692.",
    "original": {
      "code": 13,
      "message": "Build failed with status: FAILURE and message: An unexpected error occurred. Refer to build logs: https://console.cloud.google.com/cloud-build/builds;region=us-central1/135952d7-ac45-477e-803d-5d02cdc6a926?project=376094928692. For more details see the logs at https://console.cloud.google.com/cloud-build/builds;region=us-central1/135952d7-ac45-477e-803d-5d02cdc6a926?project=376094928692."
    },
    "status": 13,
    "code": 13
  }
}
[debug] [2026-08-20T10:01:44.554Z] {
  "endpoint": {
    "id": "webhookAsaas",
    "project": "sensei-manager-d64c0",
    "region": "us-central1",
    "entryPoint": "webhookAsaas",
    "platform": "gcfv2",
    "runtime": "nodejs20",
    "httpsTrigger": {},
    "labels": {
      "deployment-tool": "cli-firebase"
    },
    "secretEnvironmentVariables": [
      {
        "key": "ASAAS_WEBHOOK_TOKEN",
        "secret": "ASAAS_WEBHOOK_TOKEN",
        "projectId": "sensei-manager-d64c0",
        "version": "1"
      }
    ],
    "serviceAccount": null,
    "ingressSettings": null,
    "availableMemoryMb": null,
    "timeoutSeconds": null,
    "maxInstances": null,
    "minInstances": null,
    "concurrency": 80,
    "vpc": null,
    "environmentVariables": {
      "FIREBASE_CONFIG": "{\"projectId\":\"sensei-manager-d64c0\",\"storageBucket\":\"sensei-manager-d64c0.firebasestorage.app\"}",
      "GCLOUD_PROJECT": "sensei-manager-d64c0",
      "EVENTARC_CLOUD_EVENT_SOURCE": "projects/sensei-manager-d64c0/locations/us-central1/services/webhookAsaas"
    },
    "codebase": "default",
    "securityLevel": "SECURE_ALWAYS",
    "cpu": 1,
    "targetedByOnly": false,
    "hash": "57636b5a224fd2a5e0f1d825b2658881cd8fdb30"
  },
  "op": "update",
  "original": {
    "name": "FirebaseError",
    "children": [],
    "exit": 1,
    "message": "Build failed with status: FAILURE and message: An unexpected error occurred. Refer to build logs: https://console.cloud.google.com/cloud-build/builds;region=us-central1/29df92fd-14a7-4b5e-aab8-12cf1506ce64?project=376094928692. For more details see the logs at https://console.cloud.google.com/cloud-build/builds;region=us-central1/29df92fd-14a7-4b5e-aab8-12cf1506ce64?project=376094928692.",
    "original": {
      "code": 13,
      "message": "Build failed with status: FAILURE and message: An unexpected error occurred. Refer to build logs: https://console.cloud.google.com/cloud-build/builds;region=us-central1/29df92fd-14a7-4b5e-aab8-12cf1506ce64?project=376094928692. For more details see the logs at https://console.cloud.google.com/cloud-build/builds;region=us-central1/29df92fd-14a7-4b5e-aab8-12cf1506ce64?project=376094928692."
    },
    "status": 13,
    "code": 13
  }
}
[error] Error: There was an error deploying functions:
[error] - Error Failed to update function criarSubcontaAcademia in region us-central1
[error] - Error Failed to update function verificarStatusAsaas in region us-central1
[error] - Error Failed to update function criarCobrancaPix in region us-central1
[error] - Error Failed to update function webhookAsaas in region us-central1
